Time (s),Data
0.0,0.04081838242770365
2.08e-05,-0.051113300626283636
4.16e-05,0.008361976934515578
6.24e-05,-0.011355392122558596
8.32e-05,-0.009052985842208917
0.00010400000000000001,-0.0043119432617953184
0.0001248,-0.04039972258294502
0.00014560000000000002,-0.004638647552883789
0.0001664,-0.017304261525498833
0.0001872,0.06645999033289765
0.00020800000000000001,0.004515732264558436
0.0002288,-0.007052615886831908
0.0002496,-0.005625748363027008
0.0002704,-0.013360926922179002
0.00029120000000000003,-0.021103011024102426
0.000312,-0.007816019544693095
0.0003328,0.009638907770135718
0.00035360000000000003,-0.004771072131467334
0.0003744,0.01915517405919528
0.0003952,-0.0039960425813316
0.00041600000000000003,0.00048519130153329247
0.0004368,0.03091641702425624
0.0004576,0.01090211045375289
0.00047840000000000003,-0.010104574712280361
0.0004992,-0.003656779491954698
0.0005200000000000001,0.010810502635096043
0.0005408,0.03870176068197705
0.0005616,-0.00539240654683827
0.0005824000000000001,-0.004871173581582091
0.0006032,0.020046272025513824
0.000624,-0.017729198863211743
0.0006448000000000001,-0.00583440464879728
0.0006656,0.01765077934912968
0.0006864,0.011607000323817982
0.0007072000000000001,0.0018303340656470439
0.000728,0.01340208709656959
0.0007488,-0.05656324613687525
0.0007696000000000001,0.020426136350001598
0.0007904,-0.019192895196162834
0.0008112,-0.03337239685311939
0.0008320000000000001,0.005528915190419993
0.0008528,0.014010897706987801
0.0008736,-0.008895349113655682
0.0008944000000000001,-0.021528116802016155
0.0009152,0.0005224966706806725
0.000936,-0.0010549461648575854
0.0009568000000000001,0.028111963320361852
0.0009776000000000001,0.01494815974958701
0.0009984,0.0038763129252924002
0.0010192,0.022232664104479844
0.0010400000000000001,-0.004110460998115849
0.0010608,-0.01851799147296736
0.0010816,0.01168116622050496
0.0011024000000000001,0.011650768373113803
0.0011232,-0.004296578222537116
0.001144,-0.015656171559279324
0.0011648000000000001,0.004583078104265251
0.0011856,-0.04987788556915981
0.0012064,0.01380249540325624
0.0012272000000000001,0.009827365214899823
0.001248,-0.03277714287780977
0.0012688,0.0012270701967634317
0.0012896000000000001,-0.019281993270824808
0.0013104,0.015144420895163008
0.0013312,-0.04068334546886856
0.0013520000000000001,-0.018289890759891774
0.0013728,0.014191599754841352
0.0013936,0.02312802096864314
0.0014144000000000001,-0.04316010760252416
0.0014352,-0.009960796895026068
0.001456,0.00656040185085154
0.0014768000000000001,-0.012184322758997413
0.0014976,0.031812804626462875
0.0015184,-0.023824533632355618
0.0015392000000000001,0.00709063892573852
0.00156,-0.020968110370890223
0.0015808,0.028119258862697706
0.0016016000000000001,-0.0004330245811111674
0.0016224,-0.0074450112800123185
0.0016432,-0.03436369899465233
0.0016640000000000001,0.03363651090133361
0.0016848,0.015055571853947751
0.0017056,0.01507127675018724
0.0017264000000000001,0.02275762517835563
0.0017472,0.006984531562460586
0.001768,-0.012784932211528424
0.0017888000000000001,-0.016004824540602036
0.0018096,-0.0160039995872201
0.0018304,0.027401446826674235
0.0018512000000000001,-0.029207624023908255
0.001872,-0.011927390235415777
0.0018928,-0.006424878385723911
0.0019136000000000001,0.004492380506981883
0.0019344,0.011506987770156178
0.0019552000000000003,-0.024981940181910856
0.001976,-0.03460026902545044
0.0019968,-8.828465243934974e-05
0.0020176,0.024271276505721633
0.0020384,0.015141161185930485
0.0020592,0.004313015673999209
0.0020800000000000003,-0.006343112880347104
0.0021008,0.005864673916004493
0.0021216,-0.0048667017148435136
0.0021424,0.0163441316098519
0.0021632,-0.01588894677773764
0.002184,0.0026847989417267764
0.0022048000000000002,-0.0022156027222318807
0.0022256,0.010867187790603049
0.0022464,0.004492770472987538
0.0022672,0.05100069272615812
0.002288,0.02997309516270966
0.0023088,0.029934743310370215
0.0023296000000000002,-0.04079007675189285
0.0023504,-0.006806332494047546
0.0023712,-0.012172212318258598
0.002392,0.010654431997780784
0.0024128,-0.04558052978110654
0.0024336,0.023489973580183753
0.0024544000000000002,0.021339666217906283
0.0024752,-0.026041417164915894
0.002496,-0.019570970572428254
0.0025168,-0.016023440215623633
0.0025376,0.0008659180056628998
0.0025584,0.01281942129378942
0.0025792000000000002,0.040957721107146655
0.0026,-0.003948908597753419
0.0026208,0.01535005117807239
0.0026416,0.0031083562011886934
0.0026624,0.035198525678165074
0.0026832,0.014843157224231376
0.0027040000000000002,0.02737100901748959
0.0027248000000000003,-0.021553503795669254
0.0027456,-0.0038448142305190208
0.0027664,-0.016275448436840808
0.0027872,0.030098948080166145
0.002808,0.013152798076355457
0.0028288000000000002,-0.006102888515550322
0.0028496000000000003,-0.009049357741408028
0.0028704,0.009693297564134031
0.0028912,-0.014029910603591069
0.002912,-0.01861177752424311
0.0029328,0.009625489845430647
0.0029536000000000002,0.04926264064210452
0.0029744000000000003,-0.004922671081296266
0.0029952,-0.011117315615871091
0.003016,-0.02342313668051086
0.0030368,-0.026700219151187653
0.0030576,0.01049966469128452
0.0030784000000000002,0.017016060655571052
0.0030992000000000003,0.000183494417649804
0.00312,0.006651519773524168
0.0031408,0.0023183315501420793
0.0031616,0.0027730969209444167
0.0031824,-0.03052318105165695
0.0032032000000000002,-0.009162365460984423
0.0032240000000000003,0.0022295861517989545
0.0032448,-0.01566333561127371
0.0032656,-0.00952859487719635
0.0032864,-0.01638240360655469
0.0033072,-0.006669933483968826
0.0033280000000000002,0.017062165486502717
0.0033488000000000003,-0.008131607013111964
0.0033696,-0.0030774136039420953
0.0033904,0.01627436718876236
0.0034112,0.012895404283138326
0.003432,0.03390415117919266
0.0034528000000000002,-0.041809701562571765
0.0034736000000000003,0.01713717889046212
0.0034944,-0.009645681735461644
0.0035152,0.0026938363763576167
0.003536,0.01675438769798128
0.0035568,0.021665063113826894
0.0035776000000000002,0.02078701380617672
0.0035984000000000003,0.003102133821565055
0.0036192,0.03219325366036628
0.00364,-0.005659484544322734
0.0036608,-0.0028196382614157347
0.0036816,0.015987023777881724
0.0037024000000000002,-0.011027448159609274
0.0037232000000000003,0.043218125174024936
0.003744,0.02038413130709244
0.0037648,0.04351150645240787
0.0037856,-0.000531783743115596
0.0038064,-0.007661771005226144
0.0038272000000000002,0.0033409600433385116
0.0038480000000000003,0.014691530052123813
0.0038688,-0.01174855373748023
0.0038896,0.007594034939448949
0.0039104000000000005,-0.00033608557841668517
0.0039312,0.03231363521152888
0.003952,-0.013254036246017314
0.0039728,0.020923235434574382
0.0039936,-0.012877270710800175
0.0040144,-0.019212683862148448
0.0040352,-0.014205988547512465
0.004056000000000001,-0.023803717236844945
0.0040768,0.002927007201329042
0.0040976,0.020625215921573292
0.0041184,0.003286297570695966
0.0041392,0.012486502243697514
0.0041600000000000005,0.032643483911502645
0.0041808,0.005400528943577033
0.0042016,0.003903247219261892
0.0042224,-0.005501229359205493
0.0042432,-0.03216484570022565
0.004264,0.015194778637361675
0.0042848,-0.03512920895251958
0.004305600000000001,0.013053528727676563
0.0043264,-0.0002864067146790881
0.0043472,0.022535629016208696
0.004368,-0.00135540521020924
0.0043888,-0.016464003159153338
0.0044096000000000005,0.007158205335051718
0.0044304,-0.011204722714162523
0.0044512,-0.003619136493236274
0.004472,0.000837415737240006
0.0044928,-0.0026909942349133864
0.0045136,-0.0037760454994763327
0.0045344,-0.016648899765741024
0.004555200000000001,-0.0037826756818562014
0.004576,-0.0427668121424204
0.0045968,-0.003146641904504611
0.0046176,-0.02396111971863844
0.0046384,0.022405273806940434
0.0046592000000000005,0.02539853494642507
0.00468,-0.039020515610425126
0.0047008,0.0028983358073177957
0.0047216,-0.0025272784433351208
0.0047424,-0.020934312601617374
0.0047632,0.010633062852979987
0.004784,-0.009233790893094913
0.0048048000000000006,-0.03535198191373208
0.0048256,-0.0053335330411393555
0.0048464,-0.0029650623660018955
0.0048672,0.0021286203648294873
0.004888,-0.024624659974655315
0.0049088000000000005,0.012313618538431787
0.0049296,0.014709141763977831
0.0049504,-0.022916545537098206
0.0049712,-0.013177111379663532
0.004992,-0.0016067462765871332
0.0050128,-0.011318506540247329
0.0050336,0.034875092196993716
0.0050544000000000006,0.004167442323164929
0.0050752,-0.020211640727083983
0.005096,-0.01576217855249564
0.0051168,-0.0011494051651144198
0.0051376,0.04591557616517217
0.0051584000000000005,-0.0035652864364613284
0.0051792,0.002549528384796123
0.0052,0.010280907563163511
0.0052208,-0.000802518725260834
0.0052416,0.04561321745133416
0.0052624,-0.010630498940503203
0.0052832,0.014884062502915718
0.0053040000000000006,0.0032087593796714226
0.0053248,0.012423927464328332
0.0053456,-0.023532859168394763
0.0053664,0.03536225390214382
0.0053872,-0.0024305501432692295
0.0054080000000000005,0.0006832652413503222
0.0054288,-0.018699525237375003
0.005449600000000001,-0.014593905363664988
0.0054704,0.011284788663360617
0.0054912,0.01972999772221359
0.005512,0.015065093815074686
0.0055328,0.024179404993771393
0.0055536000000000005,0.014289778243791944
0.0055744,0.0005692366671370337
0.0055952,0.01673051978889027
0.005616,0.011872064808159577
0.0056368,-0.0020115053308290202
0.0056576000000000005,0.01452145437080336
0.0056784,0.02571394789058138
0.005699200000000001,0.004691426478683998
0.00572,-0.007124101948616461
0.0057408,0.014374227459226436
0.0057616,0.03801443475665169
0.0057824,-0.004211240863248768
0.0058032000000000005,-0.0018461924423196338
0.005824,-0.0027279506406924924
0.0058448,0.024460348163259735
0.0058656,-0.036743965138263064
0.0058864,0.007316907414949224
0.0059072000000000005,0.023845278315217395
0.005928,-0.016267663418031306
0.005948800000000001,0.029779548163249445
0.0059696,0.010706180169405723
0.0059904,-0.010980718345100764
0.0060112,0.0040827963875544075
0.006032,-0.030689842425324087
0.0060528000000000005,-0.011311420723709494
0.0060736,0.036538076350986236
0.0060944,-0.017876080964766103
0.0061152,0.03689143463822337
0.006136,-0.0016314717638055015
0.0061568000000000005,0.01989325767952888
0.0061776,0.0008779404529894869
0.006198400000000001,-0.04482963087247321
0.0062192,-0.011453026219689981
0.00624,0.0037970719316277263
0.0062608,-0.023018994179161877
0.0062816,-0.026948214665451845
0.0063024000000000005,0.00732371707445851
0.0063232,-0.01298829999554936
0.006344,-0.03391654441961285
0.0063648,-0.01368230347212889
0.0063856,0.01721475146719455
0.0064064000000000005,-0.009474921401648696
0.0064272,0.018695451429037228
0.006448000000000001,0.030545455252996824
0.0064688,0.0006503080099103747
0.0064896,-0.022593666869307617
0.0065104,-0.026031301912796116
0.0065312,-0.0005250770837432603
0.0065520000000000005,0.017621113540164775
0.0065728,0.005380306566267136
0.0065936,0.010945143803764512
0.0066144,-0.008866835618106568
0.0066352,0.006008455182958716
0.0066560000000000005,-0.009426175317550451
0.0066768,-0.006512198070941685
0.006697600000000001,-0.02584492946638526
0.0067184,-0.03144425994449351
0.0067392,-0.009639133836778882
0.00676,-0.02215198681055573
0.0067808,-0.019174914402396475
0.0068016000000000005,0.013420949259307731
0.0068224,-0.0021416184294673446
0.006843200000000001,0.05828251776045094
0.006864,0.018526841508464422
0.0068848,-0.012663752303590979
0.0069056000000000005,0.015560146841898078
0.0069264,0.0071360777587997064
0.006947200000000001,-0.01371362159034667
0.006968,0.022051899341698784
0.0069888,-0.015506572157285224
0.0070096,-0.06116762504723215
0.0070304,0.015881295182797295
0.0070512000000000005,-0.012345182372355483
0.007072,0.029720749847090836
0.007092800000000001,-0.012993444134338023
0.0071136,-0.023627084935707185
0.0071344,0.03096923331883906
0.0071552000000000004,-0.021509966502707038
0.007176,0.004067873830051129
0.007196800000000001,0.028994543915934694
0.0072176,0.0022899468682178047
0.0072384,-0.0016116983063557274
0.0072592,0.0020484687447714666
0.00728,0.016781073044776645
0.0073008000000000005,-0.01613624319359591
0.0073216,0.012212819985915358
0.007342400000000001,0.011541508338789428
0.0073632,0.046654240507650845
0.007384,-0.006730510598570242
0.0074048000000000004,-0.018296597184008258
0.0074256,0.01471374046013324
0.007446400000000001,-0.007943144993484415
0.0074672,0.005782323327667572
0.007488,0.0026515304506050893
0.0075088,0.02336787922651211
0.0075296,-0.013136749703401215
0.0075504000000000005,-0.001845590577163249
0.0075712,-0.05104225298425859
0.007592000000000001,-0.017802277925588583
0.0076128,0.030726776230771097
0.0076336,-0.013630118292887215
0.0076544000000000004,-0.01402953635784911
0.0076752,-0.024358143639699997
0.007696000000000001,0.01159668579371842
0.0077168,0.0035598032674352526
0.0077376,-0.023737337192608433
0.0077584,0.013349007481786433
0.0077792,0.005202117596862943
0.0078000000000000005,0.015080667588643595
0.007820800000000001,-0.012829590168543833
0.0078416,0.03476017515471017
0.0078624,0.008197352118688238
0.0078832,-0.002337790339523969
0.007904,-0.010376685632146672
0.007924800000000001,-0.004896547433764373
0.0079456,0.017175839886390227
0.0079664,-0.00537933384196756
0.0079872,0.021562877474162256
0.008008,0.011613523451231803
0.0080288,0.0269299034762304
0.0080496,0.016282084567823506
0.0080704,-0.0012587853267166827
0.0080912,-0.03818679884313102
0.008112000000000001,0.005971411609941388
0.0081328,0.01578152065776814
0.0081536,0.0032578456277421826
0.0081744,0.011128634334998649
0.0081952,-0.009432401956948985
0.008216000000000001,-0.007609551639221016
0.0082368,-0.01884778087798114
0.0082576,0.027238008056451064
0.0082784,0.0031678852718624814
0.0082992,-0.009849721690953118
0.008320000000000001,-0.0266370501445928
0.0083408,-0.003066145524661313
0.0083616,0.02885262383925101
0.0083824,0.009238432928346318
0.0084032,-0.014490431460503451
0.008424000000000001,0.02858989920470402
0.0084448,0.02857020298996086
0.0084656,0.019615523424386067
0.0084864,0.01577633736536321
0.0085072,0.023113035601281324
0.008528,0.010865180926913165
0.0085488,0.015500016350482934
0.0085696,-0.015600506715625387
0.0085904,0.029991156213035525
0.008611200000000001,0.004623603800549525
0.008632,0.04048423615526731
0.0086528,-0.04084495947243271
0.0086736,0.01410817736264755
0.0086944,0.019629230809066877
0.008715200000000001,-0.006858652219029204
0.008736,0.00904888614950532
0.0087568,0.014966527966654859
0.0087776,0.011547630245897967
0.0087984,-0.010793185121691015
0.008819200000000001,-0.002838756599111309
0.00884,0.020380789335613565
0.0088608,0.025546401684381288
0.0088816,0.001979536872160614
0.0089024,0.0015406495808000865
0.008923200000000001,0.004009927074942813
0.008944,0.02075330419683761
0.0089648,-0.02108076935887366
0.0089856,-0.026581316678977868
0.0090064,0.0024862993237739638
0.0090272,-0.022130575360070265
0.009048,-0.011742189493301799
0.0090688,0.001725914765972709
0.0090896,0.009650098608311597
0.009110400000000001,-0.021441836709605394
0.0091312,0.016032108935104036
0.009152,-0.03547429244390273
0.0091728,0.010908320985515653
0.0091936,-0.03155463502318978
0.009214400000000001,-0.025498467843829628
0.0092352,0.012844438591547297
0.009256,-0.008127244470692659
0.0092768,-0.015911165955007182
0.0092976,-0.00889553518579463
0.009318400000000001,0.00930065188310743
0.0093392,-0.0010809359226073474
0.00936,-0.000587655509164905
0.0093808,0.021095528006135313
0.0094016,-0.01432781184446633
0.009422400000000001,-0.009438673571509723
0.0094432,-0.010448599576826327
0.009464,0.02337844321373313
0.0094848,0.01982811316156155
0.009505600000000001,0.0257415310873649
0.0095264,-0.0006750121404432069
0.0095472,-0.0031360510367728295
0.009568,0.01705545992055127
0.0095888,-0.00788823359681166
0.009609600000000001,0.01661332716749708
0.0096304,0.0144858550316021
0.0096512,-0.013966360263755945
0.009672,-0.0016638933848030343
0.0096928,-0.0023850198516174384
0.009713600000000001,0.0346668076025624
0.0097344,0.051756466781701496
0.0097552,-0.0019985449817047866
0.009776,0.00028129357817591915
0.0097968,-0.04563168909577758
0.009817600000000001,0.0042306459925968865
0.0098384,-0.00014065944649657675
0.0098592,-0.021456875835662564
0.00988,0.015711884655244444
0.0099008,-0.031315076224050366
0.009921600000000001,-0.004297059035969177
0.0099424,0.0027771352444618132
0.0099632,-0.024979998856300877
0.009984,0.01713481484413487
0.010004800000000001,0.021111234984446156
0.0100256,-0.027728417063469034
0.0100464,-0.02815677197171725
0.0100672,0.012045189674581845
0.010088,-0.0006099400678196477
0.010108800000000001,-0.024228062794389646
0.0101296,-0.005904534657407116
0.0101504,-0.0021503336125852385
0.0101712,-0.0028607786751551653
0.010192,0.016549772975873008
0.010212800000000001,0.007683964997493373
0.0102336,0.035389276125205295
0.0102544,0.027487209840254274
0.0102752,0.013569475445860409
0.010296,0.021541587492589432
0.010316800000000001,0.026476393415590414
0.0103376,0.014119896734797934
0.0103584,-0.02451484557947673
0.0103792,0.017188343230086403
0.0104,0.0014454517399968953
0.010420800000000001,0.03237622007098296
0.0104416,0.0018694837321202177
0.0104624,0.010519849014514774
0.0104832,0.0065927981216651055
0.010504000000000001,0.03362451009473794
0.0105248,0.003543646363383711
0.0105456,-0.005390798027089663
0.0105664,0.006181835995051352
0.0105872,-0.00879016535158959
0.010608000000000001,0.0032407847391372735
0.0106288,-0.00014944061174028178
0.0106496,0.0054324513100008475
0.0106704,0.03846568073661179
0.0106912,-0.00811381141201751
0.010712000000000001,0.0007394641494905703
0.0107328,-0.003989834950281417
0.0107536,0.013452230803175426
0.0107744,-0.023631492664589842
0.0107952,-0.013854589699191164
0.010816000000000001,-0.0007897920404954649
0.0108368,0.01092295700574632
0.0108576,-0.000925624209518794
0.0108784,-0.010005725428277561
0.010899200000000001,-0.017336548075427477
0.010920000000000001,0.010235052687712506
0.0109408,0.028843971855236416
0.0109616,0.006457509842725714
0.0109824,0.003762700504642821
0.011003200000000001,0.00887746012493147
0.011024,-0.018853058332365495
0.0110448,-0.006233497718363127
0.0110656,-0.0053585284240224495
0.0110864,0.00590480905263867
0.011107200000000001,-0.0006405138119903555
0.011128,-0.024328001039198747
0.0111488,0.022504581101501886
0.0111696,0.033848168889909575
0.0111904,-0.005263942279597138
0.011211200000000001,0.007976817785294887
0.011232,0.005343231639722155
0.0112528,0.01569327232626342
0.0112736,-0.029595661959090084
0.0112944,0.032260194475439014
0.011315200000000001,-0.009357046623828469
0.011336,0.025284522846008982
0.0113568,0.0016134228908644033
0.0113776,-0.007791112683308037
0.011398400000000001,-0.0028090539773989714
0.011419200000000001,0.017943458916480377
0.01144,-0.017265522582560415
0.0114608,-0.007503558281147319
0.0114816,-0.009643604477775248
0.011502400000000001,-0.03430896790864656
0.0115232,0.026008506444278174
0.011544,0.011577776650849969
0.0115648,-0.00042630043019135564
0.0115856,0.023273254124964306
0.011606400000000001,-0.019128597031819343
0.0116272,-0.0014689962848307672
0.011648,0.03450805673202599
0.0116688,0.019593328272560613
0.0116896,-0.04450900814320945
0.011710400000000001,-0.06664162604799724
0.0117312,-0.02075807724187649
0.011752,0.021225666173781823
0.0117728,-0.009448915774190228
0.0117936,-0.004354881295511873
0.011814400000000001,0.012165428842592621
0.0118352,-0.017704046079481558
0.011856,0.004257557909560384
0.0118768,0.015841964516207733
0.011897600000000001,0.009340264404603598
0.011918400000000001,0.007918909279512533
0.0119392,-0.012040922299050101
0.01196,0.01028574290332058
0.0119808,-0.008552601458366145
0.012001600000000001,0.026098939011233124
0.0120224,0.05140185477384709
0.0120432,-0.014798117645885223
0.012064,-0.043490041455474845
0.0120848,-0.008508797926593054
0.012105600000000001,0.007536902146611409
0.0121264,0.021002626539007228
0.0121472,0.02158031027002571
0.012168,-0.015679027326298983
0.0121888,-0.01586470682008347
0.012209600000000001,0.025346018374209644
0.0122304,-0.021847754048627138
0.0122512,0.02180462702429269
0.012272,-0.004537758544069152
0.012292800000000001,0.015328071769422975
0.012313600000000001,0.014123294275275675
0.0123344,0.015533049621221555
0.0123552,0.016408533943872126
0.012376,-0.019787819603227088
0.012396800000000001,0.005950422172225793
0.0124176,0.00027964822631470555
0.0124384,0.006168160572952639
0.0124592,0.024664967884812365
0.01248,-0.005422164822558599
0.012500800000000001,-0.014239408452419956
0.0125216,-0.01456230952371366
0.0125424,-0.006216367555658001
0.0125632,0.015052211015221601
0.012584,-0.016296312514959214
0.012604800000000001,0.023185157902025907
0.0126256,0.005809029310650157
0.0126464,-0.004522218412906215
0.0126672,-0.02663301955572469
0.012688,0.004898663689702028
0.012708800000000001,0.013829386441848605
0.0127296,-0.03531531573452621
0.0127504,0.023839191425713013
0.0127712,0.032954940297865644
0.012792000000000001,0.0067700459381985
0.012812800000000001,0.009835617967316516
0.0128336,0.04827389993176165
0.0128544,0.024637813597023925
0.0128752,-0.017955143978666616
0.012896000000000001,-0.000332903722948461
0.0129168,-0.0031386213523445406
0.0129376,-0.0030175359219029754
0.0129584,-0.047285356355223115
0.0129792,0.015140096811254916
0.013000000000000001,-0.012734722341261457
0.0130208,0.0032730292895542584
0.0130416,-0.0027227868748399536
0.0130624,0.01742190754036047
0.0130832,-0.005916173805552755
0.013104000000000001,-0.015908561215803745
0.0131248,0.010648449601184962
0.0131456,0.028097713696804312
0.0131664,-0.006396213667734823
0.0131872,0.02739896055652465
0.013208000000000001,0.005243663000135248
0.0132288,-0.010654589705621602
0.0132496,0.030503156007163097
0.0132704,-0.01637252671107044
0.013291200000000001,0.020280963982294377
0.013312000000000001,-0.009963719335766919
0.0133328,0.009004372912843814
0.0133536,-0.02468296610554948
0.0133744,-0.016751852425083407
0.013395200000000001,0.021301046013993307
0.013416,0.0037623370382919023
0.0134368,0.0007658603293266256
0.0134576,-0.008796164840688405
0.0134784,0.008929613474556501
0.013499200000000001,-0.027945385551956026
0.01352,-0.02239870488652747
0.0135408,-0.0031558073065946603
0.0135616,-0.016685620623571276
0.0135824,-0.014011875366111195
0.013603200000000001,-0.0014300651609689696
0.013624,-0.0027504266389290046
0.0136448,-0.00445013401274968
0.0136656,0.033305512381376336
0.013686400000000001,0.020221516005493663
0.013707200000000001,0.024594690370577824
0.013728,-0.0005632400273033662
0.0137488,-0.010093685756462203
0.0137696,-0.029077983549026434
0.013790400000000001,-0.006962748094946073
0.013811200000000001,-0.04171911033613572
0.013832,-0.011674826341624523
0.0138528,0.01528477870867392
0.0138736,0.03243060488560582
0.013894400000000001,0.019312138333682054
0.0139152,-0.017232008845636415
0.013936,0.009852370456047248
0.0139568,-0.015783280501149285
0.0139776,0.016459475801761964
0.013998400000000001,-0.002227223663702789
0.0140192,0.017164002289141268
0.01404,0.05145791144466082
0.0140608,0.0184504860666474
0.0140816,0.046648998907574096
0.014102400000000001,0.0035488462596245203
0.0141232,-0.006594354413626563
0.014144,0.02667408778420003
0.0141648,0.03448713110534374
0.014185600000000001,-0.011100291891138763
0.014206400000000001,0.0015326393119212656
0.0142272,-0.028690590575808785
0.014248,-0.004000917552353831
0.0142688,0.017766644570045204
0.014289600000000001,-0.0017276967480648144
0.014310400000000001,-0.011384403151634139
0.0143312,-0.02814479804415574
0.014352,0.007365089998356337
0.0143728,0.01595081327330854
0.014393600000000001,0.011930013655515355
0.0144144,0.005106313978990243
0.0144352,-0.02548130698677331
0.014456,0.03523617281562371
0.0144768,-0.0011307272918598306
0.014497600000000001,-0.0028959290002066175
0.0145184,0.014658571000714564
0.0145392,-0.0432637247040979
0.01456,-0.001289344746650308
0.0145808,-0.0027357920595970893
0.014601600000000001,0.007445662638896272
0.0146224,0.026943196955491817
0.0146432,0.009444002579281944
0.014664,-0.036641968016553346
0.014684800000000001,-0.006781535060140259
0.014705600000000001,0.004110633961857165
0.0147264,0.0029433447834398057
0.0147472,-0.025625258035554693
0.014768,-0.0332751707979678
0.014788800000000001,0.010980217584330437
0.014809600000000001,0.006870701860910527
0.0148304,-0.0004260213556494289
0.0148512,-0.03450843967200894
0.014872,0.035481007342437275
0.014892800000000001,-0.058004674903467654
0.0149136,-0.007281945661079143
0.0149344,0.04182302860448282
0.0149552,-0.0031485173722197515
0.014976,0.004641404303505173
0.014996800000000001,-0.023582928789869017
0.0150176,0.027172800522588345
0.0150384,-0.025852458214839388
0.0150592,0.005088383464879108
0.015080000000000001,0.0026981129270229535
0.015100800000000001,-0.02101449110937113
0.0151216,0.017739588032160542
0.0151424,-0.028319160224594523
0.0151632,-0.013669690658671102
0.015184000000000001,-0.0005740440583234708
0.015204800000000001,-0.008249953934592706
0.0152256,0.009356133492272966
0.0152464,0.01848109682004274
0.0152672,-0.005875475285068429
0.015288000000000001,-0.010829319357441814
0.015308800000000001,-0.01033956458527557
0.0153296,-0.007311878900110936
0.0153504,0.016192977893883388
0.0153712,-0.004351700130967184
0.015392000000000001,0.008152790673290692
0.0154128,-0.0018230555206660485
0.0154336,-0.01688930350824988
0.0154544,0.01727439479651555
0.0154752,-0.02076082516136533
0.015496000000000001,0.00012395593414231803
0.0155168,0.029740477101517997
0.0155376,-0.021862140841665927
0.0155584,-0.0011037704162253905
0.015579200000000001,-0.03169562196833168
0.015600000000000001,-0.010188325424446388
0.0156208,-0.029891993170247436
0.015641600000000002,-0.0072317435766802865
0.0156624,-0.010765949221149498
0.0156832,0.0026394322761206825
0.015704,0.03168601814642873
0.0157248,0.005659690332345185
0.015745600000000002,0.013163489054998891
0.0157664,-0.0010140387898745925
0.0157872,-0.0048904723093241
0.015808,-0.016679636487573948
0.0158288,-0.03601713641864366
0.015849600000000002,0.0013724073679838367
0.0158704,0.03258247038295092
0.0158912,0.009525997437414377
0.015912,-0.010679779172725248
0.0159328,0.032988122872644986
0.015953600000000002,-0.008652470039233617
0.0159744,-0.012376794241266484
0.0159952,-0.02425388703396608
0.016016,-0.01924101870166074
0.0160368,-0.004927257391435868
0.0160576,0.039980413356402664
0.0160784,-0.004123524265278498
0.0160992,-0.020630326028001886
0.01612,-0.0121083725886227
0.0161408,-0.004457235215117028
0.0161616,-0.03423503848377636
0.0161824,0.0025325687221437088
0.0162032,0.014013369711493598
0.016224000000000002,0.006416244820100868
0.0162448,0.012014653015313284
0.0162656,-0.025790940862065896
0.0162864,-0.03397183805293379
0.0163072,0.025711491904498663
0.016328000000000002,0.021886626724839316
0.0163488,-0.030805289147967676
0.0163696,0.004127633162347697
0.0163904,0.0005105573994829667
0.0164112,0.010897725934119482
0.016432000000000002,0.004171724242191583
0.0164528,-0.010042638091765104
0.0164736,0.003905132762857897
0.0164944,0.003140937633364183
0.0165152,-0.0009725526201752161
0.016536000000000002,-0.03704837261043849
0.0165568,-0.05990402044881059
0.0165776,-0.015803775868469604
0.0165984,-0.03269543016224809
0.0166192,0.005051240854955933
0.016640000000000002,0.014321934350154315
0.0166608,0.0052623084745841466
0.0166816,-0.0073905579175976704
0.0167024,0.0014096168918408178
0.0167232,0.0233468209110143
0.016744000000000002,-0.01457616067207891
0.0167648,0.018445894794586786
0.0167856,0.014152326618481946
0.0168064,0.005233685481976248
0.0168272,0.02903860315334207
0.016848000000000002,-0.014356371664134056
0.0168688,0.01885012044854545
0.0168896,-0.018579031711361667
0.0169104,-0.015340631531263242
0.0169312,-0.021194221700583122
0.016952000000000002,0.008916631952085433
0.0169728,-0.01879520074165645
0.0169936,0.0010431979703259514
0.0170144,-0.022734238232595582
0.0170352,0.02132515171569254
0.017056,0.03672347022496235
0.0170768,0.004521532846456075
0.0170976,0.03286730831446713
0.0171184,0.01121327274296869
0.0171392,0.043386199644243846
0.01716,0.0019942853088584823
0.0171808,-0.031408472082056785
0.0172016,0.029811680616578202
0.017222400000000002,-0.0025273428469351593
0.0172432,-0.020716900328960258
0.017264,-0.013125317189348855
0.0172848,-0.032526634435416535
0.0173056,-0.003354036072143761
0.017326400000000002,-0.021425275102961695
0.0173472,0.029683611123564102
0.017368,0.013289839970942588
0.0173888,-0.03320812039210463
0.0174096,-0.030187446497906608
0.017430400000000002,-0.011339515609400132
0.0174512,-0.03850082041190701
0.017472,-0.0021961161714329773
0.0174928,-0.0008689629952953109
0.0175136,-0.015456126678474364
0.017534400000000002,-0.010929887604212086
0.0175552,0.0099770568832657
0.017576,0.02843369245486079
0.0175968,0.029913464358480312
0.0176176,0.0006861766127552851
0.017638400000000002,0.01711698200418272
0.0176592,-0.014767107862540431
0.01768,0.008239075672685304
0.0177008,-0.019193439783897273
0.0177216,0.014591467334299458
0.017742400000000002,-0.024768023985261206
0.0177632,-0.019301661429813825
0.017784,-0.0001668928965382488
0.0178048,0.011139783643815456
0.0178256,-0.028763490911306266
0.017846400000000002,-0.010732771708726543
0.0178672,0.0027030210241424358
0.017888,0.004580926141014351
0.0179088,-0.016775984347031397
0.0179296,0.0019376511584659156
0.017950400000000002,-0.00534474074579997
0.0179712,0.02807658315703179
0.017992,0.01113796532341973
0.0180128,-0.02648190713998133
0.0180336,-0.044031142340135235
0.0180544,0.0019976360044403926
0.0180752,0.023641690935665857
0.018096,0.0034748010910879896
0.018116800000000002,0.01764132069190571
0.0181376,-0.009693468207281604
0.0181584,-0.027278411247881856
0.0181792,0.014971874652703072
0.0182,0.0019788454928109274
0.018220800000000002,0.013673658541847105
0.0182416,-0.027631318837815333
0.0182624,0.0036310688268619265
0.0182832,-0.012510019799213384
0.018304,0.016131776863027223
0.018324800000000002,-0.011613746484751527
0.0183456,-0.012147898039530152
0.0183664,-0.011714407540266853
0.0183872,0.02527434076935986
0.018408,0.0005772839155842368
0.018428800000000002,-0.015199943140328803
0.0184496,-0.020451683511055262
0.0184704,-0.020882448833219037
0.0184912,0.029252550965127713
0.018512,-0.03629549026994492
0.018532800000000002,-0.017007150641300327
0.0185536,0.012757806832419174
0.0185744,0.023569914238207174
0.0185952,-0.0029655481478890033
0.018616,0.015710321075473245
0.018636800000000002,0.015192345823377773
0.0186576,0.019723741537483512
0.0186784,0.0009283006154986426
0.0186992,0.033099362220806235
0.01872,0.00432250745199597
0.018740800000000002,0.030964001713449193
0.0187616,-0.021655768347186043
0.0187824,0.019212261106331802
0.0188032,-0.02470073840455521
0.018824,-0.029511667448341418
0.018844800000000002,0.01050998152672196
0.0188656,-0.015994889632134142
0.0188864,0.00953987470095418
0.0189072,-0.020785142095059935
0.018928,0.032807509764316324
0.018948800000000002,0.0009082601473768618
0.0189696,-0.021885474998716955
0.0189904,0.004313182042162097
0.019011200000000002,0.018481598735189557
0.019032,-0.014537721344032292
0.0190528,0.011234993540550698
0.0190736,0.04186695423776154
0.0190944,0.018309715484143826
0.019115200000000002,0.0007849592037351587
0.019136,-0.010390512020780856
0.0191568,0.012582760744261635
0.0191776,-0.02928811388980169
0.0191984,-0.059729560446031414
0.019219200000000002,-0.012267940270631501
0.01924,-0.020569324418677454
0.0192608,0.03599679421174596
0.0192816,0.003917730898077359
0.0193024,-0.018568061926933492
0.019323200000000002,-0.022104155251251003
0.019344,0.011162829028424229
0.0193648,-0.015424220437343575
0.0193856,-0.010446020003246122
0.0194064,-0.00060739484511427
0.019427200000000002,0.003007259022086623
0.019448,0.0032109105883501507
0.0194688,0.003588441528543338
0.0194896,0.02735663108311075
0.0195104,0.035373578871707216
0.019531200000000002,-0.0316982877385644
0.019552,0.05292566304078944
0.0195728,0.0039826085964516185
0.0195936,0.026297205646402887
0.0196144,-0.013364334711354165
0.019635200000000002,0.007946249712439879
0.019656,0.005750128354871098
0.0196768,0.0037226150937286623
0.0196976,0.018514284656263556
0.0197184,0.014114707545871024
0.019739200000000002,-0.01862830299470307
0.01976,-0.0008684442601796319
0.0197808,0.01606925509614252
0.0198016,0.015238317731896054
0.0198224,-0.005219384888913003
0.019843200000000002,-0.004112206387088139
0.019864,-0.0015742193122210337
0.0198848,-0.02058178787057456
0.0199056,-0.024244599850390736
0.0199264,0.03289244412634147
0.019947200000000002,-0.006396578485822978
0.019968,0.0034136709287520555
0.0199888,-0.01345435564277598
0.020009600000000002,0.027455568917702615
0.0200304,0.03655268334613126
0.0200512,-0.002891702870809492
0.020072,0.011794897271837317
0.0200928,-0.013593112637717177
0.020113600000000002,0.036806953299744156
0.0201344,0.02002283924831277
0.0201552,-0.015292373493201597
0.020176,0.02646346875660009
0.0201968,0.008705095441980946
0.020217600000000002,0.009774119406463668
0.0202384,0.008644935734721871
0.0202592,-0.011885449193582127
0.02028,-0.009280662106456228
0.0203008,0.013924177947697753
0.020321600000000002,0.0004700708424796249
0.0203424,-0.01751621883035259
0.0203632,0.04206698211049422
0.020384,-0.0027623019893002095
0.0204048,-0.00976816778091007
0.020425600000000002,-0.012543634287456109
0.0204464,0.01520876904501844
0.0204672,0.020893313254047405
0.020488,0.006307901068579972
0.0205088,0.018768501995921495
0.020529600000000002,-0.028602916670100193
0.0205504,-0.006062704119541097
0.0205712,-0.008047448235307888
0.020592,0.001453533604075058
0.0206128,0.011106422144506339
0.020633600000000002,-0.03946893393453045
0.0206544,0.06382542519055522
0.0206752,-0.016053117036333935
0.020696,0.008171757483437028
0.0207168,0.017813323420699637
0.020737600000000002,0.01826484516876903
0.0207584,0.006030589555384177
0.0207792,-0.05702077565694532
0.0208,-0.02058836440747427
0.0208208,0.01630089340994462
0.020841600000000002,-0.01734504859043437
0.0208624,-0.020068040525732172
0.0208832,-0.04609910642200533
0.020904000000000002,0.025331377290494467
0.0209248,0.011130550663602792
0.0209456,-0.016979490941792446
0.0209664,-0.001818741776364748
0.0209872,-0.0012205921199427616
0.021008000000000002,-0.021583351727780857
0.0210288,-0.004781887056490159
0.0210496,0.005744947339103419
0.0210704,0.011675215009564352
0.0210912,0.02591329006114364
0.021112000000000002,0.0011409639436051329
0.0211328,-0.008715025085770331
0.0211536,0.008558896941641641
0.0211744,-0.012109169708034951
0.0211952,-0.024568037315242496
0.021216000000000002,0.023316348267321426
0.0212368,-0.007193250550107909
0.0212576,0.0028377716933475506
0.0212784,0.01340208996776177
0.0212992,-0.02175004215070188
0.021320000000000002,0.013221411864064904
0.0213408,0.00940015620395568
0.0213616,-0.0015739039304245139
0.0213824,0.0082765714180789
0.0214032,-0.014751506620442719
0.021424000000000002,-0.043732556518169215
0.0214448,-0.005288422492373405
0.0214656,-0.017852317937178484
0.0214864,0.017740155498676306
0.0215072,0.0056568059140347
0.021528000000000002,-0.0102322340105381
0.0215488,0.001311901911250358
0.0215696,0.02742170743151337
0.0215904,0.02306132788363593
0.0216112,0.0077380445386627805
0.021632000000000002,0.008970527661607533
0.0216528,-0.005208160835459852
0.0216736,-0.0022572648643032745
0.0216944,0.012133387648453588
0.0217152,-0.0020436929865992877
0.021736000000000002,0.0063226946281387635
0.0217568,-0.02197847505067946
0.0217776,-0.03304646334337772
0.021798400000000002,-0.033653825120138973
0.0218192,-0.008425315921942964
0.021840000000000002,0.026885812845137403
0.0218608,0.023991916152869025
0.0218816,-0.019628593246651664
0.021902400000000002,-0.030816139186632993
0.0219232,0.016177955905048412
0.021944,0.009579715577344952
0.0219648,-0.027065355244189685
0.0219856,0.021471256760798304
0.022006400000000002,0.0038049286615908498
0.0220272,0.02678903733792281
0.022048,0.0071594526817478025
0.0220688,0.01811878340823993
0.0220896,0.006736889654675175
0.022110400000000002,-0.018752933874626867
0.0221312,-0.004357808513215342
0.022152,-0.013260376959812028
0.0221728,0.01690504628771675
0.0221936,-0.01963529103014813
0.022214400000000002,-0.0303886562203706
0.0222352,0.013936211656605817
0.022256,0.023218625352374667
0.0222768,0.029198182716478987
0.0222976,0.02213598987869506
0.022318400000000002,-0.029889901308969527
0.0223392,-0.01367523509156901
0.02236,-0.010710102518761803
0.0223808,-0.00020045626855966656
0.0224016,-0.04283942780458818
0.022422400000000002,4.9336524918721625e-05
0.0224432,0.00577601881448371
0.022464,-0.01878072043606804
0.0224848,0.002592636818109791
0.0225056,0.024060857052155826
0.022526400000000002,0.0011508194193922668
0.0225472,0.021367798433884016
0.022568,0.02050871567471839
0.0225888,0.008432966801345807
0.0226096,0.007898658015116135
0.022630400000000002,-0.007209486693885574
0.0226512,0.02504893506492978
0.022672,-0.00919486186866697
0.022692800000000003,-0.013720986283570963
0.0227136,0.014346464612120767
0.022734400000000002,-0.014295094269687517
0.0227552,0.008747266070635105
0.022776,0.021372507666880654
0.022796800000000002,0.0018471202053226565
0.0228176,0.0023503245674315184
0.022838400000000002,0.018614424568840847
0.0228592,0.015325730388478894
0.02288,-0.030548854031184767
0.022900800000000002,-0.02595307688730046
0.0229216,0.02689868503470896
0.0229424,0.008082483588517772
0.0229632,-0.04134408522333417
0.022984,-0.026683412173038167
0.023004800000000002,0.0008018872027906077
0.0230256,-0.019292365701054116
0.0230464,0.00970445126157106
0.0230672,0.001903630318798586
0.023088,0.010157572137641062
0.023108800000000002,-0.023012870167648254
0.0231296,0.012786686291834173
0.0231504,0.03956657600772371
0.0231712,-0.015517283612924052
0.023192,0.026676462631710602
0.023212800000000002,0.02004235004013553
0.0232336,0.01329980297769516
0.0232544,-0.0008915822798599157
0.0232752,-0.022811419309509962
0.023296,-0.017123405604299376
0.023316800000000002,0.015722541807057695
0.0233376,0.020032138696236792
0.0233584,0.02491312869824585
0.0233792,0.019670348994642643
0.0234,0.01853010641212185
0.023420800000000002,-0.008225220953783783
0.0234416,-0.02368817325158326
0.0234624,0.004555207119995052
0.0234832,0.010481298953755372
0.023504,0.0021940537857799347
0.023524800000000002,-0.029928174967213672
0.0235456,-0.00992488937167937
0.0235664,-0.02906078338847474
0.0235872,0.003399709684601658
0.023608,-0.02051704032559883
0.023628800000000002,-0.0028495286219486523
0.0236496,0.00694526766272511
0.0236704,0.0032420960438185216
0.023691200000000003,0.027872188330621595
0.023712,-0.021594482886382767
0.023732800000000002,-0.04316123333366465
0.0237536,0.019417874730187128
0.0237744,0.028570483721415036
0.023795200000000002,0.029175705875350427
0.023816,0.006236997518262907
0.023836800000000002,0.011335817267464465
0.0238576,0.003013084505250753
0.0238784,-0.02533322602394485
0.023899200000000002,-0.010847169212698142
0.02392,0.01051455351956169
0.0239408,-0.01095546929622935
0.0239616,0.03874481974280106
0.0239824,-0.030219607654128993
0.024003200000000002,-0.008075740660410393
0.024024,0.022810611286496692
0.0240448,-0.011545514829565536
0.0240656,-0.022039499502120256
0.0240864,-0.026573649355071942
0.024107200000000002,-0.013923713126336112
0.024128,0.030819192925038295
0.0241488,0.008800997155425726
0.0241696,0.010956544292517785
0.0241904,-0.00975463730628162
0.024211200000000002,0.017521394502434017
0.024232,0.0027768798390558212
0.0242528,-0.017777042500006352
0.0242736,-0.008398581444109116
0.0242944,0.004701704224061499
0.024315200000000002,0.02406940800413374
0.024336,-0.0005056967554208442
0.0243568,0.010661195912712182
0.0243776,0.04105702642820805
0.0243984,-0.015307128215750223
0.024419200000000002,-0.024143478769177024
0.02444,0.02033924787082932
0.0244608,0.009442705273136603
0.0244816,-0.0012840145826800325
0.0245024,0.005964015896624197
0.024523200000000002,-0.005904910840075786
0.024544,0.01100842114899369
0.0245648,-0.006024535669098909
0.024585600000000003,0.016693274054004312
0.0246064,-0.022715070809467157
0.024627200000000002,-0.015633088992381316
0.024648,0.003030710599864957
0.0246688,-0.008690520427308349
0.024689600000000003,0.014621928519765211
0.0247104,-0.0001295219027403072
0.024731200000000002,-0.010127317861687815
0.024752,0.004919306277810586
0.0247728,-0.009829306805399628
0.024793600000000002,-0.03041658958588099
0.0248144,-0.021979354614935716
0.0248352,-0.015282358586019222
0.024856,-0.008642068727934998
0.0248768,0.00272213763022582
0.024897600000000002,0.01899977283838293
0.0249184,0.01182686699860874
0.0249392,0.03641236525510182
0.02496,0.02632180031894704
0.0249808,-0.0029314116320043127
0.025001600000000002,0.033871801453790526
0.0250224,0.02448398627545262
0.0250432,-0.008194825920899476
0.025064,0.00710880997933051
0.0250848,0.02277765454771787
0.025105600000000002,0.005732521442492485
0.0251264,0.021228875187326187
0.0251472,0.008819523567882513
0.025168,0.014986016709711674
0.0251888,-0.005444053832972799
0.025209600000000002,0.008505040476514727
0.0252304,-0.0063471413089014675
0.0252512,0.014452155390469335
0.025272,-0.032841210317863315
0.0252928,0.007634735334188167
0.025313600000000002,0.02594656352295261
0.0253344,0.012548964509804042
0.0253552,0.0004327732961677802
0.025376,0.011722980939057534
0.0253968,-0.01596895698054788
0.025417600000000002,-0.015686128525759322
0.0254384,-0.006233672611075713
0.0254592,-0.002013080087051772
0.025480000000000003,0.020263741650404093
0.0255008,-0.016939991042653285
0.025521600000000002,0.02095554225530522
0.0255424,-0.030516688450824402
0.0255632,-0.0148008555404632
0.025584000000000003,0.00020184583497357187
0.0256048,0.024091103204611938
0.025625600000000002,-0.011337809628478716
0.0256464,-0.041937077418952085
0.0256672,0.009332747487758936
0.025688000000000002,0.00035070242161748164
0.0257088,-0.020712486401089195
0.025729600000000002,-0.019947067462944258
0.0257504,-0.012983939162110806
0.0257712,0.002892494633411933
0.025792000000000002,0.014196038886169373
0.0258128,-0.02864213828897434
0.0258336,0.046700239324351876
0.0258544,0.00016404240156240723
0.0258752,-0.006539086461928399
0.025896000000000002,0.014372922048124903
0.0259168,0.003090311692623885
0.0259376,0.04763574412045386
0.0259584,0.02282992852554743
0.0259792,-0.006465557540340925
0.026000000000000002,-0.006909727547903491
0.0260208,-0.009061277013710088
0.0260416,-0.005937275221680182
0.0260624,0.014348437211649509
0.0260832,-0.012029315956577672
0.026104000000000002,0.03314652264197928
0.0261248,-0.0007570652967921285
0.0261456,-0.002033623973328703
0.0261664,0.019854619631281954
0.0261872,-0.038712997515490025
0.026208000000000002,-0.01784910798083451
0.0262288,0.012843265707869353
0.0262496,0.0010917558182661784
0.0262704,0.0006180827151220068
0.0262912,0.008795260078502808
0.026312000000000002,-0.01116732130932603
0.0263328,-0.0025662332556233543
0.0263536,-0.026374759665973038
0.0263744,-0.03666189760326309
0.0263952,0.026134467148676066
0.026416000000000002,-0.017823210869854084
0.0264368,-0.013493395902245305
0.0264576,0.028753434280332654
0.026478400000000003,0.02201063523839437
0.0264992,-0.009714295068946005
0.026520000000000002,-0.009809599278722096
0.0265408,-0.0008344104834209949
0.0265616,-0.01830031860849223
0.026582400000000003,0.011760722288087501
0.0266032,0.0036919977482860484
0.026624000000000002,0.0033793035887408397
0.0266448,0.01585223022579888
0.0266656,0.015156144205467905
0.026686400000000002,0.037620522284385366
0.0267072,0.03111315700392942
0.026728000000000002,-0.033423644957500075
0.0267488,0.01873267151111409
0.0267696,-0.02159774992821489
0.026790400000000002,-0.027789871103781096
0.0268112,0.01499428076101756
0.026832,-0.013274923299389943
0.0268528,-0.00554921332493199
0.0268736,0.022169680860726494
0.026894400000000002,-0.012498960512387601
0.0269152,-0.017136857553023792
0.026936,0.0073041874990810675
0.0269568,0.025231992494449053
0.0269776,0.011343853705395472
0.026998400000000002,-0.03030469418972332
0.0270192,-0.0122530872675328
0.02704,-0.0022740463214385
0.0270608,0.0393739140940609
0.0270816,0.018635199614761663
0.027102400000000002,0.017797439954938238
0.0271232,0.024826841236398226
0.027144,-0.005412872245828881
0.0271648,0.010362918855796268
0.0271856,0.010575845661894137
0.027206400000000002,-0.018768873784031175
0.0272272,0.0004340554141546435
0.027248,0.01205256353609072
0.0272688,-0.020825207076238667
0.0272896,0.016932883445354575
0.027310400000000002,0.01594419127643773
0.0273312,0.021444151737874312
0.027352,-0.014727370546142522
0.027372800000000003,0.002914131288093571
0.0273936,0.02983315598352291
0.027414400000000002,0.01662002176652907
0.0274352,-0.015000491301509511
0.027456,0.005266054873255099
0.027476800000000003,0.029170581080321303
0.0274976,-0.0007669926893718682
0.027518400000000002,0.00837426070515342
0.0275392,0.05212359589052889
0.02756,8.25781125971648e-06
0.027580800000000003,-0.0014170666089239057
0.0276016,-0.019382130527531762
0.027622400000000002,-0.012451185599742468
0.0276432,0.03042207318149739
0.027664,-0.0020827923723621988
0.027684800000000002,-0.023042364086586144
0.0277056,-0.017953562301364474
0.027726400000000002,0.0007817314072444276
0.0277472,0.01595574339588734
0.027768,-0.014246575690576774
0.027788800000000002,0.014887309196672516
0.0278096,-0.009166311463024643
0.0278304,0.007696033436069299
0.0278512,0.010942235244662969
0.027872,0.012675362079632815
0.027892800000000002,-0.008134686093663896
0.0279136,-0.0029097889633040593
0.0279344,0.010567961945625051
0.0279552,-0.025464811129315337
0.027976,0.003821829467034655
0.027996800000000002,0.010615856341680987
0.0280176,0.021184960305304052
0.0280384,-0.0004678555430761061
0.0280592,-0.003440107242403073
0.02808,0.003049853416206867
0.028100800000000002,-0.014465254527781489
0.0281216,-0.0040129273620376936
0.0281424,0.008319708230883158
0.0281632,0.00574784787803575
0.028184,-0.02078578533711922
0.028204800000000002,-0.006453171519672662
0.0282256,-0.042235100805518115
0.0282464,0.016034051939608877
0.028267200000000003,-0.010648532513769744
0.028288,0.004746660403652465
0.028308800000000002,-0.022043500595631454
0.0283296,-0.0017810335714108843
0.0283504,0.008793951527650418
0.028371200000000003,0.019476643983858923
0.028392,-0.02739509008371846
0.028412800000000002,0.01665247664405594
0.0284336,-0.003515649762254574
0.0284544,-0.015747963985926514
0.028475200000000003,0.00926582284833336
0.028496,-0.00616561196090121
0.028516800000000002,-0.006220064556199209
0.0285376,-0.014378659510715654
0.0285584,0.004139189042776879
0.028579200000000003,0.000396925679133347
0.0286,-0.0038226914883638862
0.028620800000000002,-0.019462483405072842
0.0286416,-0.010600464972202772
0.0286624,0.007670855808401743
0.028683200000000002,0.025184924723845634
0.028704,-0.000921466807243307
0.0287248,0.027873078744538992
0.0287456,-0.0006078090750125842
0.0287664,-0.022193468240235145
0.028787200000000002,0.01222535361853305
0.028808,-0.019702173081829432
0.0288288,0.007641496627973485
0.0288496,0.020998755719294684
0.0288704,-0.006554144714486837
0.028891200000000002,-0.0021604239980993986
0.028912,0.04892420166606127
0.0289328,0.004389878824027276
0.0289536,0.004892004139647411
0.0289744,0.015222025504768501
0.028995200000000002,-0.0023456097081787594
0.029016,-0.002143867311178358
0.0290368,0.0072389997403837485
0.0290576,-0.04816863027678236
0.0290784,0.02791079592212643
0.029099200000000002,-0.02169378039869208
0.02912,-0.021908551301852472
0.0291408,0.010403784578292972
0.0291616,0.00017632225711072688
0.0291824,-0.025330525055077907
0.029203200000000002,0.003873817688900922
0.029224,-0.02313248888344139
0.0292448,-0.01426741016063633
0.029265600000000003,-0.030377136977210527
0.0292864,-0.016870788038183038
0.029307200000000002,0.0075803092891958326
0.029328,0.0021029327283609294
0.0293488,0.005821723295666861
0.029369600000000003,0.018054911410876964
0.0293904,-0.0012121214748021091
0.029411200000000002,-0.01353697423963628
0.029432,-0.005944315705642227
0.0294528,0.032547740827400015
0.029473600000000003,0.0003100923850086372
0.0294944,0.006016786239963502
0.029515200000000002,-0.0022812845147952157
0.029536,0.004534487487836056
0.0295568,0.008249757681649744
0.029577600000000003,-0.0005434615910748489
0.0295984,-0.0034557427639645174
0.029619200000000002,-0.015965635599392788
0.02964,-0.017252097640218546
0.0296608,0.007759876251277966
0.029681600000000002,0.01457427362919871
0.0297024,0.018060682313940812
0.0297232,0.0007114257480960581
0.029744,-0.016830316911961858
0.0297648,0.012211017217565219
0.029785600000000002,0.01192296963918872
0.0298064,-0.03035708887174109
0.0298272,0.01565706142273177
0.029848,0.011261025321554189
0.0298688,0.03289191063601927
0.029889600000000002,-0.02285104452501112
0.0299104,-0.02590071997704354
0.0299312,0.015338947389898891
0.029952,-0.036177376604722984
0.0299728,-0.014920212151938039
0.029993600000000002,-0.02211801673129115
0.0300144,-0.02053548187236977
0.0300352,-0.0383574485342807
0.030056,-0.005059832897346814
0.0300768,0.01914229342088859
0.030097600000000002,0.008506025174379308
0.0301184,0.008593055614482566
0.0301392,-0.007413199675903314
0.030160000000000003,0.028571883334693484
0.0301808,0.010260137260178073
0.030201600000000002,0.020704100173177448
0.0302224,-0.03115042740402916
0.0302432,0.006649506684246556
0.030264000000000003,-0.02301071763262255
0.0302848,0.006756629893427853
0.030305600000000002,0.0037680337252592056
0.0303264,-0.02263966556623349
0.0303472,0.003362108530127851
0.030368000000000003,0.022997668932003956
0.0303888,0.0098717126706057
0.030409600000000002,0.011678728145162314
0.0304304,-0.01728793611694594
0.0304512,-0.013616775385712517
0.030472000000000003,-0.02223482550571229
0.0304928,0.0025757938932137385
0.030513600000000002,0.02365384400929374
0.0305344,0.008636860513735115
0.0305552,-6.849614848441987e-05
0.030576000000000002,-0.02233153512377813
0.0305968,0.008834705313712575
0.030617600000000002,-0.0047549404466406325
0.0306384,-0.03795282964173655
0.0306592,-0.03443577261676164
0.030680000000000002,-0.0067552021544261655
0.0307008,-0.017814127868085408
0.0307216,0.03292055834579914
0.0307424,0.0007182196975433553
0.0307632,-0.020650674657309215
0.030784000000000002,-0.0096892777976224
0.0308048,0.03176075832825293
0.0308256,-0.01883878589336879
0.0308464,0.015391115225789898
0.0308672,0.008777331706347702
0.030888000000000002,0.029305256379450133
0.0309088,0.010637733606115642
0.0309296,-0.007944363113353928
0.0309504,0.010571864857412095
0.0309712,0.0014063238547885263
0.030992000000000002,0.019485973671864484
0.0310128,-0.0011361214626628981
0.0310336,0.039502335360385346
0.031054400000000003,-0.0018980299672904514
0.0310752,0.008893947682277022
0.031096000000000002,-0.012920919057977499
0.0311168,0.002674818253627958
0.0311376,0.0007249298869915829
0.031158400000000003,0.0035835899738385357
0.0311792,0.018141276948016077
0.031200000000000002,-0.01047973132159622
0.0312208,-0.01663036410419303
0.0312416,0.022301882727050613
0.0312624,-0.005449654059217921
0.031283200000000004,-0.013068873985414101
0.031304,0.023230497289275495
0.0313248,0.015750080263615997
0.0313456,-0.05236399697170499
0.0313664,-0.0072372452170958
0.031387200000000004,0.01592609372301604
0.031408,0.01691863406849451
0.0314288,-0.009890814588766554
0.0314496,0.03145657007785627
0.0314704,-0.015423921569771489
0.031491200000000004,-0.004240338418261751
0.031512,0.0029251136813737266
0.0315328,0.00028280682615593986
0.0315536,0.0164479068363349
0.0315744,0.02072491025907811
0.031595200000000004,-0.00046215476749828166
0.031616,0.028258753022916992
0.0316368,-0.013186274838067827
0.0316576,-0.0037888349639001455
0.0316784,0.03469875060950929
0.031699200000000004,0.0024258655518027837
0.03172,0.021741145892112936
0.0317408,-0.008057348317439237
0.0317616,-0.004747165066765958
0.0317824,-0.00156375264806408
0.031803200000000004,0.0039698458243638
0.031824,-0.006161147751823227
0.0318448,0.000916175397689486
0.0318656,0.013918780265474833
0.0318864,0.024591941787539238
0.031907200000000004,0.0027840463845839655
0.031928,0.01353550559633357
0.0319488,0.01878127802967266
0.0319696,-0.020778819740181437
0.0319904,-0.030650344665070637
0.032011200000000004,0.03281550198977916
0.032032,0.026910703143131997
0.0320528,0.0018068591085928878
0.0320736,0.007654625434133109
0.0320944,-0.018074956469349125
0.0321152,-0.026854091326131934
0.032136,0.006951795720065685
0.0321568,-0.028907136129733123
0.0321776,0.018834193334048132
0.0321984,-0.012876384863888068
0.0322192,0.006434225098748246
0.03224,0.03914524011632669
0.0322608,0.0382056839132432
0.0322816,-0.0047732381336992305
0.0323024,0.021875838596886986
0.0323232,-0.019889416875558168
0.032344,-0.011034329893770931
0.0323648,0.007985768025242262
0.0323856,0.028213555698201324
0.0324064,-0.010826445687109979
0.0324272,0.011377422011292538
0.032448000000000005,0.0026123157193330927
0.0324688,-0.024567460747624403
0.0324896,-0.0020970125588807872
0.0325104,0.030421738183458374
0.0325312,-0.0012758428773900017
0.032552000000000005,0.010555421073512563
0.0325728,0.01705818895214894
0.0325936,-0.01411936545354548
0.0326144,0.025064885605594084
0.0326352,0.030483483697546585
0.032656000000000004,0.03235627035134895
0.0326768,0.02669023691901966
0.0326976,-0.008738473841903028
0.0327184,-0.01115830153021876
0.0327392,-0.015144564298861653
0.032760000000000004,-0.017580598315478
0.0327808,-0.015362483704155522
0.0328016,0.020246520538173877
0.0328224,0.0296194507599125
0.0328432,-0.012307538807833026
0.032864000000000004,0.016613305547841715
0.0328848,-0.024782581040489148
0.0329056,-0.0060744240487912386
0.0329264,-0.01944000323820005
0.0329472,-0.03206611380999737
0.032968000000000004,0.001462789274086638
0.0329888,0.001930870610424676
0.0330096,-0.007769256522121058
0.0330304,-0.010093714925914227
0.0330512,-0.01933574425684407
0.033072000000000004,-0.00233232820852384
0.0330928,-0.011682107803552902
0.0331136,0.005086289655408496
0.0331344,-0.02378512467352866
0.0331552,0.004793356235139467
0.033176000000000004,0.010453422054572637
0.0331968,0.025047847629219355
0.0332176,0.021206018005787922
0.0332384,0.004028888237790159
0.0332592,-0.013418269456911774
0.033280000000000004,-0.03633695293062348
0.0333008,5.383718282161985e-05
0.0333216,0.028415168625704593
0.0333424,0.03330122216749444
0.0333632,-0.05058621674523229
0.033384000000000004,-0.014945598157357562
0.0334048,-0.006840775457499893
0.0334256,-0.020638139830483543
0.0334464,0.0038758343408824476
0.0334672,0.0009199250898117987
0.033488000000000004,-0.01018453714548406
0.0335088,-0.0005740998090550054
0.0335296,-0.03167177816642873
0.0335504,-0.019275145763275034
0.0335712,-0.017765855269436068
0.033592000000000004,0.018057559897620826
0.0336128,-0.03238328106855764
0.0336336,-0.004129060857351779
0.0336544,0.015672888978887984
0.0336752,-0.000958682148684577
0.033696000000000004,0.016336558070654452
0.0337168,-0.012922967923382043
0.0337376,0.00882469633177092
0.0337584,0.018193633633004018
0.0337792,0.0447523482054452
0.033800000000000004,0.014676494840217416
0.0338208,0.028685602408610036
0.0338416,0.0003894319490563497
0.0338624,0.0021420285894359066
0.0338832,0.031547978495533265
0.033904000000000004,0.011858575954684272
0.0339248,0.028572059617825652
0.0339456,0.01441514817526733
0.0339664,0.04265608906570925
0.0339872,0.0478960612674145
0.034008000000000004,-0.01643787703059333
0.0340288,0.03746404221031231
0.0340496,0.009001805116317015
0.0340704,0.009873552422484846
0.0340912,-0.0019511707670764212
0.034112,0.014745288557067584
0.0341328,-0.021833823800684268
0.0341536,-0.014125169808962463
0.0341744,-0.014858405155571082
0.0341952,0.00623725103088556
0.034216,0.018889527202163813
0.0342368,0.015219910663732562
0.0342576,0.007872873136193153
0.0342784,-0.011332690320508576
0.0342992,-0.03466564445844775
0.03432,0.008618684460380542
0.034340800000000005,0.0034724561905523825
0.0343616,0.007711201776162376
0.0343824,0.029120309971644467
0.0344032,-0.003065230386272798
0.034424,-0.00345699247160227
0.034444800000000005,-0.04573445238260173
0.0344656,0.011771690576166751
0.0344864,-0.0003866503242644926
0.0345072,-0.014190032787663218
0.034528,0.00830626680578007
0.034548800000000005,-0.02029249319283385
0.0345696,-0.010247312010264648
0.0345904,0.03983914194375257
0.0346112,0.01562187127155902
0.034632,0.019096743236934582
0.034652800000000004,0.015552953856936922
0.0346736,0.013418691180023923
0.0346944,0.004432258111760809
0.0347152,0.04625942356769778
0.034736,-0.0009336151486066338
0.034756800000000004,0.015239431131332436
0.0347776,-0.003852636504742651
0.0347984,-0.006517344146350734
0.0348192,-0.048263200023941674
0.03484,-0.03798838248585625
0.034860800000000004,0.031435993878128565
0.0348816,0.030238929354492274
0.0349024,-0.008289751418527598
0.0349232,-0.00021352850728237956
0.034944,0.01267607759858772
0.034964800000000004,-0.019481473918182023
0.0349856,0.035784155401139384
0.0350064,-0.02042056660732751
0.0350272,-0.014038785741892698
0.035048,-0.05491182903629363
0.035068800000000004,0.03064128414360416
0.0350896,0.0014966547840985075
0.0351104,0.03278799279253411
0.0351312,-0.01972130211540912
0.035152,0.007076481915573476
0.035172800000000004,0.0018011583784577501
0.0351936,0.004283533270284704
0.0352144,0.04179577353650827
0.0352352,0.045615640973062914
0.035256,0.027868660786694296
0.035276800000000004,-0.00774397738872005
0.0352976,0.018139231279221357
0.0353184,0.027175274982102135
0.0353392,0.011426477139271165
0.03536,0.011646582446981983
0.035380800000000004,0.009892030256407372
0.0354016,-0.01777971247669586
0.0354224,0.005145558204680399
0.0354432,0.03230986402371382
0.035464,-0.019684678683101035
0.035484800000000004,0.001861328323177049
0.0355056,0.016921513768126454
0.0355264,-0.02707834678532406
0.0355472,-0.002546058615626355
0.035568,-0.03373978764290071
0.035588800000000004,-0.0119311481122014
0.0356096,-0.027960908988359512
0.0356304,-0.01775423601983801
0.0356512,-0.009644396682640218
0.035672,-0.0053972050688156125
0.035692800000000004,-0.003968534695353325
0.0357136,-0.04802314779526023
0.0357344,0.03186133771446081
0.0357552,-0.005428774495982687
0.035776,-0.021867088370929436
0.035796800000000004,-0.012534472352164103
0.0358176,0.006229889468646235
0.0358384,-0.020023166295703665
0.0358592,-0.00827077047917537
0.03588,-0.00939701193953623
0.035900800000000004,0.01079479883472628
0.0359216,-0.014971796283791175
0.0359424,0.009069784971096421
0.0359632,0.006981396641236391
0.035984,-0.002968676089064371
0.0360048,0.024822074129231264
0.0360256,0.00040879211205794945
0.0360464,-0.023552490033321938
0.0360672,0.005956351670736124
0.036088,0.0024637807445636894
0.0361088,-0.0008100565800440841
0.036129600000000005,0.004646528136323914
0.0361504,0.04699106344391371
0.0361712,0.004670380399556626
0.036192,0.009155895061540421
0.0362128,-0.004929096171257249
0.036233600000000005,0.02620773103919543
0.0362544,-0.0011312117729336442
0.0362752,-0.016042166710556322
0.036296,-0.02445285769907993
0.0363168,0.010541837662971126
0.036337600000000005,0.014884717568662824
0.0363584,-0.03177103655548838
0.0363792,-0.014474282139444093
0.0364,0.012827736998220728
0.0364208,0.020542321235574392
0.036441600000000005,-0.02642452119890089
0.0364624,-0.00817423710588471
0.0364832,0.016635377385832678
0.036504,-0.01069788545053079
0.0365248,-0.009034707657888197
0.036545600000000004,-0.010835949379645918
0.0365664,-0.026164322765548826
0.0365872,0.0009081941534513254
0.036608,0.006058501430061424
0.0366288,-0.02807172655533763
0.036649600000000004,0.0019697113188161803
0.0366704,0.022121162321562374
0.0366912,0.004113429609611822
0.036712,0.018907680311680643
0.0367328,-0.011026296636488036
0.036753600000000004,0.027344122787050257
0.0367744,-0.015762729750342583
0.0367952,0.03766766606941249
0.036816,-0.009022078165059167
0.0368368,-0.01441557011370007
0.036857600000000004,-0.017899621636178455
0.0368784,-0.008300898627610262
0.0368992,-0.009911544933052178
0.03692,-0.013835451276813626
0.0369408,-0.006635700180408991
0.036961600000000004,0.013240782128574881
0.0369824,0.01759445285827799
0.0370032,-0.0068005826650957436
0.037024,0.02464293128032668
0.0370448,-0.02001348019460458
0.037065600000000004,-0.020625588268875505
0.0370864,-0.022676107910621905
0.0371072,0.011972557707173826
0.037128,-0.031076824441286816
0.0371488,-0.027996693364368063
0.037169600000000004,0.02550187076620017
0.0371904,0.03417774539512984
0.0372112,0.026782255289295166
0.037232,-0.029927495100767414
0.0372528,0.00013078510860859623
0.037273600000000004,0.01652319403744464
0.0372944,0.0018145276435884577
0.0373152,-0.032484541176689086
0.037336,-0.006974435563281132
0.0373568,-0.034102786743617976
0.037377600000000004,-0.02478882313743741
0.0373984,0.04290304071485847
0.0374192,0.013438725420058122
0.03744,-0.029501386607818706
0.0374608,-0.030172364006189053
0.037481600000000004,0.008962507810074814
0.0375024,-0.01235906094135481
0.0375232,0.011373731358591044
0.037544,-0.013126816465245423
0.0375648,-0.004183710988962509
0.037585600000000004,0.004582760967339871
0.0376064,-0.020851686172374765
0.0376272,-0.03860388075292744
0.037648,-0.024090052520707863
0.0376688,-0.014176849304259567
0.037689600000000004,-0.004301567653300181
0.0377104,-0.001413775383106684
0.0377312,-0.001584253878478103
0.037752,0.010039064404357931
0.0377728,-0.018100715192634075
0.037793600000000004,0.027642726273947642
0.0378144,0.03976694978309432
0.0378352,0.007041228532835509
0.037856,0.003478825453468606
0.0378768,0.024665551892948133
0.037897600000000004,0.012675057416089468
0.0379184,0.0034587806207120354
0.0379392,-0.0036558869804898314
0.03796,-0.015081575342111669
0.0379808,-0.023687739562842355
0.0380016,0.012999030073582668
0.038022400000000005,0.0234446848594428
0.0380432,-0.021451969028712825
0.038064,-0.0017574952699232352
0.0380848,0.004042515144542078
0.0381056,-0.008829562437915047
0.038126400000000005,-0.015548039067528656
0.0381472,-0.008174515570943027
0.038168,-0.039731475871760444
0.0381888,-0.0015453549000338754
0.0382096,-0.006212963402668405
0.038230400000000005,0.04200529483348273
0.0382512,0.018395421945304153
0.038272,-0.007246725072872468
0.0382928,-0.0004996742651151916
0.0383136,0.03397873326321046
0.038334400000000005,0.031775900260125736
0.0383552,0.0033482706631186177
0.038376,-0.002914907396844726
0.0383968,-0.0292463386400308
0.0384176,-0.006889710608940447
0.038438400000000005,-0.0037264328415544624
0.0384592,-0.015063986564244071
0.03848,0.03425174369552374
0.0385008,-0.037860374302316695
0.0385216,-0.0030625909605503073
0.038542400000000004,0.007790481158648074
0.0385632,0.00838503321654942
0.038584,0.03338215950322592
0.0386048,-0.028322974158936618
0.0386256,-0.015311504813367427
0.038646400000000004,0.0015880044671443977
0.0386672,0.0022932996100035233
0.038688,-0.008068309086899745
0.0387088,-0.015637962181121567
0.0387296,0.021105164276188373
0.038750400000000004,-0.021354092224608347
0.0387712,-0.01185881334644476
0.038792,0.028390791352721313
0.0388128,0.03432024774652966
0.0388336,0.01707596417894699
0.038854400000000004,-0.017565404683640994
0.0388752,-0.017419805293864166
0.038896,-0.018344336846259197
0.0389168,-0.0230495828275126
0.0389376,-0.00868150128756615
0.038958400000000004,0.02504936319067616
0.0389792,0.004080634275276504
0.039,-0.015491410658992698
0.0390208,-0.01594115130680566
0.0390416,-0.023904021040276363
0.039062400000000004,0.023732371070466766
0.0390832,-0.04081008761200492
0.039104,0.005034615860868995
0.0391248,-0.029245962722010334
0.0391456,-0.021655231674013994
0.039166400000000004,-0.0302582681657823
0.0391872,0.01875976162255735
0.039208,-0.0021566597690459836
0.0392288,0.054324545579243495
0.0392496,-0.02129952866148574
0.039270400000000004,-0.022466976349526324
0.0392912,0.011220163364412743
0.039312,0.01064582642205243
0.0393328,-0.00625505159683656
0.0393536,-0.04105669845479144
0.039374400000000004,0.028232103545532905
0.0393952,0.010686995359957135
0.039416,0.007270138273476807
0.0394368,-0.012595987949673993
0.0394576,0.0120690458236211
0.039478400000000004,-0.011984788508959746
0.0394992,5.564724057398839e-05
0.03952,-0.004606225006740059
0.0395408,0.02430689019484902
0.0395616,-0.010284583550201534
0.039582400000000004,-0.007808027739182455
0.0396032,0.021186880520042996
0.039624,0.003597236903648425
0.0396448,-0.0013510143134700498
0.0396656,-0.005800221838087838
0.039686400000000004,0.018021017229514043
0.0397072,-0.01402380975487767
0.039728,0.008394935254180957
0.0397488,0.03957067401026733
0.0397696,0.006930637031716059
0.039790400000000004,-0.01678677906524921
0.0398112,-0.025141565551076054
0.039832,0.0018278578435234542
0.0398528,-0.025685102647097863
0.0398736,-0.033036005868620266
0.039894400000000003,-0.016357186480425834
0.039915200000000005,-0.023097677596118728
0.039936,0.01630643310861919
0.0399568,-0.030258644179207907
0.0399776,0.03041371796982195
0.0399984,-0.016303715302684218
0.040019200000000005,0.0010932595774489795
0.04004,0.012152160584664345
0.0400608,0.0031601070972661445
0.0400816,0.013104933291425694
0.0401024,-0.021087314074742063
0.040123200000000005,-0.04682158198777026
0.040144,-0.005414845009949099
0.0401648,-0.03505789191191963
0.0401856,-0.013050372317497956
0.0402064,0.017441081938766204
0.040227200000000005,-0.005427597474988531
0.040248,-0.013363603720084515
0.0402688,-0.02411633195689082
0.0402896,-0.007373433686738221
0.0403104,-0.0050163360587566486
0.040331200000000005,-0.033220433336700245
0.040352,0.004314702948058381
0.0403728,-0.023111853753932234
0.0403936,0.0027683367716305174
0.0404144,-0.01065166495071996
0.040435200000000004,0.018189742908925843
0.040456,0.01551495282073894
0.0404768,-0.0014383778999451963
0.0404976,-0.003788699908983399
0.0405184,0.007172690474991601
0.040539200000000004,0.026114444898029117
0.04056,0.01981832048703889
0.0405808,0.001771914121391337
0.0406016,0.0049852996220175775
0.0406224,0.03031270021791309
0.040643200000000004,-0.033910331123975825
0.040664,0.009697964659262079
0.0406848,-0.019134615877015877
0.0407056,0.02607836717363795
0.0407264,-0.010872248653204016
0.040747200000000004,-0.0031622967182483924
0.040768,-0.022613300712818602
0.0407888,-0.00048340288192500917
0.0408096,0.015139590943786748
0.0408304,0.03279076014268736
0.040851200000000004,-0.025909261646452537
0.040872,-0.009398754925165415
0.0408928,0.07772910542082159
0.0409136,0.01843471779571125
0.0409344,-0.000512833201439911
0.040955200000000004,0.01014163719612121
0.040976,-0.05363803142667562
0.0409968,0.0320703943608734
0.0410176,0.0029502918891833136
0.0410384,-0.028912539479425493
0.041059200000000004,0.023242427689781575
0.04108,-0.012740899896142473
0.0411008,-0.02068407466160895
0.0411216,0.010390883278629715
0.0411424,0.007974197231362177
0.041163200000000004,-0.009243508556565746
0.041184,-0.0015162535129337879
0.0412048,-0.026933853778809424
0.0412256,-0.028967435922504132
0.0412464,0.017983215126995404
0.041267200000000004,0.026345677353070012
0.041288,0.008625704691870684
0.0413088,0.007472793121947107
0.0413296,-0.007921951931476654
0.0413504,-0.0026038625519657307
0.041371200000000004,-0.018746497913220223
0.041392,0.03516541842497722
0.0414128,-0.01136085412000503
0.0414336,0.00821204803152496
0.0414544,3.3349355793485194e-06
0.041475200000000004,-0.028005619039730516
0.041496,0.038783870071127956
0.0415168,-0.007516598614065192
0.0415376,-0.015374517226163287
0.0415584,0.002293280175076735
0.041579200000000004,-0.017965931729618318
0.0416,0.0005926073730426504
0.0416208,-0.019205687874670172
0.0416416,0.011306701457660186
0.0416624,0.0011131792185154498
0.041683200000000004,-0.02736572841635746
0.041704000000000005,0.020753964056004503
0.0417248,0.0038864577155813917
0.0417456,-0.022058157659684025
0.0417664,0.007228046166815188
0.041787200000000004,0.008661642138628807
0.041808000000000005,0.03731461218676112
0.0418288,-0.017205162310701134
0.0418496,0.017222522577183663
0.0418704,-0.0017751182826140327
0.0418912,0.01246564254343149
0.041912000000000005,-0.005112213498106586
0.0419328,-0.0010099282190167045
0.0419536,0.010115229652096191
0.0419744,-0.023682604881073346
0.0419952,-0.04197155125470422
0.042016000000000005,-3.3112775157893596e-06
0.0420368,-0.008735570026457338
0.0420576,0.0019624211753200196
0.0420784,0.013118083380938832
0.0420992,-0.0040676865019872565
0.042120000000000005,0.024225365650072116
0.0421408,-0.0004810154037060057
0.0421616,0.0026454829091583187
0.0421824,0.017101899204376582
0.0422032,0.012231946215385911
0.042224000000000005,-0.0012919400992105674
0.0422448,0.003029558943595263
0.0422656,-0.014650154151450106
0.0422864,-0.01177080465429546
0.0423072,0.0026264531657980085
0.042328000000000005,0.01692508053075282
0.0423488,-0.008118876465552592
0.0423696,0.01747076574290101
0.0423904,0.03958872791065744
0.0424112,0.043755511621290814
0.042432000000000004,0.001271449080780717
0.0424528,0.02191828668573996
0.0424736,0.0130571173010843
0.0424944,0.01661375848035975
0.0425152,0.017683089548104262
0.042536000000000004,0.01140184507550722
0.0425568,0.01750878490232456
0.0425776,0.004813638435508722
0.0425984,-0.004196919560679088
0.0426192,0.006115164306796696
0.042640000000000004,0.010941507078926951
0.0426608,0.0256095177037024
0.0426816,0.008526141345453105
0.0427024,0.01597985802144216
0.0427232,0.029666915944943365
0.042744000000000004,-0.017597125697184073
0.0427648,-0.004147350808688705
0.0427856,0.011937159183655833
0.0428064,0.0016299106375419618
0.0428272,-0.019210771008297486
0.042848000000000004,0.020930431143500426
0.0428688,-0.00031998471034010026
0.0428896,-0.018969347217149143
0.0429104,0.03906174519420068
0.0429312,-0.02464607823031444
0.042952000000000004,0.0007725505911409346
0.0429728,-0.012414442979802558
0.0429936,0.0032234338148351034
0.0430144,0.012323742313394715
0.0430352,-0.015372684134798824
0.043056000000000004,-0.0010933540529477692
0.0430768,-0.0016406191395267028
0.0430976,-0.019140172388807095
0.0431184,0.024336523926242498
0.0431392,0.0044033587078666815
0.043160000000000004,-0.004843026889094466
0.0431808,-0.012420667926310072
0.0432016,-0.005780877606562115
0.0432224,0.003767211479699757
0.0432432,-0.00835063880898979
0.043264000000000004,0.025939755195368286
0.0432848,-0.05010795476203808
0.0433056,-0.04205781500780471
0.0433264,-0.0042573378303030355
0.0433472,-0.03609099228078659
0.043368000000000004,-0.0004833920414269078
0.0433888,-0.012314264966504332
0.0434096,0.0125159881021033
0.0434304,0.009176124391953052
0.0434512,0.027103210090248665
0.043472000000000004,0.019333920513108924
0.0434928,0.02602088597251127
0.0435136,0.011509333235836703
0.0435344,0.022297575595580047
0.0435552,0.010947202902020057
0.043576000000000004,-0.01093511571012277
0.043596800000000005,-0.024158054514209524
0.0436176,-0.023354238634931176
0.0436384,0.01057969578395831
0.0436592,-0.04688912919407732
0.043680000000000004,0.004423105618083363
0.043700800000000005,-0.014171941345332553
0.0437216,0.01563023620196367
0.0437424,0.004901985873834857
0.0437632,-0.014128968539962244
0.043784000000000003,0.0011800800648603443
0.043804800000000005,-0.0446672840403095
0.0438256,0.006305151564008911
0.0438464,0.010244426110729931
0.0438672,-0.03593255221924031
0.043888,0.018105921687970327
0.043908800000000005,-0.0014710228136457792
0.0439296,0.00438286384132963
0.0439504,-0.027525741299073064
0.0439712,0.013063509723622729
0.043992,0.012604056229199929
0.044012800000000005,0.0006696734749219569
0.0440336,-0.018742546332910396
0.0440544,0.016267369789040212
0.0440752,0.025985118142346064
0.044096,0.009052813305619571
0.044116800000000005,0.021116570710325435
0.0441376,-0.010614264621550329
0.0441584,0.004245872045561455
0.0441792,0.00871905062244151
0.0442,0.004134507032402849
0.044220800000000005,0.057730505712799605
0.0442416,0.009740356727886083
0.0442624,-0.00985412228677479
0.0442832,0.018009706451150118
0.044304,-0.020274039173620674
0.044324800000000004,0.0088907747531344
0.0443456,0.016975637916560864
0.0443664,-0.00824996037655881
0.0443872,-0.004765728178395068
0.044408,-0.01710646422488897
0.044428800000000004,0.0043571834628209636
0.0444496,-0.011763613627751537
0.0444704,0.036527769744797316
0.0444912,0.014797285310235938
0.044512,-0.00259935469642127
0.044532800000000004,-0.02644503549006914
0.0445536,0.04267875385012121
0.0445744,0.028051450477614814
0.0445952,0.011471585859113509
0.044616,0.005982172475285006
0.044636800000000004,0.005491096594338635
0.0446576,-0.007310561944535663
0.0446784,0.039722598571971135
0.0446992,0.006186524810683248
0.04472,-0.026718351419591536
0.044740800000000004,-0.011063860721149532
0.0447616,-0.049587235695882824
0.0447824,0.015280186575227173
0.0448032,0.017381286605755344
0.044824,0.03753262592082172
0.044844800000000004,0.04408877453139136
0.0448656,-0.013574523456425732
0.0448864,0.01106682194409083
0.0449072,0.022002136989797885
0.044928,0.017921579171864134
0.044948800000000004,-0.00815858329639808
0.0449696,0.01809694759128967
0.0449904,0.011914143833153598
0.0450112,0.029240361331433307
0.045032,0.001387360593491039
0.045052800000000004,-0.002841543605494963
0.0450736,-0.008296564000249293
0.0450944,-0.0056759636042707515
0.0451152,-0.013467712615912942
0.045136,-0.004973012724011078
0.045156800000000004,0.011869833791761493
0.0451776,0.010987436105150296
0.0451984,0.028170487289130467
0.0452192,0.023647430584236486
0.04524,0.014246144283288471
0.045260800000000004,-0.02137604170506541
0.0452816,0.013056005140791938
0.0453024,0.02492607955258449
0.0453232,-0.02450203302463582
0.045344,-0.020795235092220456
0.045364800000000004,-0.017588990374804374
0.045385600000000005,-0.019341920947329158
0.0454064,-0.004375777782247766
0.0454272,-0.017351580453103265
0.045448,0.009089244341535638
0.045468800000000004,-0.022970872772131945
0.045489600000000005,-0.0012895486836965284
0.0455104,-0.008762105075292095
0.0455312,-0.01819711779021224
0.045552,0.021895960408999535
0.045572800000000004,0.0017350831520024296
0.045593600000000005,0.012004817106028616
0.0456144,-0.005514837529322255
0.0456352,0.015223031088431514
0.045656,0.013442223347665079
0.045676800000000004,-0.0019074389090442778
0.045697600000000005,-0.03435820476355136
0.0457184,0.017555802650751396
0.0457392,0.014994413044438333
0.04576,0.004761180345043698
0.0457808,0.005998265655667844
0.045801600000000005,0.003620691745896253
0.0458224,0.005000367948084537
0.0458432,-0.018956112521327256
0.045864,3.4379762798571145e-05
0.0458848,0.0075150477909382675
0.045905600000000005,-0.011095389337141959
0.0459264,-0.01825966851789143
0.0459472,0.03834783752593945
0.045968,0.013303860318145105
0.0459888,-0.004974960790521832
0.046009600000000005,-0.00868752804863416
0.0460304,-0.05170091571323614
0.0460512,-0.02735165536878885
0.046072,-0.003826187556983457
0.0460928,0.02693488040146723
0.046113600000000005,-0.03999651819165281
0.0461344,-0.01283403013893
0.0461552,0.039461898485467946
0.046176,0.014571775837281037
0.0461968,0.00947139277333584
0.046217600000000005,0.025079831298950944
0.0462384,-0.0012187429068768669
0.0462592,-0.002364754515205651
0.04628,0.01548770801154037
0.0463008,0.01822130691080982
0.046321600000000004,-0.020145272481533267
0.0463424,0.03176271768655764
0.0463632,-0.03367504819769112
0.046384,-0.012694155107170766
0.0464048,0.06271363032287881
0.046425600000000004,-0.009012116827109638
0.0464464,0.014347246007186194
0.0464672,-0.01881037977535689
0.046488,-0.005176342575763753
0.0465088,-0.013167264222210316
0.046529600000000004,-0.006731398893921263
0.0465504,0.014374905971058519
0.0465712,0.03623860751812811
0.046592,0.018731879858465174
0.0466128,0.03240628390424444
0.046633600000000004,-0.0088743851580376
0.0466544,0.030588447038365284
0.0466752,0.012546761334049401
0.046696,0.028702793787018545
0.0467168,-0.007111476956828549
0.046737600000000004,-0.003408229274774379
0.0467584,0.028572430955795657
0.0467792,0.013419076154804855
0.0468,0.0033286602075367094
0.0468208,-0.012534835495367953
0.046841600000000004,-0.0008772569880753283
0.0468624,0.010797862830254065
0.0468832,0.01550242027991222
0.046904,-0.010075127045355512
0.0469248,-0.005830864861785455
0.046945600000000004,0.00952165212374923
0.0469664,-0.021269389840783633
0.0469872,0.01959472544972872
0.047008,0.0005988406475275323
0.0470288,-0.002050291644587749
0.047049600000000004,-0.04772648830227232
0.0470704,-0.031469158868714105
0.0470912,-0.020432110073435174
0.047112,-0.01142982804816502
0.0471328,-0.021781040332734296
0.047153600000000004,0.007564495317249037
0.0471744,0.002725778280536897
0.0471952,-0.005325731404740272
0.047216,-0.040687145087497226
0.0472368,0.027956948866496023
0.047257600000000004,-0.005575802712441237
0.047278400000000005,0.011809412512839684
0.0472992,-0.013423381072081148
0.04732,-5.881070577318655e-05
0.0473408,0.013887739103668709
0.047361600000000004,0.004665122017281976
0.047382400000000005,0.019184275103679368
0.0474032,-0.0036883093716148685
0.047424,0.039767331235986726
0.0474448,-0.03794963754248199
0.047465600000000004,-0.011127204360841737
0.047486400000000005,0.019489053517531902
0.0475072,-0.005140116534990291
0.047528,-0.008994271458490464
0.0475488,-0.03564303814581035
0.047569600000000004,0.023814506301178043
0.047590400000000005,-0.038133344115315174
0.0476112,0.009958710981739595
0.047632,0.0036861081035735256
0.0476528,0.017275221031558537
0.047673600000000003,0.028939947587129734
0.047694400000000005,-0.014317788970756693
0.0477152,-0.016477104364738877
0.047736,-0.006653105058575696
0.0477568,-0.03470069447384935
0.0477776,0.016062632004259142
0.047798400000000005,-0.008335866688736157
0.0478192,0.002765672189104966
0.04784,-0.02304353022856494
0.0478608,-0.0002929460033151749
0.0478816,-0.012963027225603732
0.047902400000000005,-0.0020707700350123203
0.0479232,-0.022449983183864354
0.047944,0.019884330466035178
0.0479648,-0.013649610670523254
0.0479856,-0.0517545580976089
0.048006400000000005,0.012199059100157745
0.0480272,-0.006721426106712559
0.048048,-0.018426171337193115
0.0480688,0.04934340634903056
0.0480896,-0.0018265665122053267
0.048110400000000005,-0.027572479729564243
0.0481312,-0.013115777232660898
0.048152,0.006772373082965859
0.0481728,-0.005360426597203359
0.0481936,0.023982036410566447
0.048214400000000004,0.020433049983754784
0.0482352,-0.016678433123948833
0.048256,-9.165806046009157e-05
0.0482768,0.011981331926437085
0.0482976,-0.009106142380162165
0.048318400000000004,-0.010127033018780422
0.0483392,0.016741697238118153
0.04836,0.008169220301093271
0.0483808,-0.028896947298348075
0.0484016,-0.011823388929175256
0.048422400000000004,-0.009113035824080205
0.0484432,-0.003207973826425931
0.048464,-0.015197994632823997
0.0484848,0.026001393237560583
0.0485056,-0.02023598364147576
0.048526400000000004,-0.02255523697897643
0.0485472,0.0033781005099978484
0.048568,-0.045901924373911614
0.0485888,-0.02145199509075634
0.0486096,0.011697741125487085
0.048630400000000004,-0.027319733064608578
0.0486512,-0.017700694368204963
0.048672,0.02092739407098764
0.0486928,0.008354065084753956
0.0487136,0.00037982255623248296
0.048734400000000004,0.004134979289558246
0.0487552,-0.014265228577144249
0.048776,0.00548388659057407
0.0487968,-0.004742293591326259
0.0488176,0.04933385474738236
0.048838400000000004,0.010136798982715365
0.0488592,-0.007378430451263247
0.04888,-0.0016573625679164046
0.0489008,0.0004900865830528773
0.0489216,-0.02817205978571125
0.048942400000000004,-0.017036312601509535
0.0489632,0.02999638914719727
0.048984,-0.028615565827242402
0.0490048,-0.012138045974321807
0.0490256,0.019968731655341073
0.049046400000000004,0.029740084024882544
0.0490672,-0.020945047945167904
0.049088,0.028802401833647757
0.0491088,-0.007690572891084719
0.0491296,0.032718759990561896
0.049150400000000004,0.009629279693428897
0.049171200000000005,-0.006028786988462649
0.049192,0.01422587605627915
0.0492128,0.010870573981987788
0.0492336,-0.015784459668710296
0.049254400000000004,0.042659978208050446
0.049275200000000005,-0.007187248444365505
0.049296,0.02276588928163995
0.0493168,-0.009995576848646503
0.0493376,-0.0368288579212789
0.049358400000000004,-0.02273092078483315
0.049379200000000005,-0.002286992387740297
0.0494,0.013380845348101444
0.0494208,0.03496342359524639
0.0494416,0.0013635186296753713
0.049462400000000004,-0.005913623733245825
0.049483200000000005,-0.024871305329299515
0.049504,-0.0011918660716778015
0.0495248,0.005734835307300009
0.0495456,-0.04455548523739714
0.049566400000000004,0.025826779669968755
0.049587200000000005,0.022476716356054856
0.049608,0.045271359552855266
0.0496288,-0.018505069070928488
0.0496496,0.00048518132064782497
0.0496704,3.43553443355085e-07
0.049691200000000005,-0.026867189530129135
0.049712,-0.017349425047892532
0.0497328,-0.020057450183017113
0.0497536,0.009949519571598694
0.0497744,0.008274737759820846
0.049795200000000005,0.02662814508236222
0.049816,-0.008444309018954651
0.0498368,-0.0283659830198743
0.0498576,0.008394855253753233
0.0498784,0.007004263066234063
0.049899200000000005,0.012929507698744892
0.04992,0.024538311496273578
0.0499408,-0.012132660283530968
0.0499616,0.015567618027525881
0.0499824,-0.02053061289039664
0.050003200000000005,0.0027116201847593936
0.050024,0.013388864513629712
0.0500448,-0.0027444009314615855
0.0500656,0.003926681430335765
0.0500864,-0.028331644833277454
0.050107200000000005,-0.013457672184405045
0.050128,0.0025563935506036266
0.0501488,-0.024536114093990948
0.0501696,-0.017551056576335915
0.0501904,0.04824894485097084
0.050211200000000004,0.0046733726890828215
0.050232,-0.01703861152928189
0.0502528,-0.02125243995830243
0.0502736,0.026998404727129822
0.0502944,-0.05685271445404724
0.050315200000000004,-0.008154345101747021
0.050336,0.010871596672160191
0.0503568,-0.013113087720330133
0.0503776,0.008501781138799153
0.0503984,-0.023068705364261
0.050419200000000004,-0.002448515322513018
0.05044,-0.0013886297436591496
0.0504608,-0.0020244074692396426
0.0504816,0.0005849348830085751
0.0505024,-0.0016057145159863032
0.050523200000000004,0.02002559581122283
0.050544,-0.0077078852123670365
0.0505648,-0.014258037472543788
0.0505856,-0.008142367396025451
0.0506064,-0.008616544500952276
0.050627200000000004,-0.03305234055307199
0.050648,-0.04083972867091156
0.0506688,-0.029678752615143755
0.0506896,0.0030648964860107626
0.0507104,-0.015989977987520318
0.050731200000000004,-0.010888943822063747
0.050752,0.05475397086247542
0.0507728,0.019862572428538755
0.0507936,-0.006861825542480131
0.0508144,-0.015301949619602063
0.050835200000000004,0.024876265095375542
0.050856,-0.018308587149110007
0.0508768,0.02208532630853424
0.0508976,0.009098355306582371
0.0509184,0.02505531854675838
0.050939200000000004,-0.01718461837229099
0.050960000000000005,0.015415726099025771
0.0509808,-0.03896300728006583
0.0510016,-0.0061700865358084635
0.0510224,0.018905010187654274
0.051043200000000004,0.011216354833173492
0.051064000000000005,-0.039472915553904045
0.0510848,0.010988437166366579
0.0511056,0.006355212257559951
0.0511264,-0.0040470850458549
0.051147200000000004,-0.017246181340884896
0.051168000000000005,-0.008410694957435988
0.0511888,-0.014276423526542091
0.0512096,0.016163099231772705
0.0512304,0.006539129262005542
0.051251200000000004,0.018603858690777665
0.051272000000000005,0.011011359339933626
0.0512928,-0.02845004055319857
0.0513136,-7.296204168076435e-05
0.0513344,0.040102002902211185
0.051355200000000004,-0.025024155140752496
0.051376000000000005,0.0028169582093855185
0.0513968,-0.01843121611904184
0.0514176,-0.020609505921200887
0.0514384,0.0014231096523716533
0.051459200000000004,0.015577883442078154
0.051480000000000005,0.012558379118482087
0.0515008,0.0064381060352636165
0.0515216,0.01620243525885129
0.0515424,-0.03543569790547718
0.051563200000000003,0.013531009420222045
0.051584000000000005,0.005253432994361501
0.0516048,-0.006516480085173272
0.0516256,-0.003056289307232352
0.0516464,-0.019928133893793946
0.0516672,0.02046084456653517
0.051688000000000005,-0.017938993423732418
0.0517088,-0.032399759575139395
0.0517296,-0.0029907539527014803
0.0517504,-0.014463820866845807
0.0517712,-0.004266366077645534
0.051792000000000005,0.027422641990246945
0.0518128,-0.005608328846848086
0.0518336,-0.00036803098810549704
0.0518544,0.04255370686388396
0.0518752,-0.030935111034992073
0.051896000000000005,0.004552307857018632
0.0519168,0.020600721834794715
0.0519376,0.027580491485259685
0.0519584,0.04224498491624071
0.0519792,-0.015935452779911256
0.052000000000000005,0.00949947823141363
0.0520208,-0.004614586684135074
0.0520416,-0.011792833141262575
0.0520624,-0.017228833210957653
0.0520832,-0.032009443140193085
0.052104000000000004,0.004040319500310352
0.0521248,0.012456334427838518
0.0521456,-0.023966485907298933
0.0521664,0.012641329878817373
0.0521872,-0.013736725083313616
0.052208000000000004,-0.022982361685869628
0.0522288,-0.05530832039580571
0.0522496,0.019558409112343772
0.0522704,0.011800260820587025
0.0522912,-0.00886855178684688
0.052312000000000004,-0.010362121283762895
0.0523328,-0.028726553135308915
0.0523536,0.007836339946476456
0.0523744,-0.0038221972521611646
0.0523952,0.008342720411922244
0.052416000000000004,0.0010725675278529067
0.0524368,-0.03079593647618174
0.0524576,-0.03378139733804847
0.0524784,0.005997721041699124
0.0524992,-0.03642754986409194
0.052520000000000004,0.003144085932455758
0.0525408,0.015939969675401115
0.0525616,-0.028109683139487043
0.0525824,0.011389658568200596
0.0526032,-0.0012230077976178662
0.052624000000000004,0.008733202079537003
0.0526448,-0.014702456735568387
0.0526656,-0.0021715955480870225
0.0526864,0.006810508510600915
0.0527072,0.03512822940258437
0.052728000000000004,0.013171015757288686
0.0527488,0.00848112984440898
0.0527696,-0.027608782490590345
0.0527904,0.005279086477243161
0.0528112,-0.01510036010946505
0.052832000000000004,-0.002720843180977431
0.052852800000000005,0.004143831769236809
0.0528736,0.018317642168412276
0.0528944,0.010785220724861289
0.0529152,0.002686828919754553
0.052936000000000004,-0.0022369353055752147
0.052956800000000005,0.026274490308105997
0.0529776,-0.01885004203249271
0.0529984,-0.00018247394633081663
0.0530192,0.02677510620617134
0.053040000000000004,-0.004829552618098802
0.053060800000000005,0.01581488124885725
0.0530816,0.017059549499105806
0.0531024,0.03900062318800746
0.0531232,0.02191673900064723
0.053144000000000004,-0.034116741185407036
0.053164800000000005,-0.0008840607892270372
0.0531856,0.0049868648158055895
0.0532064,0.015709555210551857
0.0532272,0.0068024594728194054
0.053248000000000004,0.03694558112109834
0.053268800000000005,0.02109969339348364
0.0532896,-0.024961372588102732
0.0533104,-0.0140120828883077
0.0533312,-0.04292032733700486
0.053352000000000004,0.03347553248096837
0.053372800000000005,-0.004072726396655498
0.0533936,-0.004529319724859021
0.0534144,-0.03368576223259151
0.0534352,-0.010843240421456521
0.053456000000000004,0.006496898639805542
0.053476800000000005,-0.010477458756024982
0.0534976,-0.010389309913942987
0.0535184,-0.015075024175005456
0.0535392,0.037344171071229754
0.05356,-0.013914602589870746
0.053580800000000005,-0.03226946301399691
0.0536016,-0.013518679900127109
0.0536224,-0.0102708395049868
0.0536432,-0.00521209189158439
0.053664,-0.008370345888083778
0.053684800000000005,-0.02615184247949625
0.0537056,-0.007661104876877976
0.0537264,0.004140911547615973
0.0537472,-0.03211977634983394
0.053768,0.03628858170982873
0.053788800000000005,0.030643971500239255
0.0538096,-0.04061039229384862
0.0538304,-0.011299169909289714
0.0538512,0.01660714479851431
0.053872,0.023366846529309628
0.053892800000000005,0.032366922815497426
0.0539136,-0.04132369342884437
0.0539344,-0.026380882503606706
0.0539552,-0.014269718985770216
0.053976,0.007335890660453718
0.053996800000000005,-0.025613299527221786
0.0540176,0.005047327736340728
0.0540384,0.005507555705199807
0.0540592,0.010989907673292925
0.05408,-0.029748706195722337
0.054100800000000004,0.0004803767440801056
0.0541216,-0.0019768372377006937
0.0541424,-0.01185053251179707
0.0541632,0.023188656422868607
0.054184,-0.009147050082298184
0.054204800000000004,0.02631264833019158
0.0542256,-0.015130093651889831
0.0542464,0.03168257124031768
0.0542672,0.030632535731560502
0.054288,-0.019492353909272914
0.054308800000000004,0.004159245633357931
0.0543296,0.003765457475415463
0.0543504,-0.022384203957525238
0.0543712,0.013501162746569245
0.054392,0.009709931274977459
0.054412800000000004,-0.020001545360433696
0.0544336,-0.00022030410233833827
0.0544544,0.015941021463040855
0.0544752,-0.005321056695323508
0.054496,-0.01654903588684238
0.054516800000000004,0.03135558280859914
0.0545376,-0.02184144614273071
0.0545584,0.00512124111656992
0.0545792,0.021090358188391358
0.0546,0.014418596982415613
0.054620800000000004,-0.0389374066408069
0.054641600000000005,-0.008162536304495543
0.0546624,-0.00413266041603425
0.0546832,-0.005660028359409442
0.054704,0.011456152041665503
0.054724800000000004,0.009838266532963021
0.054745600000000005,0.0016151807830686047
0.0547664,0.004372759788724742
0.0547872,0.019625941457840145
0.054808,0.02447534011129016
0.054828800000000004,-0.039299032931006186
0.054849600000000005,0.04358839870262564
0.0548704,-0.011916167574086839
0.0548912,0.015245289276632403
0.054912,-0.033650487969308335
0.054932800000000004,-0.010999133476095178
0.054953600000000005,-0.026044716455416676
0.0549744,0.021599912092242372
0.0549952,0.01758384313216947
0.055016,-0.00028517122212147835
0.055036800000000004,-0.00383243527307246
0.055057600000000005,0.007487340871615103
0.0550784,-0.019435844798857807
0.0550992,-0.012683059211469562
0.05512,-0.01588134899075099
0.055140800000000004,0.016300817508621435
0.055161600000000005,0.00019781475406170407
0.0551824,-0.026203942943613976
0.0552032,0.006680577269507737
0.055224,0.010365032568079467
0.055244800000000004,0.027860380926977745
0.055265600000000005,-0.011601622351487881
0.0552864,0.007912277293471671
0.0553072,0.041962852148195055
0.055328,-0.006912767549967073
0.055348800000000004,-0.007686165814251346
0.055369600000000005,0.01003714875395885
0.0553904,-0.010492122708104786
0.0554112,-0.0002902060939789107
0.055432,-0.01056098034432562
0.055452800000000003,-0.016255486587368577
0.055473600000000005,0.01747671130997649
0.0554944,-0.007986968746366062
0.0555152,-0.020785449826856213
0.055536,-0.006229306725346718
0.0555568,-0.003294533670172477
0.055577600000000005,0.0056485639839614155
0.0555984,0.018538223671454766
0.0556192,0.03547087324447785
0.05564,-0.025345570074133007
0.0556608,-0.005513102890664882
0.055681600000000005,-0.037471449597973175
0.0557024,0.003879057989266342
0.0557232,0.00996565961558533
0.055744,-0.01393289566284263
0.0557648,-0.01927879513288691
0.055785600000000005,-0.02090431033781866
0.0558064,-0.031206775059647713
0.0558272,0.01189659819436949
0.055848,0.037759963955684636
0.0558688,-0.024062523239969724
0.055889600000000005,0.03206495038032471
0.0559104,-0.003385714643006191
0.0559312,-0.029319598300819604
0.055952,0.010240073215798996
0.0559728,0.014156822781656133
0.055993600000000004,0.0067251359773334895
0.0560144,-0.0065798134116204915
0.0560352,0.032498890523941
0.056056,-0.007113404514037505
0.0560768,0.011485815738305252
0.056097600000000004,0.011746152344994067
0.0561184,-0.0195986696392684
0.0561392,-0.03898808502010914
0.05616,-0.03660170446827579
0.0561808,-0.009609377939999759
0.056201600000000004,0.005637091173867235
0.0562224,-0.037700899003162085
0.0562432,-0.016271174478062575
0.056264,0.02940563878371617
0.0562848,-0.03811929324928927
0.056305600000000004,0.007646249129065112
0.0563264,0.005379518214882123
0.0563472,0.014204934446708522
0.056368,-0.031640642690344715
0.0563888,0.005011691930830368
0.056409600000000004,-0.030061032835561385
0.0564304,0.025183366143467403
0.0564512,-0.019422490657369056
0.056472,0.005797677418767633
0.0564928,-0.018146153402155082
0.056513600000000004,0.0008646637119963178
0.056534400000000005,-0.033078564301344184
0.0565552,0.0037915626613663736
0.056576,0.010255908722371325
0.0565968,-0.0022017768337029716
0.056617600000000004,0.030784178388804016
0.056638400000000005,0.005497966289606532
0.0566592,0.013947826520197909
0.05668,0.008281037446695776
0.0567008,0.036071858065559036
0.056721600000000004,-0.015302986791323038
0.056742400000000005,-0.007445542121404607
0.0567632,-0.006388024080463656
0.056784,0.01061548994417545
0.0568048,0.0034092909566797885
0.056825600000000004,0.01507721754770129
0.056846400000000005,0.004165381213151319
0.0568672,-0.012289020255024676
0.056888,-0.0030580535681256956
0.0569088,0.007115963338375822
0.056929600000000004,-0.04817947708931522
0.056950400000000005,0.02654977631105035
0.0569712,-0.013173718871561518
0.056992,-0.008834528010114013
0.0570128,0.0037284851550211384
0.057033600000000004,-0.006615210024174196
0.057054400000000005,-0.031027690538666854
0.0570752,-0.006092990042483747
0.057096,0.026818322012448808
0.0571168,0.01996622563352433
0.057137600000000004,0.02385765571948695
0.057158400000000005,-0.012464615560623265
0.0571792,-0.00558809384485454
0.0572,0.020299250617446665
0.0572208,0.02914923274654928
0.057241600000000004,-0.0003804849442243783
0.057262400000000005,-0.02069981255458895
0.0572832,-0.040282508136774496
0.057304,0.02806546810100216
0.0573248,-0.03186879850261921
0.057345600000000004,0.0080147116138276
0.057366400000000005,0.017474573989705557
0.0573872,0.06587313375710345
0.057408,0.003315963277080837
0.0574288,-0.0028548813844891004
0.0574496,0.008954022610952479
0.057470400000000005,0.010043656310144257
0.0574912,0.027122990387748024
0.057512,0.013788026205370887
0.0575328,-0.015945416332229838
0.0575536,-0.04350420673833209
0.057574400000000005,0.005865951998211637
0.0575952,-0.014083553554929388
0.057616,0.02878464595783662
0.0576368,-0.02712456755922702
0.0576576,0.0040113881455012615
0.057678400000000005,-0.01512675472798093
0.0576992,-0.018120368169475046
0.05772,0.03421800635263832
0.0577408,0.003433691260528994
0.0577616,-0.003763096100567335
0.057782400000000005,0.015212589781746498
0.0578032,-0.016194169779393888
0.057824,-0.007593456556808884
0.0578448,-0.013157238850413915
0.0578656,0.040845348343973915
0.057886400000000005,0.006798700837449009
0.0579072,0.012962385118909667
0.057928,0.023005376851832682
0.0579488,-0.0038479604509409366
0.0579696,-0.0032079608220081097
0.057990400000000004,-0.03381505193909983
0.0580112,0.009863076755929477
0.058032,0.005313177759295318
0.0580528,-0.008546713934241574
0.0580736,0.02483957810408808
0.058094400000000004,-0.03697933280877584
0.0581152,0.008616846715764948
0.058136,-0.02855346886327847
0.0581568,-0.02372056859394341
0.0581776,-0.004433847419293509
0.058198400000000004,0.027487977560523427
0.0582192,-0.024694363620360097
0.05824,-0.02076861649510702
0.0582608,-0.025162513057125486
0.0582816,0.04158332745525388
0.058302400000000004,0.010733741723835382
0.0583232,0.00830650926258709
0.058344,0.042682711941835726
0.0583648,0.005080108689444474
0.0583856,-0.04366123185380293
0.058406400000000004,-0.010560948023519985
0.058427200000000006,-0.024895080804941374
0.058448,0.04190489498583082
0.0584688,-0.029459610197492058
0.0584896,0.006200362268050806
0.058510400000000004,-0.010792411417918106
0.058531200000000005,-0.009258860218744754
0.058552,0.00032100327819047976
0.0585728,-0.0029088974308490384
0.0585936,-0.014329045142163195
0.058614400000000004,-0.025783864543818404
0.058635200000000005,-0.01366040664800069
0.058656,-0.02182036324410971
0.0586768,-0.01899179922704331
0.0586976,0.00229772003071532
0.058718400000000004,-0.0033410777119273665
0.058739200000000005,0.009757216830416408
0.05876,-0.0051306821170283515
0.0587808,0.03975808881500758
0.0588016,-0.015396348787719385
0.058822400000000004,-0.020989149823587443
0.058843200000000005,0.021078202790891117
0.058864,-0.014891908911756586
0.0588848,0.0023552218517533434
0.0589056,0.020106031337820275
0.058926400000000004,-0.0022859265393942543
0.058947200000000005,-0.007629620680266567
0.058968,0.019872019417725952
0.0589888,0.006644735990940029
0.0590096,-0.011322215376307943
0.059030400000000004,-0.025181406664998095
0.059051200000000005,-0.008159861550294903
0.059072,-0.034760378586185116
0.0590928,-0.018448069980544372
0.0591136,-0.023091394300670916
0.059134400000000004,0.0057893563155706155
0.059155200000000005,0.015517701180592184
0.059176,-0.013888834838342445
0.0591968,-0.009520033817634119
0.0592176,-0.023271401330041443
0.059238400000000004,-0.029117432143972978
0.059259200000000005,-0.009399863751846406
0.05928,0.011293025627109621
0.0593008,0.009317346208454523
0.0593216,0.011803228675456964
0.059342400000000003,-0.006119983783086268
0.059363200000000005,-0.05721245197965193
0.059384,0.0188374709434229
0.0594048,0.027034160846923158
0.0594256,0.018535373785377663
0.0594464,0.018375371984121296
0.059467200000000005,0.022429001710859046
0.059488,0.05539366575922692
0.0595088,0.006418226186964227
0.0595296,0.03209784691433307
0.0595504,0.016636198539407027
0.059571200000000005,0.013941965880504925
0.059592,-0.002861844608085646
0.0596128,-0.0072556845966944665
0.0596336,-0.023478392634180154
0.0596544,0.012091728893499321
0.059675200000000005,-0.006580836485540975
0.059696,-0.025022487144719344
0.0597168,-0.015864042641426913
0.0597376,-0.024747063681014942
0.0597584,0.0331591114551311
0.059779200000000005,-0.005176857200602668
0.0598,0.0021502045072768526
0.0598208,-0.025263484542117853
0.0598416,-0.02155414720000512
0.0598624,0.021706767951006945
0.059883200000000004,-0.004964321228124146
0.059904,0.004535417572376592
0.0599248,0.038074390800112344
0.0599456,0.04336831424710093
0.0599664,0.014264645662074827
0.059987200000000004,0.010080043757410959
0.060008,0.004872417613339791
0.0600288,-0.0059635538867748965
0.0600496,0.042038610467248536
0.0600704,-0.025275982858541768
0.060091200000000004,-0.0018888901409023426
0.060112,-0.039992863712341585
0.0601328,-0.026319226895983316
0.0601536,0.008359522458734127
0.0601744,0.009475912923661244
0.060195200000000004,0.0069897873240587
0.060216000000000006,-0.006747730087808317
0.0602368,-0.014709702280283506
0.0602576,-0.011210797930393052
0.0602784,-0.007970742166607793
0.060299200000000004,0.02273107148428267
0.060320000000000006,0.03030061607349124
0.0603408,0.009187442114791805
0.0603616,-0.011200043020699022
0.0603824,-0.01947771889975182
0.060403200000000004,0.006320962546157202
0.060424000000000005,-0.004755937942096687
0.0604448,-0.03792021220188165
0.0604656,0.02848682721269928
0.0604864,-0.00017166070850774072
0.060507200000000004,-0.006629221568661508
0.060528000000000005,-0.01809259764165448
0.0605488,-0.018172022459466967
0.0605696,0.01868207607745234
0.0605904,-0.019618788777554002
0.060611200000000004,0.001988974540595157
0.060632000000000005,0.01318835015031126
0.0606528,0.0383286132169129
0.0606736,0.012561458310585357
0.0606944,-0.0007108795838048647
0.060715200000000004,-0.009145235371214798
0.060736000000000005,0.01778744131486246
0.0607568,0.020878119004548484
0.0607776,-0.008853100490906924
0.0607984,0.012210936870539773
0.060819200000000004,-0.0028739521677324078
0.060840000000000005,-0.03373042484442914
0.0608608,-0.02092827385054246
0.0608816,0.016822941278011986
0.0609024,0.02997218115989768
0.060923200000000004,0.014107515117788945
0.060944000000000005,-0.0042022736848951305
0.0609648,-0.014889132955096624
0.0609856,0.011155136665984184
0.0610064,0.006879034564160235
0.061027200000000004,-0.03362437943944154
0.061048000000000005,0.013540120042191555
0.0610688,-0.014698366925478767
0.0610896,0.01396688558865836
0.0611104,0.011166067083092299
0.061131200000000004,0.015093451859398657
0.061152000000000005,0.02228080961810963
0.0611728,0.014656571241416188
0.0611936,-0.021802828448175608
0.0612144,-0.021157507908573576
0.061235200000000004,0.021620936758732556
0.061256000000000005,0.009934017148687201
0.0612768,-0.03264643864703925
0.0612976,-0.04169927343753816
0.0613184,0.018600735043134774
0.0613392,0.04626743843232245
0.061360000000000005,0.01724151037854321
0.0613808,-0.004884737584216673
0.0614016,0.005610126935602541
0.0614224,-0.05656506501247988
0.0614432,-0.02069323820135549
0.061464000000000005,0.02112933773414796
0.0614848,0.01796312664715722
0.0615056,-0.044156102518213045
0.0615264,0.024645620162027423
0.0615472,0.011183377710091997
0.061568000000000005,0.01953804525296551
0.0615888,-0.004138902762913426
0.0616096,0.00015204287585804843
0.0616304,-0.022338925709849102
0.0616512,0.00673422591910768
0.061672000000000005,0.018697882377697685
0.0616928,-0.019484725318037285
0.0617136,0.007683710048433992
0.0617344,-0.010985059850592178
0.0617552,0.021744866389118205
0.061776000000000005,0.020448148220707566
0.0617968,-0.049005609787731254
0.0618176,0.009482449213331367
0.0618384,0.021172735761710287
0.0618592,-0.01157943651004876
0.061880000000000004,-0.004427303717273805
0.0619008,-0.0030873455677525516
0.0619216,-0.023754838202791163
0.0619424,-0.0023582889685413587
0.0619632,0.03240030215709854
0.061984000000000004,0.009984893104331592
0.0620048,0.03173504153590398
0.0620256,0.02070131474869512
0.0620464,0.025036735337059413
0.0620672,0.002618248002330507
0.062088000000000004,0.01619887913968856
0.062108800000000006,0.04200443588770593
0.0621296,0.03069485394392742
0.0621504,0.006802373783006165
0.0621712,-0.014434911870979616
0.062192000000000004,-0.019099766307254046
0.062212800000000006,0.005075057163339728
0.0622336,0.009202539032427917
0.0622544,-0.03809163468560503
0.0622752,0.004644484381224501
0.062296000000000004,0.007302657482536715
0.062316800000000006,0.00636818917132962
0.0623376,-0.011337160254841416
0.0623584,0.047965270891897324
0.0623792,0.018215795437009446
0.062400000000000004,-0.028456680294781385
0.062420800000000005,-0.014811791807284556
0.0624416,0.016678050223963528
0.0624624,0.010658682367925257
0.0624832,0.0026376541285506906
0.062504,-0.0006869758799274655
0.0625248,-0.004525356820377763
0.0625456,-0.00942754986396634
0.06256640000000001,-0.02145644841364984
0.0625872,0.011759109831195373
0.062608,-0.057972292340482914
0.0626288,-0.01548030558584816
0.0626496,0.025349904601737742
0.0626704,-0.016726523739398712
0.0626912,-0.025265228725907158
0.062712,0.03878492898735757
0.0627328,0.021015520592134056
0.0627536,-0.003709827250767768
0.06277440000000001,-0.012789847059129942
0.0627952,-0.005500602181102365
0.062816,-0.007936849968608552
0.0628368,-0.005770846942332398
0.0628576,-0.01609997938034482
0.0628784,0.010432984648611374
0.0628992,-0.012382591016493888
0.06292,-0.038465285303251544
0.0629408,-0.027721027844691708
0.0629616,-0.0009285470866839456
0.06298240000000001,-0.022121027558983455
0.06300320000000001,-0.05234632838847564
0.063024,0.030025194639218548
0.0630448,0.009173406135955414
0.0630656,-0.011006542272598663
0.0630864,-0.012033780170436648
0.0631072,0.009379246129305976
0.063128,0.027174953656863607
0.0631488,-0.01421540447812144
0.0631696,0.007186057568245268
0.06319040000000001,-0.014300569470941079
0.06321120000000001,0.005369510561626676
0.063232,-0.024981364525427194
0.0632528,-0.03932528945397283
0.0632736,0.00035229874083372414
0.0632944,-0.002791210237641334
0.0633152,0.013503241976405886
0.063336,-0.015316530755309787
0.0633568,0.026956595096183117
0.0633776,0.0004982713643829944
0.06339840000000001,0.03048141035603458
0.06341920000000001,-0.008540078199614762
0.06344,0.029761819168156005
0.0634608,-0.0028158772331617495
0.0634816,0.001453352745323864
0.0635024,0.01850597021713868
0.0635232,-0.03811730251582016
0.063544,-0.02355466787147256
0.0635648,0.03652579352371522
0.0635856,-0.03268916195753926
0.06360640000000001,-0.011793151343908471
0.06362720000000001,0.009800939845334856
0.063648,0.028824424267383936
0.0636688,-0.011935714405171154
0.0636896,0.0012594354593031237
0.0637104,-0.02482989140227614
0.0637312,-0.009367591928450512
0.063752,0.019835937121164156
0.0637728,0.005392637017298755
0.0637936,-0.0020103545625406683
0.06381440000000001,0.007475401742829228
0.06383520000000001,0.0015437613988547084
0.063856,0.0022267326809247727
0.0638768,-0.008568678878694686
0.0638976,-0.02150097214041751
0.0639184,0.012764468781233263
0.0639392,-0.025055476250264018
0.06396,0.01990717621786591
0.0639808,0.04285732209422099
0.0640016,0.030214897758746726
0.06402240000000001,0.04683299364965698
0.06404320000000001,-0.022631148666335362
0.064064,0.0039811697500473356
0.0640848,-0.018148218244135716
0.0641056,-0.016293678257301186
0.0641264,-0.036466801804459346
0.0641472,-0.02605198453953109
0.064168,0.016796867257240732
0.0641888,0.013586018985788081
0.0642096,0.024070265066194935
0.0642304,0.02251949385731697
0.06425120000000001,0.01546597750980546
0.064272,-0.017291301000558777
0.0642928,-0.0030036922953487035
0.0643136,0.014581406075578762
0.0643344,0.02525525049390795
0.0643552,-0.00823790288153732
0.064376,-0.010657402840406378
0.0643968,-0.009451166096215184
0.0644176,0.03252688521555262
0.0644384,0.01132210682469668
0.06445920000000001,-0.0068477244514997685
0.06448,-0.01613071182426472
0.0645008,0.008740954265661327
0.0645216,-0.03490320606444301
0.0645424,-0.004907834846928581
0.0645632,-0.011943312014771768
0.064584,-0.012224131612872606
0.0646048,0.004029282033653316
0.0646256,0.008434478439141076
0.0646464,0.06258871840711663
0.06466720000000001,0.002070721070351054
0.064688,0.014344002572814542
0.0647088,-0.01658348806011111
0.0647296,-0.034098473693331605
0.0647504,0.02359718519150046
0.0647712,0.04052324764460544
0.064792,-0.02044265874048505
0.0648128,-0.001339248697206295
0.0648336,0.023088625698661484
0.0648544,0.0021602172820449424
0.06487520000000001,-0.049105255175525254
0.06489600000000001,0.021067081670745832
0.0649168,-0.0026635903337751156
0.0649376,0.01522801049030564
0.0649584,-0.01956638814079566
0.0649792,0.018475083895509604
0.065,0.021693575264470192
0.0650208,-0.014551943335584933
0.0650416,0.010459970061207172
0.0650624,-0.012768232032539018
0.06508320000000001,-0.010057979652377409
0.06510400000000001,-0.018359548059737493
0.0651248,-0.008597159716901179
0.0651456,-0.01362283732145326
0.0651664,0.024431016458569262
0.0651872,-0.004331120233970492
0.065208,-0.022848100843029205
0.0652288,0.028503302812155407
0.0652496,0.011502735957165234
0.0652704,0.020700124470755324
0.06529120000000001,-0.0009549818505251459
0.06531200000000001,0.01472720106441222
0.0653328,-0.001609798492654129
0.0653536,-0.01919820544650902
0.0653744,0.0026359056539413295
0.0653952,0.0034349123199991
0.065416,0.0032782485216780676
0.0654368,0.017795655972437107
0.0654576,-0.03508606641144187
0.0654784,0.006621806132932879
0.06549920000000001,-0.0158311535405581
0.06552000000000001,-0.005181259119292376
0.0655408,0.009777046645829509
0.0655616,0.001986870591440556
0.0655824,-0.01310753586170261
0.0656032,0.01625905509537931
0.065624,-0.00039761636501601014
0.0656448,0.0199833384789063
0.0656656,0.02615384625159122
0.0656864,-0.006440344450225073
0.06570720000000001,-0.021602470230514478
0.06572800000000001,0.002609280424724341
0.0657488,0.017676029838170598
0.0657696,0.007536642144369721
0.0657904,-0.022933996250675173
0.0658112,-0.03371040454187248
0.065832,-0.01822950667658862
0.0658528,-0.0183975072244344
0.0658736,0.013819936599038313
0.0658944,0.002372473211538761
0.06591520000000001,0.019008715848166043
0.06593600000000001,-0.0006147755856874617
0.0659568,0.035400898911294124
0.0659776,0.0014141817559968296
0.0659984,0.012528369773446702
0.0660192,-0.007156203000863124
0.06604,0.01039307471512101
0.0660608,0.023490822047308554
0.0660816,0.017136046975991446
0.0661024,0.0274137791931148
0.06612320000000001,-0.011044178172532884
0.06614400000000001,0.010672850577653204
0.0661648,0.036257993184996506
0.0661856,0.006551655036529359
0.0662064,-0.0019394257931104118
0.0662272,-0.0032849946776883354
0.066248,-0.009298241648098126
0.0662688,0.004386227868848995
0.0662896,0.029805765133988086
0.0663104,0.01067049120234715
0.0663312,0.0009234584595140677
0.06635200000000001,-0.014759331973860423
0.0663728,-0.021758251690600396
0.0663936,0.05002163029891248
0.0664144,-0.008166313569489974
0.0664352,0.0034045294426304253
0.066456,-0.008516408347827433
0.0664768,0.0047570764940603185
0.0664976,-0.007398186900641533
0.0665184,0.0034445721767843653
0.0665392,0.030756058009467284
0.06656000000000001,-0.01381547804239791
0.0665808,0.01192923894187893
0.0666016,-0.00024057732017036896
0.0666224,0.015741506670677283
0.0666432,-0.012763764636460657
0.066664,0.009284886728315064
0.0666848,-0.018964174134474484
0.0667056,-0.036134164427843514
0.0667264,-0.025894446123763553
0.0667472,-0.018585866984411822
0.06676800000000001,-0.02217427491056623
0.06678880000000001,-0.006050985603633347
0.0668096,0.022851138411983815
0.0668304,-0.022691420953745114
0.0668512,0.009424243256271543
0.066872,0.003346613762629575
0.0668928,-0.014080769097653517
0.0669136,-0.018719017900489902
0.0669344,0.008837439414034389
0.0669552,0.009865830582113043
0.06697600000000001,-0.006916742660389101
0.06699680000000001,-0.0029387039585940466
0.0670176,-0.0001084017970307712
0.0670384,-0.026500428697988514
0.0670592,0.002235382293155152
0.06708,0.0062279221989036595
0.0671008,0.03555094290175927
0.0671216,-0.025731640046155815
0.0671424,-0.017545154905955797
0.0671632,0.0017172482352677651
0.06718400000000001,-0.011833067862104075
0.06720480000000001,-0.008184603087260404
0.0672256,0.00015634775374228003
0.0672464,-0.0059327147884680135
0.0672672,-0.0006783851447507775
0.067288,0.008881971750897139
0.0673088,-0.03267038553492678
0.0673296,0.01132888243390029
0.0673504,-0.045312299869005326
0.0673712,0.03435472923116335
0.06739200000000001,0.018712373495064234
0.06741280000000001,-0.012199973236114157
0.0674336,0.02058838943886318
0.0674544,-0.0028743362837462165
0.0674752,0.008843953431244127
0.067496,0.015352243911216092
0.0675168,0.007153316933102929
0.0675376,0.0002096903503052808
0.0675584,0.012693294529623316
0.0675792,-0.0036198274065315367
0.06760000000000001,-0.007353523133524641
0.06762080000000001,-0.01881915654850074
0.0676416,-0.03609082711953312
0.0676624,0.03211691062154717
0.0676832,0.015965088131278136
0.067704,-0.027855558918331892
0.0677248,0.008259344506522933
0.0677456,0.00449114295803143
0.0677664,-0.04388887239309496
0.0677872,-0.01640197260273164
0.06780800000000001,-0.0017575560068353983
0.06782880000000001,0.034863976585114316
0.0678496,0.022368610788612405
0.0678704,0.025658428409928477
0.0678912,0.006769075853745255
0.067912,0.020472572893976877
0.0679328,-0.023125701120912914
0.0679536,0.012829195678664054
0.0679744,0.015113138816269349
0.0679952,-0.024885721911702238
0.06801600000000001,0.005562965648678049
0.06803680000000001,0.03109023788524063
0.0680576,0.039220239244890175
0.0680784,0.029014890929028005
0.0680992,-0.013525832077777756
0.06812,-0.0011626563030904871
0.0681408,-0.00968965879936514
0.0681616,0.025394255684146008
0.0681824,-0.01620773398984663
0.0682032,-0.020274889651729182
0.068224,-0.03174095677716383
0.06824480000000001,0.004717344185021519
0.0682656,0.009511988191441808
0.0682864,-0.011220126128704185
0.0683072,-0.014366434805236902
0.068328,-0.0029230336712743133
0.0683488,0.027784022091588083
0.0683696,-0.02610579303115348
0.0683904,2.7781253812262363e-05
0.0684112,0.005084142308797791
0.068432,0.008401051040073658
0.06845280000000001,0.02610890887586083
0.0684736,0.017563711888714813
0.0684944,0.006444232598541114
0.0685152,0.030279251191424807
0.068536,0.023875362859860853
0.0685568,0.006800984444492127
0.0685776,0.005742498224975922
0.0685984,-0.022718370864867967
0.0686192,0.0036146112718718165
0.06864,-0.014701612696440767
0.06866080000000001,-0.02183970694487742
0.06868160000000001,-0.004531691616593731
0.0687024,-0.03361494273762275
0.0687232,-0.01689859239677127
0.068744,-0.009424286208144882
0.0687648,0.007556370966572737
0.0687856,-0.005622654659782504
0.0688064,0.00866479550552468
0.0688272,0.03242770658944038
0.068848,0.017091738324587557
0.06886880000000001,-0.02250386486863127
0.06888960000000001,-0.03504360093013812
0.0689104,-0.017874433355295795
0.0689312,-0.017385557851257432
0.068952,-0.03936339901191379
0.0689728,-0.034203867010518314
0.0689936,-0.03422830600696932
0.0690144,-0.012047201387724861
0.0690352,0.028482437931022214
0.069056,0.03400340071578312
0.06907680000000001,-0.020785041923942895
0.06909760000000001,-0.00964451983135272
0.0691184,-0.02805544613500214
0.0691392,-0.033362204287409596
0.06916,-0.0023371744925568733
0.0691808,-8.732469565624716e-05
0.0692016,-0.013825598353354493
0.0692224,0.011350192683033949
0.0692432,-0.008055269726020695
0.069264,0.020344684256631076
0.06928480000000001,-0.011566333693978057
0.06930560000000001,0.015522221105799894
0.0693264,-0.005678653140227348
0.0693472,0.0008150282838531834
0.069368,0.01076607467355997
0.0693888,-0.028480966792580307
0.0694096,-0.01659572170748675
0.0694304,-0.0031921110234929724
0.0694512,-0.007379884451378448
0.069472,0.0033579209331184067
0.06949280000000001,-0.01802573523928989
0.06951360000000001,-0.02843608160565866
0.0695344,-0.003991207647802817
0.0695552,0.003894647854616646
0.069576,-0.017996942086771987
0.0695968,0.02245549106435801
0.0696176,0.012061448800984323
0.0696384,0.01521813646717213
0.0696592,0.013969846775197824
0.06968,-0.018794435540438633
0.06970080000000001,0.04099037043543433
0.06972160000000001,-0.015587783430054805
0.0697424,0.0063685739040163945
0.0697632,0.013521695489843213
0.069784,0.005854089044123226
0.0698048,0.003102018173759878
0.0698256,-0.016730683286775537
0.0698464,-0.0083046105263875
0.0698672,0.00044300825066435646
0.069888,0.02594531204908665
0.06990880000000001,-0.013157448171348564
0.06992960000000001,0.013924863250493693
0.0699504,0.009038360292097597
0.0699712,0.0021503776974324033
0.069992,-0.010441607122139113
0.0700128,-0.002103214764896472
0.0700336,-0.033740886068098844
0.0700544,0.0031012950573936437
0.0700752,0.007599014916125881
0.070096,-0.00912070632020234
0.0701168,0.011851883098140297
0.07013760000000001,0.007746285899471373
0.0701584,-0.013007767646487813
0.0701792,0.018361486644284754
0.0702,-0.008978118911839387
0.0702208,0.04990479402573428
0.0702416,-0.018791551234547767
0.0702624,-0.014391800534537688
0.0702832,-0.01093278450065918
0.070304,0.006544651053310384
0.0703248,0.02499308172413382
0.07034560000000001,0.003619679406963059
0.0703664,-0.006223721287019015
0.0703872,0.03978214297335503
0.070408,0.022156039709198834
0.0704288,-0.0038710544010294146
0.0704496,-0.000558438883174807
0.0704704,-0.028960772934931822
0.0704912,0.002378246021391679
0.070512,0.035969476814885944
0.0705328,-0.0217313907211686
0.07055360000000001,-0.0268117947610942
0.07057440000000001,0.00411555933286783
0.0705952,-0.04641793313309628
0.070616,0.029166440081995045
0.0706368,-0.02894159164632862
0.0706576,-0.013235561788895208
0.0706784,-0.002062023272449544
0.0706992,0.025025438804011903
0.07072,0.008832029305225603
0.0707408,-0.03708322300406572
0.07076160000000001,-0.033013760988478996
0.07078240000000001,0.004688313959068021
0.0708032,-0.04136014332133124
0.070824,-0.005507688658909924
0.0708448,-0.01624442242321134
0.0708656,0.016153534112635138
0.0708864,0.02415855179036734
0.0709072,-0.050240457581509225
0.070928,0.008501506297030224
0.0709488,0.012647533261145143
0.07096960000000001,-0.015538942040504673
0.07099040000000001,-0.012266446309832485
0.0710112,-0.024340094677854557
0.071032,-0.007312984100816003
0.0710528,0.007653963891535187
0.0710736,0.026267889742707624
0.0710944,0.028231299500502495
0.0711152,-0.006288419213462863
0.071136,-0.01725153772410173
0.0711568,0.01931883712526276
0.07117760000000001,-0.05590342437097634
0.07119840000000001,-0.028746823854620237
0.0712192,0.012083459109032465
0.07124,0.043797101871583866
0.0712608,-0.0164401501259687
0.0712816,0.001258968057290275
0.0713024,-0.023096169261180858
0.0713232,-0.0022503467388696745
0.071344,-0.002295743159507738
0.0713648,-0.015860287025304443
0.07138560000000001,0.007127051849347045
0.07140640000000001,-0.004084595643189007
0.0714272,0.009481277335779843
0.071448,-0.0046473199215355575
0.0714688,-0.02469176741232798
0.0714896,0.002274022979204858
0.0715104,0.01663633533235855
0.0715312,-0.01622385273145553
0.071552,0.026381516310584545
0.0715728,0.008610676062140646
0.07159360000000001,-0.007578013997022221
0.07161440000000001,0.0003512417728400054
0.0716352,-0.008732624469759703
0.071656,-0.01833773565623425
0.0716768,0.01809203209538466
0.0716976,0.017806744918181655
0.0717184,-0.009287328172606827
0.0717392,-0.0038994465120487467
0.07176,-0.004407728726265384
0.0717808,0.013730316343323426
0.07180160000000001,0.029138701302469865
0.07182240000000001,-0.013363548345901675
0.0718432,0.006032255135242863
0.071864,-0.0005231142877153458
0.0718848,0.011105430823825818
0.0719056,0.028823115467538605
0.0719264,-0.017528703223831328
0.0719472,-0.041233187102036155
0.071968,-0.003369963411193449
0.0719888,-0.03202525370911772
0.0720096,0.0335331590741038
0.07203040000000001,-0.013874551828725322
0.0720512,-0.005538990317072917
0.072072,0.0049963010404907495
0.0720928,0.004310229437403857
0.0721136,-0.008267591953307977
0.0721344,0.00018052319564568038
0.0721552,0.019167475741996187
0.072176,-0.005949084192237373
0.0721968,0.037326475214434406
0.0722176,0.007400453033098001
0.07223840000000001,-0.04681440336674712
0.07225920000000001,0.01817113855225118
0.07228,-0.03483117541043228
0.0723008,0.007112662093381738
0.0723216,0.04559787421192408
0.0723424,0.02200270429254492
0.0723632,-0.022246084469269452
0.072384,-0.01585272657835716
0.0724048,0.0008579443387798491
0.0724256,0.029557295527054783
0.07244640000000001,-0.014176291640595355
0.07246720000000001,0.022674193898220944
0.072488,0.006684296973725432
0.0725088,-0.0014978245043653657
0.0725296,-0.0027798502442662023
0.0725504,0.03420429176684638
0.0725712,-0.029624393785862523
0.072592,-0.02219422425007958
0.0726128,0.0185327656127574
0.0726336,0.020414745358779452
0.07265440000000001,-0.025510826966137462
0.07267520000000001,-0.0178910326559869
0.072696,-0.02257334364090557
0.0727168,0.01153615437720026
0.0727376,-0.012646180214717858
0.0727584,0.029031761454121507
0.0727792,0.01593358527523741
0.0728,0.005838477852382394
0.0728208,0.004533822047947049
0.0728416,0.011362880494960799
0.07286240000000001,0.017409395399172273
0.07288320000000001,0.0007287056705015204
0.072904,0.005622010757654093
0.0729248,0.016240567319826933
0.0729456,-0.0009287631861655863
0.0729664,0.020471257975297943
0.0729872,-0.002312994944091973
0.073008,-0.014957700508903021
0.0730288,0.004193911516173962
0.0730496,0.03356029427936344
0.07307040000000001,0.03039950568375573
0.07309120000000001,-0.0316430197435582
0.073112,0.0065048682289384095
0.0731328,-0.009604994529807979
0.0731536,-0.0062340311520915235
0.0731744,-0.006647746442378675
0.0731952,-0.004387628283511387
0.073216,-0.010314260547926224
0.0732368,-0.005396544653601328
0.0732576,0.004583109410605702
0.07327840000000001,-0.024008671266449975
0.07329920000000001,-0.024634493078350674
0.07332,-0.02236282283381982
0.0733408,-0.022658897818505396
0.0733616,0.011930686070348502
0.0733824,-0.02212840011061682
0.0734032,-0.0016036377680413536
0.073424,0.0012650151248915142
0.0734448,0.014306893019082268
0.0734656,0.0005443111277568029
0.07348640000000001,0.021107390100431923
0.07350720000000001,-0.001182397945684966
0.073528,0.004976977342065806
0.0735488,0.015189823216853237
0.0735696,-0.029204816736745215
0.0735904,0.007777550946065247
0.0736112,0.030233825445817042
0.073632,0.0022271880121294742
0.0736528,-0.004869002193456494
0.0736736,0.03805798735201832
0.07369440000000001,0.002108025651089981
0.07371520000000001,0.02468191135130417
0.073736,-0.047530195360817484
0.0737568,0.002100463337336374
0.0737776,-0.01005332492120893
0.0737984,0.0076918375495080415
0.0738192,0.023682340007007613
0.07384,-0.002970022319001707
0.0738608,-0.00447498399420323
0.0738816,-0.05641353226274169
0.07390240000000001,0.01577495083302835
0.07392320000000001,0.026621577085538074
0.073944,0.003030535709161215
0.0739648,-0.009504139735674592
0.0739856,0.00734466476391244
0.0740064,0.02072939007653017
0.0740272,0.012972589595575462
0.074048,0.04165503140568144
0.0740688,-0.011142639888878836
0.0740896,-0.027141253224127575
0.0741104,0.009863874645587934
0.07413120000000001,0.02545488510324255
0.07415200000000001,-0.009086090588639099
0.0741728,0.0001621062141132823
0.0741936,-0.012807755301716833
0.0742144,-0.025097015663789156
0.0742352,-0.014674180200059823
0.074256,-0.04133854003829983
0.0742768,0.005446256999824249
0.0742976,0.009241906539618703
0.0743184,0.0177167489245011
0.07433920000000001,-0.01659265006495798
0.07436000000000001,-0.012821544399815957
0.0743808,-0.03367172139769548
0.0744016,-0.029241239496490486
0.0744224,0.017702116591005772
0.0744432,0.0563637308571757
0.074464,-0.02126043071335166
0.0744848,-0.008042535825454299
0.0745056,0.0184953959693007
0.0745264,-0.01406765977475592
0.07454720000000001,0.011525359785869436
0.07456800000000001,-0.006186764108887647
0.0745888,-0.006136469149821229
0.0746096,0.017980552319751607
0.0746304,-0.0052242571473754855
0.0746512,-0.025502840448457
0.074672,0.01634278890039337
0.0746928,0.00037647524026590095
0.0747136,-0.011210355226378723
0.0747344,-0.01621561159364965
0.07475520000000001,0.011476603646692484
0.07477600000000001,-0.014521915431026034
0.0747968,0.002298876176015996
0.0748176,0.019937122477698674
0.0748384,-0.0022837955085873215
0.0748592,0.021700855608922952
0.07488,-0.027695865202457464
0.0749008,0.012069312066178275
0.0749216,0.010552890199725766
0.0749424,0.03739939631036322
0.07496320000000001,0.00033649568810960095
0.07498400000000001,0.017836790640321707
0.0750048,-0.0032528766241762055
0.0750256,-0.021300283696598917
0.0750464,-0.017653444602696577
0.0750672,-0.014203904708472055
0.075088,0.015502155603560431
0.0751088,-0.015644451830163792
0.0751296,0.0007803393751106792
0.0751504,0.01795696148874504
0.07517120000000001,0.024811276291716606
0.07519200000000001,0.018732730120399003
0.0752128,0.02983144285614706
0.0752336,-0.02270128335454356
0.0752544,-0.009787066081441694
0.0752752,0.00634090825554714
0.075296,0.02229461930765234
0.0753168,0.010058096621910349
0.0753376,-0.015348432506107906
0.0753584,-0.003804592350601962
0.07537920000000001,-0.033031572484474865
0.07540000000000001,0.01615128075818714
0.0754208,-0.03573561631049187
0.0754416,0.004315272044795778
0.0754624,0.0215395349710232
0.0754832,0.018076450345983274
0.075504,-0.03224423852926538
0.0755248,0.00428196267634455
0.0755456,-0.006953505718219294
0.0755664,-0.005937966138898206
0.07558720000000001,0.03285217789320609
0.07560800000000001,0.005745653151068152
0.0756288,-0.02864819716271294
0.0756496,-0.02159378664739133
0.0756704,0.014199068670803077
0.0756912,0.004494735159354767
0.075712,-0.022714703677205385
0.0757328,-0.03357704030265934
0.0757536,-0.011146300330162397
0.0757744,-0.008882605037203365
0.07579520000000001,0.01624227398385335
0.07581600000000001,-0.012354677047126674
0.0758368,0.013215300825061813
0.0758576,0.02405026280180781
0.0758784,-0.03227478154297277
0.0758992,-0.01196127273519257
0.07592,0.030777792269113577
0.0759408,-0.00922071688824332
0.0759616,-0.0006261216617008088
0.0759824,0.018961944721943205
0.0760032,-0.015588869489853052
0.07602400000000001,-0.008715117367883702
0.07604480000000001,-0.03354831272418039
0.0760656,0.010592378650735883
0.0760864,-0.010317452756890085
0.0761072,-0.007995409290547187
0.076128,-0.052130189002820945
0.0761488,0.018695845963406805
0.0761696,0.013159338012124445
0.0761904,-0.016670688572695498
0.0762112,0.023750514998477922
0.07623200000000001,-0.0499081001594115
0.07625280000000001,-0.002264227309234023
0.0762736,-0.03466738524165585
0.0762944,0.05358636618374777
0.0763152,-0.053365657870133754
0.076336,-0.025485706454017387
0.0763568,-0.016300949155361504
0.0763776,0.014964798322407016
0.0763984,0.015451247186624556
0.0764192,0.006539555410485782
0.07644000000000001,-0.006245448992746583
0.07646080000000001,0.04159206148899091
0.0764816,-0.015754523363703643
0.0765024,0.004935617059693481
0.0765232,0.03372385760751233
0.076544,-0.026108292762833964
0.0765648,-0.017617934185689185
0.0765856,0.020712385325153914
0.0766064,0.007719867209728924
0.0766272,-0.02774506739716817
0.07664800000000001,-0.0007824570253241702
0.07666880000000001,0.03714340271977577
0.0766896,-0.006606374581086982
0.0767104,0.014695049688640324
0.0767312,0.0010696209637424236
0.076752,-0.015318955687480021
0.0767728,0.030864858142635423
0.0767936,0.017947633276758048
0.0768144,0.022503710665579085
0.0768352,-0.004567147115428244
0.07685600000000001,0.0004980638994472504
0.07687680000000001,0.002946268398098915
0.0768976,0.007396956075962908
0.0769184,-0.008542064772681674
0.0769392,-0.01171899263221202
0.07696,0.0246967459160979
0.0769808,-0.023748045243097544
0.0770016,-0.010561823111086418
0.0770224,-0.009274733702272997
0.0770432,-0.012013576762034158
0.07706400000000001,-0.025970725411242734
0.07708480000000001,-0.017146934216372377
0.0771056,0.014368062724403354
0.0771264,-0.008987165200304677
0.0771472,-0.01660143926842538
0.077168,0.031747493092137945
0.0771888,-0.02855953354858913
0.0772096,0.019053100100748427
0.0772304,0.005321567005845524
0.0772512,-0.028954212121730827
0.07727200000000001,-0.00985668655030658
0.07729280000000001,-0.00959056973362718
0.0773136,0.024185044924985858
0.0773344,0.01662804940387449
0.0773552,-0.0073992445458581635
0.077376,-0.025431642467378352
0.0773968,-0.035808366639136086
0.0774176,-0.005230129274894421
0.0774384,-0.02998117788214996
0.0774592,-0.005391586269946085
0.07748000000000001,-0.005959112098510252
0.07750080000000001,0.0057257567604609766
0.0775216,0.018255210922086845
0.0775424,0.00035360181297832907
0.0775632,0.0076317663503791345
0.077584,-0.0052850308539928075
0.0776048,0.01906171169430516
0.0776256,0.014548443725727918
0.0776464,0.030194182473193824
0.0776672,0.025851983517298966
0.07768800000000001,-0.01646883887900312
0.07770880000000001,-0.031155550621792788
0.0777296,0.011081961539430892
0.0777504,0.021177104529128667
0.0777712,-0.015310338299352435
0.077792,0.028309284765362736
0.0778128,0.00013170692352787688
0.0778336,-0.003609599351853296
0.0778544,0.00530768697511704
0.0778752,-0.03009885208867561
0.077896,-0.0349595315027172
0.07791680000000001,-0.008923491218940106
0.07793760000000001,-0.025612582053848493
0.0779584,-0.002441869706491848
0.0779792,-0.0022342831240545077
0.078,-0.05374850713778834
0.0780208,-0.01838639604030457
0.0780416,0.008252664675632636
0.0780624,-0.04901708036464259
0.0780832,-0.009175276041792404
0.078104,-0.02959279294156239
0.07812480000000001,-0.04187802128342151
0.07814560000000001,0.019873340707390927
0.0781664,0.019089887114776712
0.0781872,-0.011041891373195096
0.078208,-0.012626164637520976
0.0782288,0.025242921622034974
0.0782496,0.02143991032312341
0.0782704,-0.002855603850571446
0.0782912,0.014749675815446115
0.078312,-0.0005886516685824804
0.07833280000000001,-0.008965891038875611
0.07835360000000001,0.009685125501882755
0.0783744,-0.011296995528495423
0.0783952,0.00909622881896845
0.078416,-0.007694055020142296
0.0784368,-0.011931966957289883
0.0784576,-0.01419060492189512
0.0784784,0.0063443121948384895
0.0784992,0.015995066207056662
0.07852,0.005794587237731247
0.07854080000000001,-0.02019725484513328
0.07856160000000001,0.00958003771572103
0.0785824,-0.020769805131409372
0.0786032,-0.025321722563892323
0.078624,-0.0067747259061869325
0.0786448,0.013460615399413543
0.0786656,0.011065200646394348
0.0786864,0.008549143288139474
0.0787072,0.024933023688167896
0.078728,0.014690819780898983
0.07874880000000001,-0.00970707335179649
0.07876960000000001,0.01318385405105727
0.0787904,-0.007841443430450998
0.0788112,0.005512482029925832
0.078832,0.009459784237738673
0.0788528,-0.0036995028428680587
0.0788736,-0.03192083630103067
0.0788944,-0.005041551298793983
0.0789152,-0.008241567866071938
0.078936,-0.00418942824304551
0.07895680000000001,-0.01036306733063377
0.07897760000000001,-0.024364218951398932
0.0789984,-0.03388973471004127
0.0790192,0.011431557948424485
0.07904,0.013950692848123666
0.0790608,0.005766221229885506
0.0790816,-0.002571147091918111
0.0791024,0.037376788774601426
0.0791232,0.011665056566870382
0.079144,-0.0011693953501810297
0.07916480000000001,0.015000963934934157
0.07918560000000001,-0.0028801994049693458
0.0792064,0.01253687494796151
0.0792272,0.0041843628613827625
0.079248,0.009349258558508395
0.0792688,-6.43044268681893e-05
0.0792896,-0.010265767190018003
0.0793104,0.008882215588102607
0.0793312,0.0211181571806297
0.079352,-0.01933767946743193
0.07937280000000001,-0.01166281366207056
0.07939360000000001,-0.02276726896866094
0.0794144,0.016330196360100288
0.0794352,-0.005422530767229018
0.079456,0.016633391335583298
0.0794768,-0.016742976720009066
0.0794976,0.01540185944357192
0.0795184,-0.012355858057044072
0.0795392,-0.010126017231612336
0.07956,0.009754475545283149
0.07958080000000001,-0.008649365791006744
0.07960160000000001,-0.012736100670464625
0.0796224,0.016835048914850267
0.0796432,-0.002173478005610837
0.079664,0.02375192296231843
0.0796848,0.04936398154662697
0.0797056,-0.011975934672440732
0.0797264,-0.007552124668222026
0.0797472,-0.03098232501505152
0.079768,-0.024244644746334393
0.07978880000000001,0.011099900034653687
0.07980960000000001,0.0051526011593619045
0.07983040000000001,0.004722229127085196
0.0798512,0.008347465587256934
0.079872,-0.017476216253351686
0.0798928,-0.03415790246173483
0.0799136,0.020703662940359517
0.0799344,0.004160644566932868
0.0799552,0.02173505352659208
0.079976,-0.0013307281692394857
0.0799968,0.014301086054461643
0.08001760000000001,-0.011129657625013983
0.08003840000000001,-0.0007851238848706505
0.0800592,-0.0039203782939776265
0.08008,0.006696694054686953
0.0801008,0.027013252688480684
0.0801216,0.012126675542839797
0.0801424,-0.05789141217462321
0.0801632,-0.0027123275538779796
0.080184,-0.0004826167265251228
0.0802048,0.015293317509634906
0.08022560000000001,0.0021639428165072224
0.08024640000000001,-0.014499822952106056
0.0802672,-0.01615802698431218
0.080288,-0.00727241929946045
0.0803088,-0.014618578782325017
0.0803296,0.0275564795831313
0.0803504,0.011340918949278665
0.0803712,0.0005188051050341051
0.080392,0.0186158380749514
0.0804128,0.04206820684822791
0.08043360000000001,-0.004655115537245823
0.08045440000000001,-0.001109832800697182
0.0804752,-0.006441787865714975
0.080496,-0.024811410234661616
0.0805168,-0.012974615486830259
0.0805376,-0.01896684076678753
0.0805584,0.009013154323169034
0.0805792,0.008446536701942437
0.0806,0.016806067550663897
0.0806208,-0.015757001729275428
0.08064160000000001,0.019173840811509996
0.08066240000000001,-0.01973350790832204
0.0806832,-0.004041376392819791
0.080704,0.0250844662733159
0.0807248,0.024011397488710232
0.0807456,0.021149811537777462
0.0807664,0.041344435486672104
0.0807872,0.020363724081387355
0.080808,-0.005189713015880932
0.0808288,-0.004571011717619867
0.08084960000000001,-0.015521982392043165
0.08087040000000001,0.00445007810484729
0.0808912,-0.015068184471659567
0.080912,-0.01243475712072256
0.0809328,-0.019573925391243915
0.0809536,-0.03356652851598439
0.0809744,0.04898548966477031
0.0809952,0.01747599624729812
0.081016,-0.04115146594091933
0.0810368,0.008690383796495284
0.08105760000000001,-0.011168703085883434
0.08107840000000001,-0.04243035598601245
0.0810992,-0.004309617091061075
0.08112,0.004113766547072609
0.0811408,0.011355479265494498
0.0811616,0.021778479907618546
0.0811824,-0.016856321375653988
0.0812032,-0.0010562292834897366
0.081224,0.013127312449101805
0.0812448,0.010703160075696874
0.08126560000000001,0.0076611208297182555
0.08128640000000001,0.0019369912867431202
0.0813072,0.02443124694264775
0.081328,-0.024912418694120145
0.0813488,-0.029540126127045544
0.0813696,0.03445024436811538
0.0813904,0.008420842149101312
0.0814112,0.022115112166461767
0.081432,0.004644625304182363
0.0814528,-0.007038015644134523
0.08147360000000001,-0.008849003095142322
0.08149440000000001,0.003033782733783344
0.08151520000000001,-0.009022050686807894
0.081536,-0.0010452776468699474
0.0815568,-0.0012494884420164575
0.0815776,0.016640040360143916
0.0815984,0.016159515684268076
0.0816192,0.03210866038746328
0.08164,-0.013469483007836599
0.0816608,-0.00018262030147219645
0.08168160000000001,0.01966945842914304
0.08170240000000001,0.0076677302690342985
0.08172320000000001,-0.04742921280586377
0.081744,0.008019679519616555
0.0817648,0.0007320211079356136
0.0817856,-0.008447110115359374
0.0818064,-0.007234767702255141
0.0818272,-0.013184285251274392
0.081848,0.02409224457816408
0.0818688,0.014709645952651052
0.0818896,0.005413119309001123
0.08191040000000001,0.023340990530343317
0.08193120000000001,0.019782515203488688
0.081952,-0.014870441689502722
0.0819728,-0.0193310184441196
0.0819936,-0.018450021542045038
0.0820144,0.016350671126387824
0.0820352,0.0012545793601649354
0.082056,0.025566669331685006
0.0820768,0.012043551721215118
0.0820976,-0.0021786814240259402
0.08211840000000001,-0.022948149957530344
0.08213920000000001,-0.0032993470322696893
0.08216,0.045878692466434966
0.0821808,-0.011614977950044868
0.0822016,-0.014222958954258343
0.0822224,-0.0023215439331210237
0.0822432,0.0287545947884423
0.082264,0.0012268166826782966
0.0822848,-0.019709115111355424
0.0823056,-0.009971899272469045
0.08232640000000001,-0.0006434651306685181
0.08234720000000001,0.0036141456112821634
0.082368,0.022051924730787213
0.0823888,0.05110121470980513
0.0824096,0.028865809403714054
0.0824304,0.014604140041462033
0.0824512,0.0016342110568625045
0.082472,-0.01372515846609544
0.0824928,0.013436618781733647
0.0825136,0.027238107416441632
0.08253440000000001,0.018283972656580497
0.08255520000000001,-0.0004555380541236949
0.082576,0.015200231683616838
0.0825968,-0.0023052613875175015
0.0826176,-0.0010979232509905827
0.0826384,-0.002513855310942895
0.0826592,0.0034562302855582513
0.08268,0.00038016255853466353
0.0827008,0.02181655923084627
0.0827216,0.0019415071683218153
0.08274240000000001,-3.9670856176920544e-05
0.08276320000000001,0.022287762669286528
0.082784,0.01532441866465628
0.0828048,0.023916478537854724
0.0828256,-0.013215156881853546
0.0828464,0.02743709744513928
0.0828672,0.001522149437837925
0.082888,-0.018964408754517298
0.0829088,-0.0015227861217153602
0.0829296,-0.022644391965288224
0.08295040000000001,-0.01806083700851509
0.08297120000000001,-0.006698651946048472
0.082992,0.01998957947353509
0.0830128,-0.024922684634283702
0.0830336,0.006821690086177092
0.0830544,-0.0039478438812307216
0.0830752,0.03156921974206635
0.083096,0.0049306628403166936
0.0831168,0.012860497251926386
0.0831376,0.02854207510836881
0.08315840000000001,-0.020305894496416413
0.08317920000000001,-0.005643122787246837
0.0832,-0.0280851790260549
0.0832208,-0.015452186761243401
0.0832416,0.007168751820728113
0.0832624,-0.002435254653234051
0.0832832,0.008662966902294018
0.083304,-0.007092144879499673
0.0833248,-0.012789911058455184
0.0833456,-0.002099277375450394
0.08336640000000001,-0.016590569322238846
0.08338720000000001,-0.021230949492109845
0.08340800000000001,-0.030576560835874067
0.0834288,-0.0022632374625560364
0.0834496,0.00859601135357951
0.0834704,-0.02385686019802683
0.0834912,-0.009256020549714014
0.083512,-0.04498883513996095
0.0835328,-0.023671681128016934
0.0835536,0.0006387288394912772
0.08357440000000001,-0.026015464406923428
0.08359520000000001,0.0076344879218277015
0.08361600000000001,-0.008734858310334076
0.0836368,0.006150792435529552
0.0836576,-0.0117529343549654
0.0836784,-0.028678296441853508
0.0836992,-0.0014842681973659213
0.08372,0.012840375839597873
0.0837408,-0.011299710891190251
0.0837616,0.006284746276839407
0.0837824,-0.014943613553307034
0.08380320000000001,-0.007919986377547674
0.08382400000000001,0.022933337386396874
0.0838448,-0.0016566833426227058
0.0838656,-0.019402015421049166
0.0838864,0.009432768754713525
0.0839072,-0.00026142119434987345
0.083928,-0.011498677945027623
0.0839488,0.012181305170943995
0.0839696,-0.057445124527262914
0.0839904,0.009924678473818015
0.08401120000000001,0.035641226607223984
0.08403200000000001,0.004600146811526828
0.0840528,-0.03774863589771326
0.0840736,0.025169786323258624
0.0840944,0.04761733286569883
0.0841152,0.010082325437331997
0.084136,-0.021623098675318527
0.0841568,-0.01402582593699372
0.0841776,-0.003457461555106884
0.0841984,0.002768745025045171
0.08421920000000001,0.02186946079879819
0.08424000000000001,0.01006165356994333
0.0842608,-0.044447615637499424
0.0842816,-0.0066921174562645045
0.0843024,-0.0036055755801568667
0.0843232,0.035231581262988455
0.084344,-0.01197645265704515
0.0843648,-0.02768646206287039
0.0843856,-0.006674819201599923
0.0844064,0.004462208577604916
0.08442720000000001,-0.036353425414806094
0.08444800000000001,0.020295008088487724
0.0844688,-0.0033600325653057846
0.0844896,0.01522182279000766
0.0845104,0.0125701198797806
0.0845312,0.009631386324275326
0.084552,0.026410154887627563
0.0845728,0.03157343673574169
0.0845936,-0.008553902192265232
0.0846144,-0.002031942251907639
0.08463520000000001,0.019529090755657865
0.08465600000000001,0.0024565518150121844
0.0846768,-0.012150584045321306
0.0846976,0.0013298445891358568
0.0847184,-0.01713820338381564
0.0847392,-0.010311112733717239
0.08476,-0.06717803865581712
0.0847808,0.0021038590022003268
0.0848016,0.03523724520190855
0.0848224,0.013676710180991154
0.08484320000000001,0.013012316968534323
0.08486400000000001,0.003148031786465916
0.0848848,-0.015096279589731088
0.0849056,0.009292902222376932
0.0849264,0.0008032982561548404
0.0849472,-0.002864414085010783
0.084968,0.004478092811670227
0.0849888,-0.011270249396520831
0.0850096,0.0023361654165856504
0.0850304,0.012442007452037511
0.08505120000000001,0.019182412427686688
0.08507200000000001,0.0025793400691720364
0.0850928,0.01567494341713198
0.0851136,0.003336113748364551
0.0851344,-0.04423880018939258
0.0851552,-0.03781607085345685
0.085176,-0.004129028908179377
0.0851968,-0.0218968419587476
0.0852176,0.01088785496829132
0.0852384,-0.025788961876459023
0.08525920000000001,-0.008200281238068211
0.08528000000000001,-0.010858536537945508
0.08530080000000001,-0.014609328212159708
0.0853216,-0.011539645402607285
0.0853424,-0.0006586003155082484
0.0853632,0.0016282966614264783
0.085384,-0.010453507394099407
0.0854048,0.0031806190540509195
0.0854256,0.010294753381104145
0.0854464,-0.003943079800553467
0.08546720000000001,-0.013519835705422586
0.08548800000000001,-0.013293958320372602
0.08550880000000001,-0.0094384017964581
0.0855296,-0.010493245173524351
0.0855504,0.0014779037601559983
0.0855712,0.05232983808788424
0.085592,0.02185910045480272
0.0856128,0.0006991727868465925
0.0856336,0.011644866641279514
0.0856544,0.0115567814452776
0.0856752,0.02477622814251674
0.08569600000000001,0.027935273229270665
0.08571680000000001,-0.018546779559616536
0.0857376,0.04376984171015629
0.0857584,-0.0163530713381823
0.0857792,0.002176821849016232
0.0858,-0.015776664577588244
0.0858208,-0.03273350394804893
0.0858416,-0.03437159973427958
0.0858624,0.03902331241806102
0.0858832,0.029518418466064386
0.08590400000000001,-0.018638808079734018
0.08592480000000001,-0.021154276846975857
0.0859456,0.029668647998761292
0.0859664,-0.018131735435712847
0.0859872,0.009636123455738442
0.086008,0.040457783051629656
0.0860288,0.01560525587497043
0.0860496,0.02982060893816396
0.0860704,0.0050551053297088625
0.0860912,-0.03246725070196063
0.08611200000000001,-0.015222714328968908
0.08613280000000001,-0.034219183326546554
0.0861536,0.006948129808232116
0.0861744,-0.025058917835064115
0.0861952,0.0030128972321226033
0.086216,-0.009256890824156507
0.0862368,-0.013135754481599812
0.0862576,0.010477461017397067
0.0862784,-0.00883411186520047
0.0862992,-0.01589049870546867
0.08632000000000001,0.01986891779272015
0.08634080000000001,-0.00044290200092592986
0.0863616,-0.028644747493657766
0.0863824,0.023528809147721357
0.0864032,-0.027459220789525795
0.086424,0.004735715666561015
0.0864448,0.010506971937543606
0.0864656,-0.005007835591463791
0.0864864,-0.01610860252255695
0.0865072,-0.006277528867852615
0.08652800000000001,-0.006762563921065917
0.08654880000000001,-0.021586696394842543
0.0865696,0.016834553517384568
0.0865904,-0.011791617965391363
0.0866112,-0.014211296703438682
0.086632,0.0270033394268797
0.0866528,-0.014478087527287695
0.0866736,-0.030109894575673292
0.0866944,-0.0013653801708041794
0.0867152,0.0001480260176339688
0.08673600000000001,0.0005712436134587446
0.08675680000000001,0.040948746850860966
0.0867776,-0.011030338600974058
0.0867984,0.026452569522539732
0.0868192,0.01738682029501891
0.08684,0.028665437305313693
0.0868608,-0.001788688719856697
0.0868816,-0.006095806273874464
0.0869024,-0.003758252461658603
0.0869232,0.006410686486856328
0.08694400000000001,0.01925753753955642
0.08696480000000001,0.03286909739715699
0.0869856,-0.034428132375186236
0.0870064,0.021488561472071774
0.0870272,0.007837890335423208
0.087048,0.0014553089665562224
0.0870688,-0.019880876291140492
0.0870896,0.007323375195960592
0.0871104,-0.035234620790540044
0.0871312,0.02512731396136946
0.08715200000000001,-0.017784930536634512
0.08717280000000001,-0.001756512925757489
0.08719360000000001,-0.0026864164834421423
0.0872144,0.011963405282539606
0.0872352,-0.0256445953952126
0.087256,0.017012625955033608
0.0872768,0.00875372539100198
0.0872976,0.031198200907745038
0.0873184,0.006561589824581727
0.0873392,-0.001927405700572549
0.08736000000000001,-0.03671651588599947
0.08738080000000001,-0.006665163219692731
0.08740160000000001,0.03312621543543617
0.0874224,-0.008404453692592505
0.0874432,-0.009176587827697306
0.087464,-0.002218935648529244
0.0874848,0.01740942363720643
0.0875056,-0.03422070926376346
0.0875264,0.03625730109815423
0.0875472,0.01223565625622308
0.08756800000000001,0.014795557989161018
0.08758880000000001,0.00040056233214505764
0.08760960000000001,0.03945699496042689
0.0876304,-0.008019328782310972
0.0876512,0.01669561175163516
0.087672,0.00266764835983745
0.0876928,-0.024279212252232552
0.0877136,-0.0020709962572525715
0.0877344,0.014748096447661556
0.0877552,-0.004875319318786846
0.087776,-0.007398905457619002
0.08779680000000001,0.0002638073462949021
0.08781760000000001,-0.016516390447124253
0.0878384,-0.02126371211835807
0.0878592,0.002031371863352397
0.08788,-0.017895198671377583
0.0879008,0.011874026132188718
0.0879216,0.014699076690522696
0.0879424,0.02607692956135925
0.0879632,0.019876016669541842
0.087984,-0.004803574126211717
0.08800480000000001,0.008871033267764188
0.08802560000000001,-0.02198596991539366
0.0880464,0.009112083941353696
0.0880672,-0.009156246225796045
0.088088,0.02737517672299447
0.0881088,-0.013118793377151345
0.0881296,0.0040264871815422175
0.0881504,-0.014469700607016689
0.0881712,0.012928920656804684
0.088192,0.013168618334231838
0.08821280000000001,-0.019132556137902153
0.08823360000000001,0.03927678284362213
0.0882544,0.01040089257437122
0.0882752,-0.027435448811846116
0.088296,-0.01723174649805536
0.0883168,-0.03543399818844791
0.0883376,-0.038983019852311264
0.0883584,-0.0022735867161680122
0.0883792,-0.040600407293829265
0.0884,0.008034539962118142
0.08842080000000001,-0.03174200931147622
0.08844160000000001,-0.007059410400072266
0.0884624,0.0342725283442963
0.0884832,-0.006595503778553922
0.088504,-0.0002442258266326827
0.0885248,0.024911540793577172
0.0885456,-0.005805317914656049
0.0885664,0.010990156982090365
0.0885872,-0.015612116351485395
0.088608,-0.007073576321185503
0.08862880000000001,0.002946258518721285
0.08864960000000001,0.000583152185576575
0.0886704,-0.014767336102971595
0.0886912,0.0047741426796460915
0.088712,0.012232740715408075
0.0887328,0.012929063658463441
0.0887536,0.00106812055036389
0.0887744,-0.018370103022661618
0.0887952,0.013797410946043512
0.088816,0.017111062586917226
0.08883680000000001,-0.019220766822942964
0.08885760000000001,-0.04524407227630781
0.0888784,-0.0035709686069978243
0.0888992,0.020253772370783046
0.08892,0.01729620750325498
0.0889408,-0.02319913902400229
0.0889616,0.026254069469443714
0.0889824,-0.017643920517745527
0.0890032,0.018254303243151974
0.089024,-0.008417499945187222
0.08904480000000001,0.01908960566603623
0.08906560000000001,0.009862536056234165
0.08908640000000001,-0.004661145958892747
0.0891072,0.013878602196127382
0.089128,-0.01322455730714377
0.0891488,-0.0077411408904622305
0.0891696,-0.006514216127521384
0.0891904,-0.017170070239994596
0.0892112,0.018058722956127544
0.089232,0.018114393490051738
0.08925280000000001,-0.00030130143472956855
0.08927360000000001,-0.0194793102489769
0.08929440000000001,0.00875966571476053
0.0893152,0.005158286303532957
0.089336,0.012048836740192224
0.0893568,-0.0006945041082930957
0.0893776,-0.004919404685683581
0.0893984,0.02698476098029766
0.0894192,-0.012566392743632316
0.08944,-0.004329907115683063
0.08946080000000001,-0.0358297373600836
0.08948160000000001,-0.008066921402992122
0.08950240000000001,-0.010175213114341131
0.0895232,-0.00739654455523589
0.089544,0.010775546638445575
0.0895648,-0.01274884187743104
0.0895856,0.0074932205938195665
0.0896064,-0.008299670821036043
0.0896272,-0.009689388468335447
0.089648,-0.03752947361383029
0.0896688,0.007038431485769892
0.08968960000000001,0.011281612019309288
0.08971040000000001,-0.02052447020341243
0.0897312,-0.012973316673344112
0.089752,-0.037046043064513194
0.0897728,-0.00859213597545726
0.0897936,-0.023307107940659617
0.0898144,0.005816017913125291
0.0898352,-0.004157422935174023
0.089856,0.010012085446629649
0.0898768,-0.018425021334941977
0.08989760000000001,-0.03552151816630982
0.08991840000000001,-0.0036163712811241467
0.0899392,-0.013737089580147783
0.08996,0.033950922062021736
0.0899808,0.002493765800423555
0.0900016,0.02613796486064883
0.0900224,0.008248196321350137
0.0900432,-0.00846423740149166
0.090064,-0.03219721241818692
0.0900848,-0.006731788393714843
0.09010560000000001,0.010112987513002838
0.09012640000000001,-0.0004956925396396582
0.0901472,0.004433664706343506
0.090168,0.003965351569353355
0.0901888,-0.028303811775859555
0.0902096,0.003969439214421456
0.0902304,-0.01783881693133373
0.0902512,-0.002873743729342655
0.090272,0.024816306061667025
0.0902928,-0.04098159805165628
0.09031360000000001,-0.007137575753036621
0.09033440000000001,0.004795345958594253
0.0903552,0.01923965914215086
0.090376,-0.000624444481965667
0.0903968,-0.01829141790898848
0.0904176,0.01347352241954335
0.0904384,0.009382573905988173
0.0904592,-0.03667043575004406
0.09048,-0.0005705397336330479
0.0905008,-0.035531911352393426
0.09052160000000001,-0.05371784805181512
0.09054240000000001,-0.021444323729282334
0.0905632,-0.020209642588966247
0.090584,-0.043768361424701877
0.0906048,0.035234295873167176
0.0906256,-0.02749653299220714
0.0906464,0.005890720119926543
0.0906672,0.012879987097761843
0.090688,0.04179701592744727
0.0907088,-0.007858407340590953
0.09072960000000001,0.030819552247997706
0.09075040000000001,-0.023429545871527492
0.09077120000000001,-0.0015112429226228547
0.090792,-0.008661157969021217
0.0908128,-0.020454629987167117
0.0908336,0.006097324702850894
0.0908544,0.037278698567938445
0.0908752,0.041452404576548536
0.090896,0.013008917803355273
0.0909168,-0.02288353268683534
0.09093760000000001,-0.01644622852771043
0.09095840000000001,0.01160588355023824
0.09097920000000001,0.011031222326921815
0.091,0.010828518867193913
0.0910208,-0.005784910763200759
0.0910416,-0.018365910317663416
0.0910624,0.008685034372269999
0.0910832,-0.0007965697143625819
0.091104,0.027825577976659546
0.0911248,-0.014110244795547868
0.09114560000000001,0.016602569223807186
0.09116640000000001,0.026730222130989967
0.09118720000000001,0.03912817765862893
0.091208,0.03880483665118924
0.0912288,-0.020677238284589988
0.0912496,-0.023657164504258883
0.0912704,0.0027736283154611175
0.0912912,-0.017474492590264287
0.091312,-0.047528142607933595
0.0913328,0.02927519351527351
0.09135360000000001,0.009843649575816588
0.09137440000000001,0.02045818855757145
0.09139520000000001,0.00368211512241168
0.091416,0.023338401971846095
0.0914368,0.00532593043467648
0.0914576,0.002932165056919815
0.0914784,0.038352359842357894
0.0914992,-0.022999525720495493
0.09152,0.010838464041399733
0.0915408,-0.03151496031480273
0.0915616,0.02996013697686392
0.09158240000000001,-0.00447561435666274
0.09160320000000001,-0.024072375645339556
0.091624,-0.03626585009982518
0.0916448,-0.004404806411454681
0.0916656,0.03935613909368449
0.0916864,0.00986539372793481
0.0917072,-0.031250566659106166
0.091728,-0.04091647762884131
0.0917488,0.05658468816356177
0.0917696,-0.011628090797553278
0.09179040000000001,-0.029672671977250435
0.09181120000000001,0.002609953733880661
0.091832,0.011441256948375769
0.0918528,0.03149757495816486
0.0918736,-0.004241928549632809
0.0918944,-0.014595491199199147
0.0919152,0.013343820865583752
0.091936,-0.016447316055027666
0.0919568,0.006951696899853882
0.0919776,0.003281852482024536
0.09199840000000001,0.019436187585971442
0.09201920000000001,-0.01446281800151057
0.09204,-0.013965052962087079
0.0920608,0.005449419744603355
0.0920816,0.00902872296937119
0.0921024,-0.029870201446071214
0.0921232,-0.016651977361588747
0.092144,0.0030418678975546645
0.0921648,-0.007964394045010157
0.0921856,0.045444591280713535
0.09220640000000001,0.01399261590170452
0.09222720000000001,0.02473683949262195
0.092248,-0.0019997772514055165
0.0922688,0.0012580382934356358
0.0922896,0.001990282267647817
0.0923104,0.020974241836966247
0.0923312,-0.007020162113851385
0.092352,0.03128676187205628
0.0923728,-0.015221118653035085
0.0923936,0.01973197799767725
0.09241440000000001,0.004980981149338219
0.09243520000000001,-0.007707676047800331
0.092456,0.031571315146895595
0.0924768,0.019395192628023625
0.0924976,-0.004025040646096157
0.0925184,-0.015826884368598092
0.0925392,0.016375749912706832
0.09256,-0.01652634966341095
0.0925808,0.010686551328361242
0.0926016,-0.018453764876235252
0.09262240000000001,0.0018062957864419795
0.09264320000000001,-0.017725234436139662
0.09266400000000001,-0.004256390128289145
0.0926848,0.03294878976634511
0.0927056,0.03463037802691305
0.0927264,-0.009893283162585283
0.0927472,-0.005786619387388055
0.092768,-0.034027611952394336
0.0927888,0.005653330237279382
0.0928096,0.022421746557765587
0.09283040000000001,-0.017433878559334943
0.09285120000000001,-0.018683730243388114
0.09287200000000001,0.006842187425468849
0.0928928,-0.011779158289192033
0.0929136,0.0035154626793255195
0.0929344,0.030935122368603594
0.0929552,0.009045880837234588
0.092976,0.013375765154157393
0.0929968,0.037696620567069614
0.0930176,0.004718047174960012
0.09303840000000001,0.013768326373786619
0.09305920000000001,0.001141769071743041
0.09308000000000001,-0.015331333499649236
0.0931008,0.03217668104133762
0.0931216,-0.02809127383728598
0.0931424,0.0015432299455530151
0.0931632,-0.023423538371465685
0.093184,-0.01668725713949041
0.0932048,-0.026028443972392824
0.0932256,-0.005298545032600317
0.09324640000000001,0.009245504040368661
0.09326720000000001,0.02604067579815109
0.09328800000000001,-0.03797482588732729
0.0933088,0.004470265945856136
0.0933296,-0.008137324949062058
0.0933504,-0.01259035649243308
0.0933712,-0.002424148406032243
0.093392,0.003912375388390363
0.0934128,-0.0022244935634431664
0.0934336,-4.302815161519004e-05
0.0934544,0.043854797104458804
0.09347520000000001,0.0020879071534638284
0.09349600000000001,0.006798583556186922
0.0935168,-0.02300536875604965
0.0935376,0.0218764133092317
0.0935584,-0.01048427763511749
0.0935792,-0.0019222280269591335
0.0936,-0.015499766229123873
0.0936208,-0.0018799413478597356
0.0936416,-0.018661229876026433
0.0936624,-0.02590611220764799
0.09368320000000001,-0.027964571775091453
0.09370400000000001,-0.0077002554539434475
0.0937248,0.00027651468523548717
0.0937456,0.01442233762079014
0.0937664,0.03317626793647796
0.0937872,0.0372402636968956
0.093808,-0.012668831368711338
0.0938288,-0.014163792047721373
0.0938496,0.015166564286989906
0.0938704,-0.017519332100725475
0.09389120000000001,0.022643462949069902
0.09391200000000001,0.021094070674018393
0.0939328,-0.018838284623935598
0.0939536,0.015421098036570135
0.0939744,0.029212829120486023
0.0939952,0.00961711939017155
0.094016,-0.005145667867644606
0.0940368,-0.002697384804506197
0.0940576,0.010185766859955989
0.0940784,-0.014019923476838838
0.09409920000000001,0.007524501958922197
0.09412000000000001,-0.0038842796325289923
0.0941408,-0.013944629057802091
0.0941616,-0.01863936058211843
0.0941824,0.011960851558965676
0.0942032,-0.0171904731355954
0.094224,0.005285596697376171
0.0942448,-0.035982755158333546
0.0942656,-0.0030679617133828304
0.0942864,0.003040404250019625
0.09430720000000001,0.00788475180068563
0.09432800000000001,0.01964775434994889
0.0943488,0.011285356198611438
0.0943696,0.012011606313117523
0.0943904,-0.004492194959909868
0.0944112,-0.019742086372099083
0.094432,-0.022237390140117906
0.0944528,-0.014305792201011733
0.0944736,0.005761295004854449
0.0944944,0.02099841296631337
0.09451520000000001,0.007861241277605225
0.09453600000000001,0.004985662147514836
0.09455680000000001,0.016001111861719677
0.0945776,-0.005576244636612166
0.0945984,0.004446617905386324
0.0946192,-0.0012248005902610055
0.09464,0.005091400511759666
0.0946608,-0.003401653532798127
0.0946816,-0.024726962836385678
0.0947024,-0.0066556820723248705
0.09472320000000001,-0.015214829717863115
0.09474400000000001,0.035236905914709904
0.09476480000000001,0.029274899146874173
0.0947856,-0.011500714339546808
0.0948064,-0.01619277633895346
0.0948272,0.0011885416602000873
0.094848,-0.02898637279348426
0.0948688,0.025429042089777254
0.0948896,-0.0003728264735219342
0.0949104,-0.008694971095106285
0.09493120000000001,0.021394912193702344
0.09495200000000001,0.026001533710025636
0.09497280000000001,0.0035357017224400297
0.0949936,0.02048283151283809
0.0950144,-0.03248995564326041
0.0950352,-0.014613089266728463
0.095056,-0.016293040808052568
0.0950768,-0.031775511233892766
0.0950976,0.017516192289315682
0.0951184,0.047908027220454646
0.09513920000000001,-0.02584146849036203
0.09516000000000001,-0.01090394511488365
0.09518080000000001,0.021356137561764847
0.0952016,-0.005620035712087385
0.0952224,-2.871983794547103e-05
0.0952432,-0.015743256285002515
0.095264,0.006701267473610354
0.0952848,-0.019169097598969283
0.0953056,0.015059198582110671
0.0953264,0.01042189336963551
0.09534720000000001,0.007498973338404288
0.09536800000000001,-0.01510422870230468
0.09538880000000001,-0.00419190201842211
0.0954096,0.009340410251877066
0.0954304,-0.01764964449153974
0.0954512,-0.019374095007290718
0.095472,-0.0449380333413986
0.0954928,-0.01062862860688529
0.0955136,-0.0030274875968058714
0.0955344,0.018750949474453597
0.0955552,-0.023905406854213863
0.09557600000000001,-0.028725114804880204
0.09559680000000001,0.023760649347683595
0.0956176,0.021546496410139476
0.0956384,-0.022637852362414217
0.0956592,-0.00995786177570991
0.09568,-0.03622330842711058
0.0957008,-0.0014774686740713912
0.0957216,0.025402706600766184
0.0957424,0.015489700152884478
0.0957632,-0.021036752730991422
0.09578400000000001,0.005400955643741577
0.09580480000000001,-0.014355852465092743
0.0958256,0.006150263288920698
0.0958464,-0.010939107669388238
0.0958672,0.012346268688885598
0.095888,0.024862789829690757
0.0959088,0.006328039224327393
0.0959296,0.007087111365305907
0.0959504,0.007755464718792383
0.0959712,0.017299811080307006
0.09599200000000001,-0.008221956223575185
0.09601280000000001,-0.003336087819139421
0.0960336,-0.0029933318760034743
0.0960544,0.026116804469674296
0.0960752,0.003266649123302478
0.096096,0.011345197525210578
0.0961168,-0.007141199570886607
0.0961376,-0.02667260093077223
0.0961584,-0.005918644771557704
0.0961792,0.009586482352434138
0.09620000000000001,-0.005989657744248007
0.09622080000000001,-0.011077847975509118
0.0962416,-0.00718190834891818
0.0962624,0.010451158283188558
0.0962832,0.008651549477402393
0.096304,0.00018882447690277468
0.0963248,-0.018466452200511546
0.0963456,-0.01326204026707447
0.0963664,0.07140573164728263
0.0963872,-0.0031911988003116803
0.09640800000000001,0.012365278529324715
0.09642880000000001,0.006197321929370981
0.09644960000000001,-0.027107716295989286
0.0964704,0.026242714765636596
0.0964912,0.0017615789308071757
0.096512,-0.017499898337844842
0.0965328,0.015131324517423122
0.0965536,-0.011028741836450402
0.0965744,0.006381339148498868
0.0965952,-0.026024262774746895
0.09661600000000001,-0.00345311302467671
0.09663680000000001,0.013204886898716168
0.09665760000000001,-0.009550719664133065
0.0966784,-0.027677041644028257
0.0966992,-0.01608952641763806
0.09672,0.013277865126701092
0.0967408,-0.03128132921202727
0.0967616,-0.027392231769612817
0.0967824,0.015155844170995832
0.0968032,0.002125399207656036
0.09682400000000001,-0.0010464697281458947
0.09684480000000001,-0.008935246585749122
0.09686560000000001,0.007588596280710889
0.0968864,0.016175329090653775
0.0969072,0.008646913224319281
0.096928,-0.03464083724287744
0.0969488,0.012255687152962737
0.0969696,-0.03273163721354201
0.0969904,0.0336642166967085
0.0970112,-0.008954181672446389
0.09703200000000001,0.011774449719866652
0.09705280000000001,0.006347845164057386
0.09707360000000001,-0.01275151274223682
0.0970944,0.023469438684588603
0.0971152,0.004342988955328608
0.097136,0.041870568704721986
0.0971568,0.013145835668965496
0.0971776,0.006829326746314273
0.0971984,0.049852429350066244
0.0972192,0.027882185249548868
0.09724000000000001,0.0008196985147671119
0.09726080000000001,-0.015134197474741548
0.09728160000000001,0.038680433601530714
0.0973024,0.024995339012517995
0.0973232,0.02498628070926278
0.097344,-0.00551373547902545
0.0973648,-0.011112698254812831
0.0973856,-0.01671190359728575
0.0974064,0.023501587946113046
0.0974272,-0.002181840983161937
0.097448,0.013943529206790133
0.09746880000000001,-0.04209197169661064
0.09748960000000001,0.02123533371902933
0.0975104,-0.01341478600286729
0.0975312,-0.053091796069233206
0.097552,-0.024754808690241294
0.0975728,0.0087193023405769
0.0975936,0.030620944274517836
0.0976144,-0.05420795543980243
0.0976352,-0.026890258032673687
0.097656,0.0027830966204677836
0.09767680000000001,-0.03081506898643414
0.09769760000000001,-0.008650719817045169
0.0977184,-0.020658205022370466
0.0977392,0.0016008849738364376
0.09776,-0.02976829730834994
0.0977808,-0.0073018815662503535
0.0978016,-0.017305722514006357
0.0978224,0.0020532421753421356
0.0978432,-0.0019246628799011029
0.097864,0.019422012632646028
0.09788480000000001,0.00409497635128903
0.09790560000000001,0.034597224773687686
0.0979264,-0.03236067730657647
0.0979472,-0.005571062769339341
0.097968,0.015013716950028282
0.0979888,0.0017427654926420986
0.0980096,-0.05292486591012108
0.0980304,0.00606364171393043
0.0980512,-0.010144899321909628
0.098072,0.04878714076524055
0.09809280000000001,-0.0023563631482432373
0.09811360000000001,0.013352388524914712
0.0981344,-0.019269512736956144
0.0981552,0.013629297931591114
0.098176,-0.05591508083799889
0.0981968,-0.020592641028602938
0.0982176,-0.007818190752392803
0.0982384,-0.03222821156257143
0.0982592,0.019458431955517816
0.09828,0.00013867230312804242
0.09830080000000001,0.033000535239382615
0.09832160000000001,-0.028472218748383665
0.09834240000000001,-0.016792968208839004
0.0983632,0.013005667737339008
0.098384,-0.010243764459656338
0.0984048,0.016636023191902823
0.0984256,0.012927327208049953
0.0984464,-0.015053247707595542
0.0984672,0.0024589847077661603
0.098488,0.010829840112958749
0.09850880000000001,0.004959528676314163
0.09852960000000001,-0.0040744666084206625
0.09855040000000001,-0.009690728210659513
0.0985712,-0.0044347834510218885
0.098592,0.019868590336580352
0.0986128,0.0416144760373495
0.0986336,-0.02832410835743445
0.0986544,-0.020117765916073657
0.0986752,-0.003127279039146188
0.098696,0.029421104459596222
0.09871680000000001,-0.017036752346048973
0.09873760000000001,0.04703423271361894
0.09875840000000001,0.046163072632892516
0.0987792,-0.047632224635892575
0.0988,0.014049751766442894
0.0988208,0.012565731502757242
0.0988416,-0.00805848428543126
0.0988624,-0.03689857002360835
0.0988832,0.006043552363550396
0.098904,-0.00738748107937145
0.09892480000000001,0.024367181205713878
0.09894560000000001,0.01214862791227005
0.09896640000000001,-0.018220254509741077
0.0989872,0.040262291658188246
0.099008,0.03784724263791681
0.0990288,0.031078294980036773
0.0990496,0.002294896174984887
0.0990704,0.01988693189387016
0.0990912,0.003312136639610468
0.099112,-0.009790411177858819
0.09913280000000001,-0.03648114613122326
0.09915360000000001,0.0068763856105359565
0.09917440000000001,-0.038665257899799715
0.0991952,0.015608718224221095
0.099216,-0.026166981511731382
0.0992368,0.005697792380154507
0.0992576,-0.004410621087059369
0.0992784,-0.021750263340745417
0.0992992,-0.019541436897532502
0.09932,-0.01034930794842381
0.0993408,0.03149888511181643
0.09936160000000001,0.008974325787025122
0.09938240000000001,-0.004190382482983787
0.0994032,0.017901511308394142
0.099424,-0.022442823170434095
0.0994448,-0.029594819141676762
0.0994656,-0.017043877266508366
0.0994864,0.021883050666439523
0.0995072,-0.005090275395914033
0.099528,0.0030598917663919685
0.0995488,0.003004195303421555
0.09956960000000001,-0.00794694166993425
0.09959040000000001,0.025706300069190727
0.0996112,0.014969680919874053
0.099632,-0.016971309470002974
0.0996528,-0.020493009174464626
0.0996736,-0.0006166607846551417
0.0996944,-0.01837316552228357
0.0997152,-7.633614257730666e-06
0.099736,0.015017184694049515
0.0997568,0.0012379019937887596
0.09977760000000001,0.003902763625564039
0.09979840000000001,-0.010056118221746093
0.0998192,-0.016368134559973765
0.09984,-0.02081393036544093
0.0998608,0.02633852646362113
0.0998816,-0.015641986927151828
0.0999024,0.0016319949575546453
0.0999232,0.002176788674708015
0.099944,0.008970897085578248
0.0999648,-0.006849862542338859
0.09998560000000001,-0.032742384447578
0.10000640000000001,0.042440434501501374
0.10002720000000001,-0.021832382711859232
0.100048,0.012160757692525954
0.1000688,-0.022017365848444152
0.1000896,0.013498345158819291
0.1001104,-0.021826464364952933
0.1001312,0.0344827111887634
0.100152,0.009386482614023889
0.1001728,-0.03237088505072237
0.10019360000000001,0.03432008880568576
0.10021440000000001,-0.03866738652341724
0.10023520000000001,-0.0069953695887066914
0.100256,0.02257788025236829
0.1002768,-0.0080598637926116
0.1002976,0.02612123084786502
0.1003184,0.0007343234264008628
0.1003392,-0.01228570887209928
0.10036,0.025439214903534922
0.1003808,0.0007253222196590618
0.10040160000000001,-0.009925243275524598
0.10042240000000001,0.019141042799905632
0.10044320000000001,-0.005464660643331556
0.100464,-0.028422118468276494
0.1004848,-0.015212350841697832
0.1005056,0.05031219862575623
0.1005264,0.046573560288943286
0.1005472,-0.03228325899202676
0.100568,0.016001171021370303
0.1005888,0.025058364679706943
0.10060960000000001,-0.006062127133671839
0.10063040000000001,0.013586009602979962
0.10065120000000001,-0.021320122949584044
0.100672,-0.007252209306425442
0.1006928,0.02107508129190014
0.1007136,-0.0017573638387775711
0.1007344,-0.0037970400301572675
0.1007552,-0.005725944186698923
0.100776,-0.028242827447414017
0.1007968,-0.021565327057683943
0.10081760000000001,-0.011678707341169705
0.10083840000000001,-0.0034658834203443083
0.10085920000000001,-0.01864530987043785
0.10088,0.03800025692069287
0.1009008,-0.03698493958390557
0.1009216,-0.023081657349071236
0.1009424,-0.014166907042227313
0.1009632,0.009971456559361236
0.100984,-0.03058076473874597
0.1010048,0.004407798935574674
0.10102560000000001,-0.018413775908423413
0.10104640000000001,-0.017197090656649643
0.10106720000000001,0.007983403551238161
0.101088,0.016171720583644293
0.1011088,0.020425257146733215
0.1011296,-0.025006857791325398
0.1011504,0.020462572461053794
0.1011712,0.020858822862687858
0.101192,0.0061467161941995
0.1012128,0.008776893942204864
0.1012336,0.0003020264787510839
0.10125440000000001,-0.0035325291646184503
0.10127520000000001,0.0173380578196964
0.101296,0.034129532703948216
0.1013168,-0.005504389111554404
0.1013376,0.007167918357848382
0.1013584,0.019114130713076077
0.1013792,-0.02881430208521659
0.1014,0.033699818787583435
0.1014208,0.007621309409506878
0.1014416,0.03001904921276056
0.10146240000000001,-0.005695650597394137
0.10148320000000001,-0.01782612877153617
0.101504,-0.002744805541147853
0.1015248,0.0065181641649007796
0.1015456,-0.01884166930760613
0.1015664,0.019144115054390367
0.1015872,0.005952887098059655
0.101608,-0.021482001757534435
0.1016288,0.010230949833050154
0.1016496,-0.002611944678359468
0.10167040000000001,0.0012491966266311996
0.10169120000000001,-0.007597549529519747
0.101712,-0.014129006123805526
0.1017328,-0.02444318480435529
0.1017536,0.003090612602328279
0.1017744,0.0016932555362839474
0.1017952,0.010804427730815998
0.101816,-0.013803988817470502
0.1018368,0.00989399000001216
0.1018576,0.018190734404849047
0.10187840000000001,-0.023157511544939068
0.10189920000000001,0.0049171128329877955
0.10192000000000001,0.04638685790492339
0.1019408,-0.009678916944813624
0.1019616,-0.005815866043212908
0.1019824,-0.0003439544034206506
0.1020032,-0.010262496335938027
0.102024,0.018276019980384996
0.1020448,-0.0013129583764949306
0.1020656,-0.0018338413226557189
0.10208640000000001,-0.01578732177510704
0.10210720000000001,0.011456179907297708
0.10212800000000001,-0.0017004092517696374
0.1021488,-0.008091384930700569
0.1021696,-0.006279864311006931
0.1021904,0.03278599313069026
0.1022112,0.0001450813690986535
0.102232,0.005700949871387426
0.1022528,0.027827824668684057
0.1022736,-0.0019254599095025755
0.10229440000000001,0.019854033541268835
0.10231520000000001,-0.020529767014411764
0.10233600000000001,0.013643184034781881
0.1023568,-0.043277633602894376
0.1023776,0.0031722792624617824
0.1023984,-0.008686966836332907
0.1024192,-0.014532784008450234
0.10244,0.022226127026204516
0.1024608,0.015209117253016229
0.1024816,0.017688143622836588
0.10250240000000001,0.030864076999040493
0.10252320000000001,0.010915286016075259
0.10254400000000001,0.011898685391061242
0.1025648,-0.00110602247220278
0.1025856,0.038627729833973404
0.1026064,0.01831589885197834
0.1026272,-0.015835103034460358
0.102648,-0.01762289401536712
0.1026688,-0.015121760581566807
0.1026896,-0.015071124619657508
0.10271040000000001,0.026378388196365333
0.10273120000000001,0.0061164143809644455
0.10275200000000001,0.021656924235233334
0.1027728,-0.015567439979226213
0.1027936,-0.015733746629501884
0.1028144,0.02482162994098213
0.1028352,-0.04103970485030895
0.102856,-0.024542247380917447
0.1028768,-0.04324354100675208
0.1028976,-0.013977497454093728
0.10291840000000001,0.05236466550327992
0.10293920000000001,-0.015909731877518006
0.10296000000000001,0.02109783471611462
0.1029808,0.03317210663859664
0.1030016,-0.01380449172991763
0.1030224,-0.014774782508400012
0.1030432,0.006512139055228568
0.103064,0.013425381351091425
0.1030848,-0.03231510912277498
0.1031056,-0.01681272822504564
0.10312640000000001,0.03326212766795442
0.10314720000000001,-0.016788292101771678
0.10316800000000001,0.007356309440141869
0.1031888,0.02074856562836808
0.1032096,-0.0070505635129061725
0.1032304,-0.0038275408730326856
0.1032512,-0.01150264594448062
0.103272,-0.013626019868084363
0.1032928,-0.012654778465857499
0.1033136,-0.03349805425021646
0.1033344,-0.010502693132996037
0.10335520000000001,-0.004742515094712394
0.10337600000000001,0.01426268412431775
0.1033968,-0.0088016475606863
0.1034176,-0.013703078136068077
0.1034384,0.0382000610535634
0.1034592,-0.000537028593519511
0.10348,-0.004911718695235685
0.1035008,-0.010897962630960139
0.1035216,-0.00036624783265676455
0.1035424,-0.01784097265212412
0.10356320000000001,-0.010667926476058291
0.10358400000000001,-0.017621719593380335
0.1036048,-0.024937674851132727
0.1036256,-0.009361394396261932
0.1036464,-0.02827993170369417
0.1036672,0.0347837224224605
0.103688,-0.0237698993622523
0.1037088,0.0354403684946462
0.1037296,0.006245731117190906
0.1037504,0.017681877305245754
0.10377120000000001,0.0293263513781759
0.10379200000000001,-0.03365330441212406
0.10381280000000001,0.033077403789718386
0.1038336,0.00985559106104927
0.1038544,-0.009828416486957852
0.1038752,-0.01526020915055529
0.103896,0.007288173187819011
0.1039168,-0.03235594780648163
0.1039376,0.03638807487891324
0.1039584,-0.0030427620973777587
0.10397920000000001,0.01624181532394927
0.10400000000000001,0.0029451406626365213
0.10402080000000001,-0.007965716110564252
0.1040416,-0.006985856938873301
0.1040624,-0.016734411873115942
0.1040832,0.026280763249683058
0.104104,0.0006931238634262405
0.1041248,0.011413746781733555
0.1041456,0.010580029726457952
0.1041664,0.014784700503604373
0.10418720000000001,0.010240472536261945
0.10420800000000001,0.026825811511758002
0.10422880000000001,-0.01169657887608067
0.1042496,-0.018801794409899427
0.1042704,-0.001050112402958577
0.1042912,-0.005327558845393464
0.104312,0.0025651235299841454
0.1043328,0.02505531253086159
0.1043536,0.02095300221623286
0.1043744,0.012910636490210252
0.10439520000000001,-0.014147537543544699
0.10441600000000001,0.011815043212254859
0.10443680000000001,0.005244630768606724
0.1044576,0.01680575701281895
0.1044784,0.0014986387902338313
0.1044992,-0.0063312338241047665
0.10452,0.004223721486290778
0.1045408,-0.012896633305176593
0.1045616,-0.016107372338144833
0.1045824,0.006301531861588981
0.10460320000000001,0.0017369594662934643
0.10462400000000001,0.021664471148554753
0.10464480000000001,0.004675734857826032
0.1046656,-0.021927781739871213
0.1046864,0.02910063977978968
0.1047072,0.03425658297536946
0.104728,-0.020424711333767744
0.1047488,-0.010541866107476506
0.1047696,0.02117233534715871
0.1047904,0.005234657171352207
0.10481120000000001,-0.02808362950028755
0.10483200000000001,0.024100127916773843
0.10485280000000001,0.003152438257489425
0.1048736,0.007872914615727276
0.1048944,0.02471281225773675
0.1049152,-0.012035284996396728
0.104936,-0.013361688502961997
0.1049568,0.014317984227591656
0.1049776,0.019670435274356086
0.1049984,0.003307082353514942
0.10501920000000001,0.024164618685763452
0.10504000000000001,0.009488873769420656
0.10506080000000001,0.022780949908972118
0.1050816,-0.01529542314801105
0.1051024,-0.003234029231752414
0.1051232,0.022089747257753957
0.105144,-0.01610611673384101
0.1051648,-0.01502468139688202
0.1051856,0.0034886882311236864
0.1052064,-0.0047224744125222646
0.1052272,-0.018043542186460055
0.10524800000000001,-0.03195069483277859
0.10526880000000001,0.027690326621891272
0.1052896,0.0017180053581725048
0.1053104,0.02887671259419486
0.1053312,-0.0170434786955731
0.105352,0.0019339079468598634
0.1053728,-0.0026093483267691305
0.1053936,0.002382839676897675
0.1054144,-0.030821129730249974
0.1054352,0.024746614271947444
0.10545600000000001,-0.005236496119239994
0.10547680000000001,0.0046538046390615815
0.1054976,-0.019357872547677093
0.1055184,0.03078510803695203
0.1055392,-0.030001782467533242
0.10556,0.037807999384985636
0.1055808,-0.007874738250140295
0.1056016,-0.006830955336798108
0.1056224,-0.013443261959718893
0.1056432,0.027815448833816227
0.10566400000000001,-0.01701700422639174
0.10568480000000001,-0.017391683119506323
0.10570560000000001,-0.018881262951151372
0.1057264,0.009603209196879016
0.1057472,0.01060193010264806
0.105768,-0.014440812528715902
0.1057888,0.010122113885755716
0.1058096,0.03042941756219333
0.1058304,0.013643670058331996
0.1058512,0.0074882486645004775
0.10587200000000001,-0.020310446303667042
0.10589280000000001,0.030709604057026496
0.10591360000000001,0.01331933858757122
0.1059344,-0.028433401476786507
0.1059552,-0.014914266087882256
0.105976,-0.054996294889474745
0.1059968,0.009824211174162795
0.1060176,-0.02499788222908716
0.1060384,-0.005657762985292313
0.1060592,0.027029953728113034
0.10608000000000001,-0.02881069655256797
0.10610080000000001,0.016495050763641696
0.10612160000000001,-0.006751350740115643
0.1061424,-0.022358886415174656
0.1061632,0.024733110123996958
0.106184,0.0073034733952730396
0.1062048,-0.014612501483903416
0.1062256,0.009497407320947804
0.1062464,-0.01280433633219082
0.1062672,-0.018158652795576297
0.10628800000000001,-0.0085003940547278
0.10630880000000001,0.018713053341599794
0.10632960000000001,-0.03277866874957768
0.1063504,-0.027047211255204144
0.1063712,0.01640842888358166
0.106392,-0.02900859621531393
0.1064128,-0.005244906888102291
0.1064336,-0.007342253498027116
0.1064544,-0.02693734642374836
0.1064752,-0.016148998829868012
0.10649600000000001,-0.0038162233808860997
0.10651680000000001,-0.002956579363310757
0.10653760000000001,0.011259708028517229
0.1065584,0.003050119156724911
0.1065792,0.016893111689351904
0.1066,0.0028553720129355087
0.1066208,-0.009844058483282915
0.1066416,0.011305005116934608
0.1066624,0.007558291078198078
0.1066832,0.01593050061653183
0.10670400000000001,-0.0041905802907335815
0.10672480000000001,-0.003805668300137362
0.10674560000000001,-0.0035140728572906335
0.1067664,-0.03069940143360387
0.1067872,0.007865560116633226
0.106808,-0.014257888910240163
0.1068288,-0.016175860191119985
0.1068496,-0.008377967729999932
0.1068704,0.04029163461867074
0.1068912,-0.01677638209383717
0.10691200000000001,0.028803379427102378
0.10693280000000001,-0.04270028590440299
0.10695360000000001,-0.0066831363857692595
0.1069744,0.03711938324707178
0.1069952,0.002597263680041865
0.107016,0.006633459647774096
0.1070368,-0.012083904580126113
0.1070576,-0.03979304325120897
0.1070784,0.009426039830790418
0.1070992,0.01771732541666181
0.10712,0.02046793766068961
0.10714080000000001,0.03756335483726919
0.10716160000000001,-0.002096388379757718
0.1071824,0.009978842683930785
0.1072032,-0.04288726585457894
0.107224,-0.007202846886418278
0.1072448,0.002514451170444562
0.1072656,0.024962244798937702
0.1072864,0.03646809800063678
0.1073072,0.031852967610077144
0.107328,0.008897408493268028
0.10734880000000001,-0.0028867229618729736
0.10736960000000001,-0.001683556041645656
0.1073904,-0.0011187959700799967
0.1074112,0.0026903215145604367
0.107432,0.023336658543886106
0.1074528,-0.0039503317528107665
0.1074736,-0.03318931609791774
0.1074944,-0.023909661212982217
0.1075152,0.05832830014457688
0.107536,0.02667357212081517
0.10755680000000001,-0.009996481651892035
0.10757760000000001,-0.005385062092420271
0.10759840000000001,0.014336836271970455
0.1076192,0.0059446322540414685
0.10764,0.006301124361550879
0.1076608,-0.03932130457525111
0.1076816,-0.027576952907184715
0.1077024,0.002873568564230672
0.1077232,0.013884003090656278
0.107744,0.006298635937368522
0.10776480000000001,0.03139501714109602
0.10778560000000001,0.0010928798325248814
0.10780640000000001,0.005158583055061493
0.1078272,0.0013370478482424323
0.107848,0.019525328693557314
0.1078688,-0.012048478087964769
0.1078896,0.04076430909754995
0.1079104,-0.021195157317122924
0.1079312,0.015698194828017435
0.107952,0.014541739893307292
0.10797280000000001,0.03178370079403304
0.10799360000000001,-0.02230787538683008
0.10801440000000001,-0.0179713624861078
0.1080352,-0.005544219292343542
0.108056,0.01452213319801098
0.1080768,0.017229081663557674
0.1080976,-0.051381172843626186
0.1081184,-0.006175062626006727
0.1081392,0.004967977990184272
0.10816,0.00694934380726786
0.10818080000000001,0.007151432909649999
0.10820160000000001,-0.0029010383275605905
0.10822240000000001,0.00216979745607828
0.1082432,-0.03752729185802349
0.108264,0.017292910914889034
0.1082848,-0.04848048474762309
0.1083056,-0.0038715805145602845
0.1083264,-0.01867167289710553
0.1083472,0.0061427995091558095
0.108368,-0.020177337251170595
0.10838880000000001,0.01690278044304021
0.10840960000000001,0.00623064501466033
0.10843040000000001,0.011688674956833976
0.1084512,0.020836006723106596
0.108472,0.022072630573050166
0.1084928,-0.004581710886295957
0.1085136,0.015476593343485603
0.1085344,0.008842303180324135
0.1085552,0.01445658640680612
0.108576,0.0022456822374073903
0.10859680000000001,-0.051377932024741155
0.10861760000000001,-0.005941477757991699
0.10863840000000001,-0.0013753301399749747
0.1086592,-0.010936009776741728
0.10868,-0.015118515473278771
0.1087008,0.0018894447491737847
0.1087216,-0.014805782926553717
0.1087424,0.01187297648006598
0.1087632,0.02378651312775573
0.108784,-0.0009077488208657737
0.10880480000000001,0.015827756968408803
0.10882560000000001,-0.024655195169991546
0.10884640000000001,-0.02094233798738678
0.1088672,-0.007419068826311417
0.108888,-0.02015393812392382
0.1089088,-0.00013340111172683317
0.1089296,0.0004974314220946853
0.1089504,0.030540250168673053
0.1089712,-0.011413849970678328
0.108992,0.024053906382066545
0.1090128,-0.021021415385458393
0.10903360000000001,-0.005492459085628823
0.10905440000000001,0.015540297866702964
0.1090752,0.00571389525773367
0.109096,-0.04901911442157392
0.1091168,-0.0017251972241210478
0.1091376,0.00841499450858388
0.1091584,-0.030591451090535862
0.1091792,-0.009720897010619171
0.1092,-0.006839619961317364
0.1092208,0.0071489635312291955
0.10924160000000001,0.024336761122850874
0.10926240000000001,-0.02753248832886839
0.10928320000000001,-0.018453072925129207
0.109304,0.030302277034697293
0.1093248,0.022897238620430124
0.1093456,0.03324432098979179
0.1093664,-0.0010520574362177246
0.1093872,0.019741866279661454
0.109408,-0.04794949232101721
0.1094288,0.008436309535526754
0.10944960000000001,-0.01943708763859206
0.10947040000000001,-0.028243455937868936
0.10949120000000001,-0.021908122387109534
0.109512,0.0192595032642043
0.1095328,0.028898360254093185
0.1095536,-0.010150187817762217
0.1095744,-0.007460314107221905
0.1095952,0.02284711850304396
0.109616,-0.01377563967176991
0.1096368,0.004623501470794643
0.10965760000000001,0.01182429486053594
0.10967840000000001,0.02320895070391364
0.10969920000000001,-0.00580225640564706
0.10972,-0.05560909644343645
0.1097408,-0.00432388237058417
0.1097616,0.013307685472935942
0.1097824,-0.009596371153919326
0.1098032,-0.011693540754774624
0.109824,-0.01917298203909473
0.1098448,0.008150644086011951
0.10986560000000001,0.002888512273630779
0.10988640000000001,0.005077301750121622
0.10990720000000001,-0.0003023610377728716
0.109928,0.02483237946624898
0.1099488,0.00620975804762161
0.1099696,-0.0016355645390228313
0.1099904,-0.022344041144135154
0.1100112,-0.008350938422488366
0.110032,-0.00035805482466514776
0.1100528,0.02885494302472665
0.11007360000000001,0.009200269908274047
0.11009440000000001,-0.006753264826835247
0.11011520000000001,0.014623525616039355
0.110136,0.012241303086869134
0.1101568,-0.009065050559545146
0.1101776,0.008982666042237065
0.1101984,-0.021612382635543437
0.1102192,0.0018985494520592594
0.11024,0.039644210277471566
0.1102608,0.019184360988022467
0.11028160000000001,0.012318022309132768
0.11030240000000001,0.017216959701231948
0.11032320000000001,0.013906005050729111
0.110344,-0.022960056937257122
0.1103648,-0.00895106305119553
0.1103856,-0.01349143609035346
0.1104064,0.009243955821204814
0.1104272,0.018123916202352396
0.110448,0.040196742492302484
0.1104688,-0.002751209000893048
0.11048960000000001,-0.022090120711266745
0.11051040000000001,0.00588790358009678
0.11053120000000001,-0.0005055627567775048
0.110552,0.0053600357864617984
0.1105728,0.0006059190660025626
0.1105936,0.010119392111972084
0.1106144,-0.01108956612423909
0.1106352,0.006178567888910208
0.110656,0.01960588449799473
0.1106768,0.0038377478675195647
0.11069760000000001,0.011112276425537089
0.11071840000000001,-0.012198952573938049
0.11073920000000001,0.01731532522973675
0.11076,-0.001660161923397026
0.1107808,-0.012623843513709983
0.1108016,-0.0039652435836908945
0.1108224,-0.007194212737223858
0.1108432,-0.002942770884998301
0.110864,-0.010469302126034679
0.1108848,0.033701298077977844
0.11090560000000001,0.018004798756848045
0.11092640000000001,0.009501189562589493
0.11094720000000001,0.009325570523966263
0.110968,-0.0015540775217405863
0.1109888,0.016229090145595055
0.1110096,-0.004333405603562081
0.1110304,-0.001261360322503856
0.1110512,-0.014947824708419717
0.111072,0.02380795003132323
0.1110928,0.023196325859894586
0.1111136,0.021483226074955
0.11113440000000001,0.021905920527224742
0.11115520000000001,-0.046240518566080205
0.11117600000000001,0.0019410181961189315
0.1111968,0.019968558831000773
0.1112176,0.009798412948310815
0.1112384,-0.030792116112356896
0.1112592,0.005774758162185334
0.11128,0.013221771362466614
0.1113008,-0.01077011310124906
0.1113216,-0.02276513615037312
0.11134240000000001,-0.012095382939236938
0.11136320000000001,-0.058433836088201956
0.11138400000000001,0.004479684420941361
0.1114048,-0.017223482578844446
0.1114256,-0.006962843527462599
0.1114464,-0.004163529717578122
0.1114672,-0.0026453973903611933
0.111488,0.02993324218411652
0.1115088,-0.0175685038284701
0.1115296,-0.0056757732852055435
0.11155040000000001,-0.042828489099167116
0.11157120000000001,-0.014496678985766818
0.11159200000000001,-0.039138834468127354
0.1116128,0.013463423447135412
0.1116336,-0.0019736733808010543
0.1116544,-0.013534836394985662
0.1116752,0.01557571470665366
0.111696,-0.021717587940742557
0.1117168,-0.005092534988757392
0.1117376,-0.017695549814243754
0.11175840000000001,-0.019889019942248145
0.11177920000000001,-0.006171915670670265
0.11180000000000001,-0.013497846402401306
0.1118208,-0.0043591091782834435
0.1118416,-0.023185916152984785
0.1118624,-0.032144162508840134
0.1118832,0.025172256050266805
0.111904,0.005962092475380178
0.1119248,-0.008603896871256341
0.1119456,0.002840430297747367
0.11196640000000001,-0.020943079450491092
0.11198720000000001,0.0061494759163118855
0.11200800000000001,-0.029815172562353064
0.1120288,0.007939428334900413
0.1120496,0.006089394278686915
0.1120704,-0.002332282827330717
0.1120912,0.013037604457648911
0.112112,-0.002467687700407777
0.1121328,0.03204360180077991
0.1121536,0.011520724261704465
0.11217440000000001,-0.030805700275579932
0.11219520000000001,-0.02042892311721965
0.11221600000000001,0.031583131111017446
0.1122368,-0.011502176435626723
0.1122576,0.006193233634323761
0.1122784,-0.01137516583017493
0.1122992,0.029065649360137665
0.11232,0.02096604031178961
0.1123408,0.015343453928171972
0.1123616,-0.008455677441364993
0.11238240000000001,-0.006265890475914589
0.11240320000000001,0.02689498542675245
0.11242400000000001,-0.011038329725120954
0.1124448,-0.04224563347039851
0.1124656,0.030512826086423316
0.1124864,0.01914676105901546
0.1125072,-0.025695743147742416
0.112528,0.0055094400756625405
0.1125488,0.01195035021533484
0.1125696,0.00436168001497242
0.11259040000000001,0.03274779461551191
0.11261120000000001,0.024752619294617802
0.11263200000000001,-0.01512896132262846
0.1126528,-0.0025416624172203257
0.1126736,0.018565665635314976
0.1126944,0.01895186798206393
0.1127152,-0.006296155617578542
0.112736,0.022699829265747682
0.1127568,-0.015902934426873374
0.1127776,0.01673956459414935
0.11279840000000001,-0.03431480624345437
0.11281920000000001,0.009818250034719157
0.11284000000000001,0.04079620045536113
0.1128608,0.030245050474518705
0.1128816,-0.015727808627334982
0.1129024,-0.05792317419052533
0.1129232,0.005846275558409663
0.112944,0.021466247494421102
0.1129648,0.0024661325682854658
0.1129856,0.005018762733875022
0.1130064,-0.02700289833049219
0.11302720000000001,-0.010494960935478546
0.11304800000000001,-0.025191370666479196
0.11306880000000001,-0.02559915943698905
0.1130896,-0.011087776678848884
0.1131104,0.027697277842025997
0.1131312,0.006918764755331964
0.113152,-0.01579023430257506
0.1131728,-0.003736633835408008
0.1131936,-0.019289013420953634
0.1132144,-0.0120494800329888
0.11323520000000001,0.002951602503778497
0.11325600000000001,-0.030534544339512137
0.11327680000000001,0.004819225066634463
0.1132976,-0.013410014514107178
0.1133184,0.0204650274726117
0.1133392,-0.019496531670760996
0.11336,0.003132841943119746
0.1133808,-0.017993523844026967
0.1134016,0.009128837761391671
0.1134224,-0.03565343831475703
0.11344320000000001,-0.011618356471870884
0.11346400000000001,-0.018277377169567847
0.11348480000000001,-0.03257010170190564
0.1135056,-0.008482716701213104
0.1135264,-0.004975395566543087
0.1135472,-0.012983037533484496
0.113568,-0.021351040284639345
0.1135888,-0.01486994391736154
0.1136096,-0.015529133449550711
0.1136304,0.019475683911043026
0.11365120000000001,0.009298654016040877
0.11367200000000001,0.025019519205449342
0.11369280000000001,0.017680800349363174
0.1137136,0.03502430662386124
0.1137344,0.0006194556693389445
0.1137552,0.005535192171248105
0.113776,0.00200949400026307
0.1137968,-0.007245618727219503
0.1138176,0.013528622562740806
0.1138384,0.00828821840958096
0.11385920000000001,0.010436206135017183
0.11388000000000001,0.0060803886896139345
0.11390080000000001,0.02149582251005693
0.1139216,-0.026433960370000335
0.1139424,0.01246386267626139
0.1139632,0.00045417703568722623
0.113984,-0.011051041659649994
0.1140048,-0.0051797642471619
0.1140256,0.011092592656130683
0.1140464,0.01744154880091185
0.11406720000000001,-0.0030057439868314034
0.11408800000000001,0.015407661800381197
0.11410880000000001,0.008732662088642592
0.1141296,0.02166664236624279
0.1141504,0.02151269130088679
0.1141712,0.016663334221092244
0.114192,-0.0052834103769452264
0.1142128,-0.02023097841190957
0.1142336,0.02868828800646471
0.1142544,-0.014350807354934752
0.11427520000000001,0.01779943106131502
0.11429600000000001,0.0031621624300739743
0.11431680000000001,0.03383056045311444
0.1143376,-0.0004459080801198733
0.1143584,-0.004245124837565757
0.1143792,-0.03847039959876691
0.1144,0.013789630450259674
0.1144208,0.0014857132566828161
0.1144416,-0.01004071421229299
0.1144624,-0.005928885744780144
0.11448320000000001,0.026695557311042544
0.11450400000000001,0.009566877467093433
0.11452480000000001,0.018377519741015255
0.1145456,-0.0027612086994682943
0.1145664,0.008071921408720642
0.1145872,0.020440570181553017
0.114608,-0.003246111948445846
0.1146288,0.027341163518247013
0.1146496,-0.002437365311706834
0.1146704,0.039865337109017324
0.11469120000000001,-0.008358452557341843
0.11471200000000001,-0.006236909199269607
0.11473280000000001,0.00507204307291375
0.1147536,-0.003978678966828766
0.1147744,0.0007967264441968293
0.1147952,0.0022984880667144673
0.114816,0.026650469141614747
0.1148368,-0.006618957271968812
0.1148576,0.0256823392825868
0.1148784,0.019890280051284192
0.1148992,0.005713223523755081
0.11492000000000001,-0.0009514731192018241
0.11494080000000001,0.03986967575646093
0.11496160000000001,-0.0464025815726177
0.1149824,-0.006137536068252438
0.1150032,0.0004690937041512583
0.115024,0.013305964033272806
0.1150448,0.003753876397619044
0.1150656,0.02087835987131654
0.1150864,0.013731201529701993
0.1151072,0.024165013118763793
0.11512800000000001,-0.008742312903655496
0.11514880000000001,0.01220403590580895
0.11516960000000001,0.0354107021525168
0.1151904,-0.009584450698880932
0.1152112,0.00689146836897458
0.115232,-0.024437943239939464
0.1152528,0.010830671492901196
0.1152736,-0.012269218234218584
0.1152944,0.015026242506254306
0.1153152,-0.019672045642742244
0.11533600000000001,0.003486122589722071
0.11535680000000001,-0.017433627827987835
0.11537760000000001,0.0019108907786645987
0.1153984,0.010632600154679211
0.1154192,0.0472850042484615
0.11544,0.010681778550828391
0.1154608,0.011763566948529532
0.1154816,0.03844311593451946
0.1155024,0.023382957941192807
0.1155232,-0.018259142819764783
0.11554400000000001,0.01271145803957907
0.11556480000000001,0.0045626620352262875
0.11558560000000001,0.018280403424925616
0.1156064,0.012407143263881792
0.1156272,-0.03265533687777163
0.115648,-0.00917859184423444
0.1156688,0.03712444305933089
0.1156896,0.018405482834933113
0.1157104,-0.015523130524106506
0.1157312,-0.00828501834698542
0.11575200000000001,-0.0043129919591008686
0.11577280000000001,-0.025658757516611685
0.11579360000000001,-0.06478015666427152
0.1158144,0.010419323368104067
0.1158352,-0.020890599569553605
0.115856,-0.014109931557081914
0.1158768,-0.015657432272874295
0.1158976,-0.008574970493710834
0.1159184,-0.009668099690396956
0.1159392,0.029795158525380405
0.11596000000000001,-0.007183567089679859
0.11598080000000001,0.010868536219851623
0.11600160000000001,-0.0014843535556484505
0.1160224,0.024645269882011208
0.1160432,0.0013679315054917303
0.116064,-0.04095670989684523
0.1160848,0.03520536202835282
0.1161056,0.03239152369220481
0.1161264,0.012581569473096101
0.1161472,-0.032650925482582846
0.11616800000000001,0.025438536120198103
0.11618880000000001,0.006001329146762381
0.11620960000000001,-0.017463555562318357
0.1162304,-0.01224990324963037
0.1162512,0.022235947082006987
0.116272,-0.0138574410767175
0.1162928,-0.0044581172964853755
0.1163136,-0.016304888832522405
0.1163344,0.00933154921853241
0.1163552,-0.01894012385479883
0.11637600000000001,0.010404988409815566
0.11639680000000001,-0.007280183011709108
0.11641760000000001,0.039986117584311906
0.1164384,-0.010204278233760479
0.1164592,0.0008701454201688351
0.11648,0.01850836554554145
0.1165008,0.01657817720833739
0.1165216,-0.031377306329708365
0.1165424,0.0029427802075300876
0.1165632,0.007465751787219945
0.11658400000000001,0.013170647618192997
0.11660480000000001,-0.003793875359551582
0.11662560000000001,0.029611334728252788
0.1166464,0.027485505786398547
0.1166672,-0.00753594390506575
0.116688,-0.021727865266326956
0.1167088,-0.0014045671530240557
0.1167296,0.011714432674607636
0.1167504,0.022293670394415287
0.1167712,-0.02261465572938694
0.116792,-0.01237396355924095
0.11681280000000001,-0.03833247094345501
0.11683360000000001,-0.018500701066880367
0.11685440000000001,0.023478257527929754
0.1168752,0.04363382647972967
0.116896,0.01663282377583765
0.1169168,-0.0007859588684349117
0.1169376,-0.0032543657112780893
0.1169584,0.04144318211231269
0.1169792,0.02675473163998687
0.117,0.0068424471123203915
0.11702080000000001,-0.00802886959864645
0.11704160000000001,-0.012687241195201832
0.11706240000000001,0.0026317159000002095
0.1170832,0.038967058189515756
0.117104,-0.0018608226506096094
0.1171248,-0.004202998852440063
0.1171456,0.00817033099253493
0.1171664,-0.0026285560980535967
0.1171872,0.02153373584438266
0.117208,-0.017953644237619564
0.11722880000000001,0.004162474347883076
0.11724960000000001,-0.01172653394861313
0.11727040000000001,0.01895293700454005
0.1172912,0.004990143040947906
0.117312,-0.013337173330481275
0.1173328,-0.009259044967665863
0.1173536,0.0002556491233370793
0.1173744,0.030225627397504982
0.1173952,0.011796088733587331
0.117416,0.006584431035555572
0.11743680000000001,-0.01947680436105348
0.11745760000000001,-0.030152861643391815
0.11747840000000001,-0.031069268792838278
0.1174992,-0.01242333504048045
0.11752,0.007680686456232345
0.1175408,0.0005500760925543507
0.1175616,0.02229341558241196
0.1175824,-0.022395741666551908
0.1176032,-0.004715456443652777
0.117624,-0.005726590007524357
0.11764480000000001,-0.020440476161929358
0.11766560000000001,-0.04419399960266001
0.11768640000000001,-0.016995060571751232
0.1177072,0.017772398039005818
0.117728,-0.035706748541784836
0.1177488,0.016353054810614564
0.1177696,0.01689244651696976
0.1177904,-0.0038489745123302405
0.1178112,0.004862737293580028
0.117832,-0.0033858651769419026
0.11785280000000001,-0.0004883399137644559
0.11787360000000001,0.028187895182900182
0.11789440000000001,0.02231166977185217
0.1179152,0.019340229742908905
0.117936,0.004636744400531525
0.1179568,-0.0029526533067444063
0.1179776,0.004656889759388521
0.1179984,-0.026207600844263823
0.1180192,-0.01807632006522219
0.11804,0.0009476300793738664
0.11806080000000001,-0.03638998441737358
0.11808160000000001,-0.0006299970260921614
0.11810240000000001,-0.0034598693409105268
0.1181232,-0.0044425765434136155
0.118144,-0.003564611094480204
0.1181648,-0.014282206028349063
0.1181856,0.04064071454691133
0.1182064,-0.03974251222687084
0.1182272,-0.015946575320428192
0.118248,-0.03702574989593002
0.11826880000000001,0.005140741365876333
0.11828960000000001,0.016528939156529525
0.11831040000000001,0.034351080898561925
0.1183312,-0.016286370132174044
0.118352,0.011573951269636019
0.1183728,-0.019758488053326143
0.1183936,-0.0032920920931621325
0.1184144,0.011261507083990865
0.1184352,-0.031593259526740455
0.118456,-0.005413451965586906
0.11847680000000001,-0.01467163618190336
0.11849760000000001,0.005471186063940987
0.11851840000000001,0.014282030337570136
0.11853920000000001,-0.03147068257925009
0.11856,-0.004360595883456908
0.1185808,-0.02978763164415892
0.1186016,-0.048244405222932274
0.1186224,-0.024239534065141337
0.1186432,-0.01532247927775453
0.118664,-0.02644190657959549
0.11868480000000001,-0.024499820269121494
0.11870560000000001,0.023755885591485393
0.11872640000000001,0.00015200157352137682
0.11874720000000001,0.019731828436980188
0.118768,0.026808755655963697
0.1187888,0.0016433434592932306
0.1188096,0.05013375840213644
0.1188304,0.0076516841693502384
0.1188512,0.0016066555765137818
0.118872,-0.017400097172879145
0.1188928,-0.007941142685831544
0.11891360000000001,0.006353988361544896
0.11893440000000001,0.0008505644025616823
0.11895520000000001,0.0039159395621413485
0.118976,0.0060735613170476085
0.1189968,-0.02825378484194038
0.1190176,-0.016885670427012413
0.1190384,-0.009048584017699122
0.1190592,-0.011932632058316074
0.11908,-0.028065643820573055
0.1191008,-0.0030302842436673145
0.11912160000000001,-0.018953932189842693
0.11914240000000001,0.018585326808984497
0.11916320000000001,-0.017614049580362213
0.119184,0.003210469304993538
0.1192048,-0.041467963676937024
0.1192256,-0.004879122697263616
0.1192464,0.018279755976685966
0.1192672,-0.0007456374921002871
0.119288,0.01134878225086782
0.1193088,0.0024590527956883062
0.11932960000000001,-0.007826781638535427
0.11935040000000001,0.00823879785237179
0.11937120000000001,0.006534607331035973
0.119392,0.006097528634485704
0.1194128,-0.01351631570198067
0.1194336,-0.011561197403726041
0.1194544,-0.05691863323841183
0.1194752,6.316546005187927e-06
0.119496,-0.023132023467936094
0.1195168,-0.01711683807189453
0.11953760000000001,0.014398734869224062
0.11955840000000001,0.0017103581072745427
0.11957920000000001,0.005761686169192187
0.1196,-0.01655262413827197
0.1196208,0.007515039610820252
0.1196416,-0.0015753054808525335
0.1196624,0.0018922189890963953
0.1196832,-0.004267090814451362
0.119704,0.030912025463894075
0.1197248,-0.024395977663020926
0.11974560000000001,0.0029091101325665575
0.11976640000000001,0.0038022099786904225
0.11978720000000001,0.016997700047617036
0.119808,0.00863461069879792
0.1198288,-0.011126557925773885
0.1198496,0.0016448511570117616
0.1198704,0.029007402670158538
0.1198912,0.020150775923433388
0.119912,-0.009137514369875378
0.1199328,0.0026149426448328038
0.11995360000000001,-0.003631719336115549
0.11997440000000001,0.025476307178356743
0.11999520000000001,-0.009421506760330213
0.120016,0.025377735074757126
0.1200368,0.03208890186090318
0.1200576,-0.0033090217577026316
0.1200784,0.04428960178033361
0.1200992,-0.0051668645979220185
0.12012,-0.004398797663045499
0.1201408,0.014437322280294183
0.12016160000000001,-0.010659587472992955
0.12018240000000001,0.0016246617490715785
0.12020320000000001,-0.023836936477108574
0.120224,-0.008476749068176167
0.1202448,0.0013474942658788145
0.1202656,-0.027284716122858904
0.1202864,0.013848853645109164
0.1203072,0.01456681999742939
0.120328,-0.002509380461114432
0.1203488,0.012786773347996494
0.12036960000000001,0.012865111981113474
0.12039040000000001,-0.016254176884092614
0.12041120000000001,0.010503967482556845
0.12043200000000001,0.003940006867152148
0.1204528,-0.013461834060559402
0.1204736,0.007186917133307815
0.1204944,-0.021651457313599753
0.1205152,-0.05673300819722691
0.120536,0.008436828303468017
0.1205568,0.004526549179507885
0.12057760000000001,0.0358561654179758
0.12059840000000001,-0.006444235009818149
0.12061920000000001,0.01757621117412425
0.12064000000000001,-0.017481708091633387
0.1206608,-0.022513691053158046
0.1206816,-0.006098002767197858
0.1207024,0.004694812818037966
0.1207232,-0.0002061216416534398
0.120744,0.022739467750537007
0.1207648,0.024309277861422878
0.1207856,-0.024310613998198144
0.12080640000000001,-0.009096139699925952
0.12082720000000001,0.03745343943889932
0.12084800000000001,0.028682244873350308
0.1208688,-0.02136271739780236
0.1208896,-0.012947713461543376
0.1209104,0.04191433709086065
0.1209312,-0.016634535733690392
0.120952,0.027458156336455
0.1209728,-0.0371317051626263
0.1209936,-0.0012546337311257108
0.12101440000000001,-0.017538094016448198
0.12103520000000001,0.009826772926770613
0.12105600000000001,0.028616624759625175
0.1210768,0.01254441225735473
0.1210976,0.023595904554203125
0.1211184,0.026833041454338638
0.1211392,0.03660656886876707
0.12116,0.009872338360335213
0.1211808,-0.03563582390242157
0.1212016,-0.028347973245196775
0.12122240000000001,0.021057053318292614
0.12124320000000001,0.01546272946878879
0.12126400000000001,0.024686865370224347
0.1212848,-0.003869356506259051
0.1213056,-0.007231105237453171
0.1213264,-0.03528600223581673
0.1213472,-0.02097601328204525
0.121368,-0.0017126006729538045
0.1213888,-0.012750253465164752
0.1214096,-0.03229770649868039
0.12143040000000001,0.02953154077376881
0.12145120000000001,0.0005971672523068155
0.12147200000000001,0.0053304900985283185
0.1214928,0.0022173449464369744
0.1215136,-0.0005784085151545802
0.1215344,-0.021403833806104517
0.1215552,0.01708604849006694
0.121576,-0.011601355349977105
0.1215968,-0.020657172866038857
0.1216176,0.024759141471586674
0.12163840000000001,0.0017928706623948553
0.12165920000000001,0.011962668881043581
0.12168000000000001,-0.03831562337978873
0.1217008,0.034883051876802906
0.1217216,-0.017033078647198947
0.1217424,-0.023190884153222572
0.1217632,-0.008438025530541455
0.121784,-0.01972411114664851
0.1218048,-0.018091049637103392
0.1218256,0.009533222376371098
0.12184640000000001,0.028984056997648867
0.12186720000000001,-0.0050219714695981825
0.12188800000000001,0.00010690330566285
0.1219088,0.0013449658375077834
0.1219296,0.00380316927418624
0.1219504,-0.025280909192705998
0.1219712,0.033828789530307726
0.121992,-0.028720141678167863
0.1220128,-0.013106444305130199
0.1220336,0.04130449983631185
0.12205440000000001,-0.0023296564432583903
0.12207520000000001,-0.020166545740406522
0.12209600000000001,0.002438962514866949
0.1221168,0.04721022650722682
0.1221376,0.0016824552529306218
0.1221584,-0.02216394594128351
0.1221792,0.005026776796072289
0.1222,0.006621128060095497
0.1222208,-0.01638653255471744
0.1222416,0.005342682030484102
0.12226240000000001,-0.04472104989794065
0.12228320000000001,0.009775740840133683
0.12230400000000001,0.0050301305069275805
0.12232480000000001,0.0026219972645759545
0.1223456,-0.012175696140259713
0.1223664,0.028285339520270045
0.1223872,0.01450503621260799
0.122408,0.028252731819654386
0.1224288,-0.011194512182911856
0.1224496,0.016385463311735134
0.12247040000000001,0.03609264477968257
0.12249120000000001,0.029784218716868018
0.12251200000000001,-0.01769015723030557
0.12253280000000001,0.00029924455261495125
0.1225536,-0.012164815959113937
0.1225744,-0.004960057330388185
0.1225952,0.0007326410880217101
0.122616,0.036308477334307455
0.1226368,0.03150084740585988
0.1226576,-0.0020210916327222856
0.1226784,0.018711893517069002
0.12269920000000001,-0.011286881327436991
0.12272000000000001,-0.024567398945656668
0.12274080000000001,-0.03749688971686778
0.1227616,-0.016684437532072615
0.1227824,0.04094117139236961
0.1228032,0.004583503974752117
0.122824,0.011523699392875173
0.1228448,0.021917649969671337
0.1228656,-0.0391238262181527
0.1228864,-0.0043168378623296075
0.12290720000000001,0.0010103049568049977
0.12292800000000001,0.026154979970275178
0.12294880000000001,0.008743694721853565
0.1229696,-0.0336265218424658
0.1229904,-0.03448011037264922
0.1230112,0.006498128542160728
0.123032,0.0044154964727304005
0.1230528,-0.028299973531018145
0.1230736,-0.028012522388319493
0.1230944,0.0018106680243699497
0.12311520000000001,-0.026515934917380607
0.12313600000000001,0.007304719609801223
0.12315680000000001,-0.004864703748244379
0.1231776,-0.005598070223017853
0.1231984,0.03961527823355871
0.1232192,-0.016765783145193367
0.12324,-0.02287990833565306
0.1232608,-0.0106835000020941
0.1232816,-0.048696785783192295
0.1233024,0.015493921663281713
0.12332320000000001,0.012914050754414024
0.12334400000000001,0.0014963818829819358
0.12336480000000001,-0.0009242483436948358
0.1233856,-0.0019946311311095323
0.1234064,-0.031829104523038686
0.1234272,-0.003841051184169039
0.123448,-0.001447940360433331
0.1234688,0.015991711140136207
0.1234896,0.00515217514334937
0.1235104,0.019864975846284435
0.12353120000000001,0.013034810048999415
0.12355200000000001,-0.041218130721788676
0.12357280000000001,-0.016018312967064484
0.1235936,0.01210047314276633
0.1236144,-0.009209351902286798
0.1236352,-0.0009294307951203946
0.123656,0.016508593403043927
0.1236768,-0.02070391462267608
0.1236976,0.0031108659018239176
0.1237184,0.03240478162444812
0.12373920000000001,0.0004569984928512838
0.12376000000000001,-0.01477789899725148
0.12378080000000001,-0.0001513119903591834
0.1238016,-0.007907291597664831
0.1238224,-0.025537859102445073
0.1238432,0.012608280828053757
0.123864,8.471341716602079e-05
0.1238848,-0.03803038037087224
0.1239056,0.023972658632639143
0.1239264,-0.019269419885136977
0.12394720000000001,0.001135948160379866
0.12396800000000001,0.008907860418107457
0.12398880000000001,-0.0028538724457881476
0.1240096,-0.02577790094745079
0.1240304,-0.04758863887263476
0.1240512,-0.011589029583322523
0.124072,0.004274897035707767
0.1240928,-0.024910415576151333
0.1241136,-0.008523928690357422
0.1241344,0.025523284507608286
0.12415520000000001,-0.020468891816530756
0.12417600000000001,0.08073723357688847
0.12419680000000001,0.007329152584196465
0.12421760000000001,-0.024459013498333494
0.1242384,0.008281085773122185
0.1242592,-0.004980252635167541
0.12428,0.026494448406724578
0.1243008,-0.02570722899936517
0.1243216,0.013776216810195713
0.1243424,-0.022494016991435543
0.12436320000000001,0.006726969350208769
0.12438400000000001,0.030557094655635116
0.12440480000000001,0.002818378302566433
0.12442560000000001,0.02731837806953189
0.1244464,-0.006185598279792232
0.1244672,0.018872520700859804
0.124488,-0.013289120274404407
0.1245088,-0.00522882408054115
0.1245296,0.0003180714342515006
0.1245504,-0.030195053456892277
0.1245712,-0.01892825966162428
0.12459200000000001,-0.01227281866278153
0.12461280000000001,0.03454815631406643
0.12463360000000001,0.0028782884077349132
0.1246544,-0.023663506704287407
0.1246752,-0.024940013980308377
0.124696,-0.0023640062706122055
0.1247168,-0.023536934250637267
0.1247376,0.0034771610256815262
0.1247584,-0.022805677450349126
0.1247792,-0.021864856709994197
0.12480000000000001,0.016403371443551567
0.12482080000000001,-0.038395690312705164
0.12484160000000001,0.046077957422102064
0.1248624,-0.015803391868894547
0.1248832,-0.03045399112077684
0.124904,0.011789988300217118
0.1249248,0.021774259469149064
0.1249456,0.026296415018305885
0.1249664,0.01060907756961655
0.1249872,-0.01437422562226094
0.125008,-0.0035274811443515236
0.1250288,0.0027039603042746515
0.1250496,0.01760994982029437
0.1250704,0.019636823229067468
0.1250912,0.01426796212086029
0.125112,0.01751485968002138
0.12513280000000002,-0.045541616987523376
0.1251536,-0.011215956672435636
0.1251744,0.023749191618039213
0.1251952,-0.009476519193790507
0.125216,-0.0015397253417507495
0.1252368,-0.014661032245316783
0.1252576,-0.002679017540013526
0.1252784,-0.013589101625763496
0.1252992,-0.04158539050147527
0.12532000000000001,0.0077078914881066685
0.1253408,0.008616354175441505
0.12536160000000002,-0.018272527950408426
0.1253824,-0.04220914589728927
0.1254032,-0.007263184043518544
0.125424,-0.02621714437519207
0.1254448,0.019769111075787136
0.1254656,-0.006113725764815444
0.1254864,-0.03381156787629687
0.1255072,-0.015578753631101097
0.125528,0.036003668009826226
0.12554880000000002,-0.005475889515404573
0.1255696,-0.01853760090871324
0.1255904,-0.007400001383553721
0.1256112,-0.025864505875058525
0.125632,0.015690947214995893
0.1256528,-0.030747983560092555
0.1256736,0.010281095806429021
0.1256944,0.01954040748820334
0.1257152,0.017404121783339412
0.12573600000000001,-0.0039084755595999434
0.1257568,-0.00986742663696137
0.12577760000000002,-0.0004282273594819775
0.1257984,0.004097974404121742
0.1258192,0.010557641477870125
0.12584,-0.0010133299478284935
0.1258608,0.004299631735327124
0.1258816,-0.010164351641243416
0.1259024,-0.017267819031574514
0.1259232,0.022091966302373627
0.125944,0.008082971202443136
0.12596480000000002,0.01410147369473269
0.1259856,0.03358756359378571
0.12600640000000002,-0.015086385860884666
0.1260272,-0.01296229213284817
0.126048,-0.008254898943471211
0.1260688,0.017428813069434536
0.1260896,-0.02957277669174873
0.1261104,-0.014226313297918486
0.1261312,0.01592115048827279
0.12615200000000001,-0.03242030139307982
0.1261728,0.013991988660582632
0.12619360000000002,0.03229231155042221
0.1262144,0.00826405509971763
0.1262352,-0.01741613534815469
0.126256,-0.009329284710170329
0.1262768,-0.020414109761053498
0.1262976,-0.0016876548146047968
0.1263184,0.019183148253238042
0.1263392,0.020594251276541253
0.12636,-0.045956627895663876
0.12638080000000002,-0.015885239263857598
0.1264016,0.006638239118701841
0.12642240000000002,-0.007231044216650759
0.1264432,-0.050117469134386305
0.126464,0.00423244794259933
0.1264848,0.010979441087032683
0.1265056,-0.00013968467026550404
0.1265264,-0.001505553292933478
0.1265472,0.0190245138808121
0.126568,-0.029103496125485386
0.1265888,-0.006165077167847731
0.12660960000000002,0.008167916001241072
0.1266304,0.06969965720072739
0.1266512,-0.014968970817298406
0.126672,0.015987342770764308
0.1266928,0.03535266923234825
0.1267136,0.01570330506773082
0.1267344,0.017778813868016243
0.1267552,0.025734903281295275
0.126776,-0.03632375349083784
0.12679680000000002,0.010499037075794835
0.1268176,-0.00906046491818745
0.12683840000000002,0.03157195164196937
0.1268592,0.008981432042701276
0.12688,0.0055147148464175086
0.1269008,0.004017406965225136
0.1269216,-0.025485439286883245
0.1269424,0.019136448293534402
0.1269632,-0.0328861259622835
0.126984,-0.003810680878777534
0.1270048,-0.0070135636930094844
0.12702560000000002,0.020511350444968133
0.1270464,0.0004777167205382037
0.1270672,-0.017136195462924095
0.127088,0.014214238725775055
0.1271088,0.035849862318046884
0.1271296,-0.02066993756321041
0.1271504,0.028805335929938225
0.1271712,-0.013306408814996154
0.127192,-0.004255144260771151
0.12721280000000001,-0.0037045564543443537
0.1272336,-0.020995449387210714
0.12725440000000002,0.033707373120637305
0.1272752,0.01656385648361938
0.127296,0.012965303562320068
0.1273168,-0.027503540239039347
0.1273376,0.014119624453772113
0.1273584,-0.01787573925666272
0.1273792,0.028762095950237623
0.1274,-0.03596184312124009
0.1274208,0.0153866490497518
0.12744160000000002,-0.03170779525349723
0.1274624,-0.029923301096146517
0.1274832,0.004967171157786081
0.127504,0.01809471660907481
0.1275248,0.023454832456240384
0.1275456,-0.007799310207613181
0.1275664,-0.010887532753932606
0.1275872,0.019471653258560786
0.127608,-0.023449587035687582
0.12762880000000001,-0.022746082663711302
0.1276496,0.011317129630362483
0.12767040000000002,0.009874709387977548
0.1276912,0.0022213335617782934
0.127712,0.02615887513174932
0.1277328,-0.03339600433163403
0.1277536,0.0102149508926784
0.1277744,0.04584760841371912
0.1277952,-0.007980922107653516
0.127816,-0.02556590456266093
0.1278368,0.026290027485507714
0.12785760000000002,0.012161226139224228
0.1278784,0.02582291925184553
0.12789920000000002,0.015349601114443341
0.12792,-0.008473300828069737
0.1279408,-0.0035404252163772952
0.1279616,-0.02347719289832482
0.1279824,0.0549190295801843
0.1280032,-0.018246979977402166
0.128024,-0.0062234171812879414
0.12804480000000001,-0.01309070774474071
0.1280656,0.010138744682162304
0.12808640000000002,0.03038841303941228
0.1281072,-0.009474293612608107
0.128128,0.010280021238060013
0.1281488,0.01623634968123042
0.1281696,0.04634686745380097
0.1281904,-0.003571532732953042
0.1282112,0.006609231792624579
0.128232,0.03508842876337112
0.1282528,-0.0286250815909983
0.12827360000000002,0.0008268444690760435
0.1282944,0.0028523639917487275
0.12831520000000002,-0.02199858426225072
0.128336,-0.003187473233243819
0.1283568,0.005468472237571788
0.1283776,0.0241667559720518
0.1283984,0.019974298020625787
0.1284192,-0.010219099399371418
0.12844,-0.018259264346548964
0.1284608,0.020672912063446867
0.1284816,-0.030241999321501022
0.12850240000000002,-0.01021493427147679
0.1285232,-0.022381805678266867
0.128544,-0.031697134143881346
0.1285648,0.006138108416821786
0.1285856,-0.028481242567612988
0.1286064,-0.01221839153159017
0.1286272,0.026227149465014643
0.128648,0.03256928885993296
0.1286688,-0.027154621767184816
0.12868960000000002,-0.01850189166883657
0.1287104,-0.017391598910663546
0.12873120000000002,-0.02698797052457236
0.128752,0.027447479801460905
0.1287728,0.018544070738703747
0.1287936,0.010426983653002757
0.1288144,-0.01971216515080537
0.1288352,0.015791138749596235
0.128856,0.004218721888262874
0.1288768,-0.0003082985127744004
0.1288976,0.012117892259800967
0.12891840000000002,0.028100404236859677
0.1289392,-0.0010516344413810164
0.12896,-0.008113438504310603
0.1289808,-0.020713876681610923
0.1290016,0.028989051922899047
0.1290224,0.010221452565190506
0.1290432,-0.04902518908488529
0.129064,0.0030555392282652595
0.1290848,0.01672940200101794
0.12910560000000001,-0.03219470529615084
0.1291264,-0.03014017746739808
0.12914720000000002,0.021454551301175528
0.129168,-0.005723302556990549
0.1291888,-0.029878357934342722
0.1292096,0.0007464575056330834
0.1292304,0.007332016489950758
0.1292512,-0.01942212671913768
0.129272,-0.016294729506100395
0.1292928,0.0007001442217317333
0.1293136,-0.0013544824416600737
0.12933440000000002,0.03604237319605151
0.1293552,0.02697927726901507
0.129376,0.010416983480962202
0.1293968,-0.013647877196953285
0.1294176,-0.012542507797501393
0.1294384,-0.045627343114076006
0.1294592,-0.0016188383398528467
0.12948,-0.008399674526765872
0.1295008,-0.013674225665187379
0.12952160000000001,0.014655215951041847
0.1295424,0.025410771984926868
0.12956320000000002,-0.03779069039080848
0.129584,0.008114192971554387
0.1296048,0.008924916116692763
0.1296256,-0.012829353360800164
0.1296464,-0.014786514090589998
0.1296672,0.03479190281125877
0.129688,0.01480799545909792
0.1297088,0.04312822817599611
0.1297296,-0.015820674794758034
0.12975040000000002,-0.021707227686254535
0.1297712,-0.005621423481916986
0.12979200000000002,0.017481055859696594
0.1298128,0.02663458031308125
0.1298336,0.03977480628988265
0.1298544,-0.013225187468524406
0.1298752,-0.029454829680509
0.129896,0.020115430689458782
0.1299168,0.01828953741355668
0.12993760000000001,0.011633943485538256
0.1299584,0.029456811119370974
0.12997920000000002,-0.016474274185727125
0.13,-0.03310062850879372
0.1300208,0.04186903196482826
0.1300416,0.006225229686763529
0.1300624,-0.006104470275003345
0.1300832,0.016415669903283168
0.130104,0.04539262609672528
0.1301248,0.0038564865605987685
0.1301456,0.03557467321633866
0.13016640000000002,0.0020297007445955525
0.1301872,0.039372580329521505
0.13020800000000002,0.0041122119672329935
0.1302288,0.024785282978732365
0.1302496,-0.00011347872795532438
0.1302704,0.012542862180634615
0.1302912,0.0048423320603900475
0.130312,-0.00831899574377848
0.1303328,0.0024135872591639356
0.13035360000000001,0.014614070311206364
0.1303744,-0.002105421381567716
0.13039520000000002,-0.010776731957960788
0.130416,0.008764536576593632
0.1304368,0.029794684813128882
0.1304576,-0.0015593837743851102
0.1304784,-0.02032207655959561
0.1304992,-0.017796290460875476
0.13052,0.0006504699659178609
0.1305408,0.033697556044009584
0.1305616,-0.021110026129268086
0.13058240000000002,0.023379121217465774
0.1306032,-0.0038268076777702793
0.13062400000000002,-0.013728698923146425
0.1306448,-0.01082892849644605
0.1306656,0.023601065990219855
0.1306864,-0.009516196988451192
0.1307072,0.027813339049458125
0.130728,0.04152330229823889
0.1307488,-0.017679990905013054
0.1307696,-0.02640412622400792
0.1307904,-0.03590893455821944
0.13081120000000002,0.010844699968582582
0.130832,-0.01828010395014149
0.1308528,-0.013034552295802611
0.1308736,-0.016301076759036005
0.1308944,0.027418976583164594
0.1309152,0.01335603614158526
0.130936,0.012096475435183766
0.1309568,-0.03574331021919765
0.1309776,-0.017651394338370142
0.13099840000000001,-0.0015223547044557108
0.1310192,-0.00285379763069282
0.13104000000000002,0.005890628799865386
0.1310608,0.032330325965214055
0.1310816,0.013447813430805072
0.1311024,0.015851527733240535
0.1311232,-0.0031933709899561362
0.131144,-0.008921790938423822
0.1311648,-0.01026456671387908
0.1311856,-0.002742558242607591
0.1312064,-0.03418155856301472
0.13122720000000002,-0.012427474404520411
0.131248,-0.00018674975254634539
0.1312688,-0.010525747462300781
0.1312896,-0.0016547288755715758
0.1313104,-0.038297492578319554
0.1313312,-0.012038167311996964
0.131352,-0.000550251185601289
0.1313728,0.022846007199362348
0.1313936,0.0016258163986945546
0.13141440000000001,-0.005368852195777163
0.1314352,-0.012561234934543794
0.13145600000000002,-1.8064884254556985e-05
0.1314768,-0.011289415158328773
0.1314976,0.013971013681398872
0.1315184,-0.011930555818408675
0.1315392,0.012565345666038084
0.13156,-0.014141463647705977
0.1315808,-0.031222313540364994
0.1316016,-0.03051854896689406
0.1316224,0.017491507497287444
0.13164320000000002,-0.012835936473757368
0.131664,-0.01106941123355393
0.13168480000000002,0.050634226176062135
0.1317056,-0.024970898916869478
0.1317264,-0.001994960182982915
0.1317472,-0.028969366351125365
0.131768,-0.01399472737101507
0.1317888,0.009363789943531247
0.1318096,-0.00747706578751951
0.13183040000000001,0.03720745515112474
0.1318512,-0.020432001194076385
0.13187200000000002,-0.015441546377245019
0.1318928,-0.029847682687853823
0.1319136,-0.0009810611437138723
0.1319344,-0.017087532931194804
0.1319552,-0.004271251287667108
0.131976,-0.017894349161961524
0.1319968,0.007854111148684655
0.1320176,-0.014543654296932025
0.1320384,0.0004907728893174424
0.13205920000000002,-0.003768687132885632
0.13208,-0.016402904451782857
0.13210080000000002,-0.0010800002600098839
0.1321216,-0.0012720436403404777
0.1321424,0.009402391278330946
0.1321632,-0.04118283104911699
0.132184,0.02905858956336433
0.1322048,0.0015532427545455066
0.1322256,0.00772265206211632
0.13224640000000001,0.009837069768547707
0.1322672,-0.02861645101853754
0.13228800000000002,0.01404943602105352
0.1323088,0.005155398537649962
0.1323296,-0.010700566911730975
0.1323504,0.015827441626784716
0.1323712,-0.00585390858140317
0.132392,-0.021047390130636917
0.1324128,0.01714650884179311
0.1324336,0.015222941924697865
0.1324544,0.0061682772683040454
0.13247520000000002,-0.003142566704582628
0.132496,0.03180291167714105
0.13251680000000002,-0.012008892562024491
0.1325376,0.004144412605820896
0.1325584,-0.0038723545119693555
0.1325792,-0.004115226533873167
0.1326,0.009429149947766688
0.1326208,-0.019874189990464225
0.1326416,0.0100230599794072
0.1326624,0.005432234533774657
0.1326832,-0.006851396650117993
0.13270400000000002,-0.014600514683602017
0.1327248,-0.027712170271855206
0.1327456,0.0016801160187584693
0.1327664,0.03402343621854386
0.1327872,-0.012708281899568439
0.132808,-0.018689557516720533
0.1328288,-0.01356020038240072
0.1328496,0.005342310712268176
0.1328704,0.010008510371414847
0.13289120000000001,0.007078720849078243
0.132912,-0.001032283740670638
0.13293280000000002,-0.02459997990083784
0.1329536,0.020586284214830202
0.1329744,-0.006687785837546557
0.1329952,0.007910997779857916
0.133016,0.0018200252962910402
0.1330368,0.00017224245745027297
0.1330576,0.01633859844750553
0.1330784,0.0030426529165592294
0.1330992,0.04199199962725813
0.13312000000000002,0.029701380543219146
0.1331408,0.01852236103183834
0.1331616,-0.004998903356973
0.1331824,0.016734397202525845
0.1332032,0.007503681775023399
0.133224,0.015007961154059212
0.1332448,0.0022534072501347703
0.1332656,-0.019738137712142636
0.1332864,-0.018572939700150125
0.13330720000000001,-0.000690879220851008
0.133328,0.01794659180687577
0.13334880000000002,-0.0007123650720514193
0.1333696,-0.011273855973214642
0.1333904,-0.0028852474172145364
0.1334112,0.014029880051860075
0.133432,-0.008923207116847553
0.1334528,-0.009735227992974889
0.1334736,0.0028209152510187676
0.1334944,0.01381778168406944
0.1335152,-0.023547535083314784
0.13353600000000002,-0.007206077528143099
0.1335568,0.00034490477415097606
0.13357760000000002,-0.008127671426772953
0.1335984,0.010805078507944208
0.1336192,0.017536184957899714
0.13364,-0.014326739679788971
0.1336608,0.048586920509918974
0.1336816,0.008388639339829619
0.1337024,0.03225868980655256
0.13372320000000001,0.015705028752787
0.133744,-0.035843291595525704
0.13376480000000002,-0.02467122638693982
0.1337856,0.005871969790073301
0.1338064,0.011028296658480777
0.1338272,0.012772408204005513
0.133848,-0.03879159712734792
0.1338688,-0.012196364524151572
0.1338896,0.010070805964880039
0.1339104,0.0258904173223941
0.1339312,0.01099754680142389
0.13395200000000002,-0.027163031352840063
0.1339728,-0.010584958548081998
0.13399360000000002,-0.00619967480052264
0.1340144,-0.008096103106469996
0.1340352,0.021100296350638988
0.134056,0.023787710315540344
0.1340768,0.026070874193568502
0.1340976,-0.02161650261519287
0.1341184,-0.024870960695943602
0.13413920000000001,-0.029926602148086498
0.13416,-0.004830492721301429
0.13418080000000002,0.0021685571883037222
0.1342016,-0.02727713588209256
0.1342224,0.005477770909237399
0.1342432,0.005079090956174167
0.134264,-0.00392314532837036
0.1342848,0.009223771099798885
0.1343056,-0.01967834460529304
0.1343264,-0.021300523372746495
0.1343472,0.02930326141230924
0.13436800000000002,-0.0073366152993491
0.1343888,0.019665689937818472
0.13440960000000002,-0.012976375420472011
0.1344304,-0.04524618741744532
0.1344512,0.01086331604335274
0.134472,-0.024626685015360486
0.1344928,-0.017356048044881937
0.1345136,0.017591356882514998
0.1345344,-0.030496922742722893
0.1345552,-0.005310736346767755
0.134576,0.022896387977463708
0.13459680000000002,0.04052905741902161
0.1346176,-0.019550650631291494
0.1346384,0.003343827707838507
0.1346592,-0.013146758552911841
0.13468,0.024643685781967958
0.1347008,-0.009693812467175586
0.1347216,0.026780042913804158
0.1347424,-0.024847392230416713
0.1347632,0.01576784228496157
0.13478400000000001,0.02984910459122464
0.1348048,0.013432393614463778
0.13482560000000002,0.00045807429329665757
0.1348464,-0.00980419332273856
0.1348672,-0.02636279443170821
0.134888,0.019161491696144287
0.1349088,0.018846793209510337
0.1349296,0.006996164915218467
0.1349504,-0.025275397639945543
0.1349712,-0.01807726783319034
0.134992,-0.0028931081320674257
0.13501280000000002,0.034104453179278064
0.1350336,0.037363460283575234
0.1350544,0.0193384747001806
0.1350752,-0.02861593882104905
0.135096,-0.04156752777586537
0.1351168,9.71423695635289e-05
0.1351376,0.008568404072232319
0.1351584,0.03248656415288048
0.1351792,-0.0185780285180934
0.13520000000000001,0.0215253539242455
0.1352208,-0.007695691211331051
0.13524160000000002,0.010400341389544227
0.1352624,-0.012529733458182724
0.1352832,-0.011322270656707423
0.135304,-0.013507839056494275
0.1353248,-0.005643335564097935
0.1353456,-0.021206664837415807
0.1353664,-0.018479118799061736
0.1353872,0.0037587156552068087
0.135408,-0.026824724556226233
0.13542880000000002,-0.009178713749070212
0.1354496,-0.01362651273872636
0.13547040000000002,-0.006814173689823876
0.1354912,0.022524124298462928
0.135512,-0.01623027322370194
0.1355328,0.031666956789994004
0.1355536,-0.03868570965378723
0.1355744,-0.01959334248427537
0.1355952,0.013084893348870322
0.13561600000000001,-0.05010336856690092
0.1356368,-0.005940484343423195
0.13565760000000002,0.007865895437275084
0.1356784,-0.02970988817895337
0.1356992,0.02899642286562081
0.13572,0.03676152988600527
0.1357408,0.0008233646401037959
0.1357616,3.054977187370684e-05
0.1357824,0.01604884505712557
0.1358032,0.019635478189531146
0.135824,-0.009163057205018988
0.13584480000000002,-0.008300214002578606
0.1358656,0.041241602982783086
0.13588640000000002,0.004905290092823152
0.1359072,-0.003268583760110133
0.135928,-0.017454893104028958
0.1359488,-0.05941683917899936
0.1359696,-0.003072465429308992
0.1359904,0.0011632187284576962
0.1360112,-0.0015025024389882357
0.13603200000000001,-0.003960303723588031
0.1360528,0.016381437787464672
0.13607360000000002,0.0057487755432903695
0.1360944,0.0038808802507150327
0.1361152,-0.003838075755774566
0.136136,-0.007017875688822323
0.1361568,0.0022025994187277746
0.1361776,-0.014128240949758751
0.1361984,0.023041248344218026
0.1362192,0.005525591534406966
0.13624,8.784272851116635e-05
0.13626080000000002,0.04109121566408841
0.1362816,0.016399570110093006
0.13630240000000002,-0.023193621990736272
0.1363232,-0.017251594524699525
0.136344,-0.0016415283780382081
0.1363648,-0.009937163134983254
0.1363856,0.026575088463951818
0.1364064,0.015478820508197022
0.1364272,0.01818379036355049
0.136448,0.021859462093198164
0.1364688,0.018615252518432223
0.13648960000000002,-0.03617258933306035
0.1365104,-0.027748306437236775
0.1365312,-0.020267472782641106
0.136552,0.01060597221145591
0.1365728,0.0046470549186310535
0.1365936,0.03729908366299128
0.1366144,0.026180663256016503
0.1366352,0.027493294606823357
0.136656,-0.013187307599613837
0.13667680000000001,-0.0012163825139303358
0.1366976,0.020245350562928182
0.13671840000000002,-0.021995564641583972
0.1367392,-0.013447177542017883
0.13676,0.03677653958575597
0.1367808,0.04322660499390308
0.1368016,-0.035467641590339244
0.1368224,-0.0011616663416844073
0.1368432,-0.024444331208179952
0.136864,-0.040514480210967714
0.1368848,-0.01724766623225484
0.13690560000000002,0.01071587977546652
0.1369264,0.012683201084006557
0.1369472,0.004976641682287685
0.136968,0.025927020677402254
0.1369888,-0.017431969645020445
0.1370096,-0.005845872638637535
0.1370304,0.02987841528313043
0.1370512,0.014718876814785698
0.137072,-0.016729783337611243
0.13709280000000001,-0.025629835669924935
0.1371136,0.00015686632665264794
0.13713440000000002,0.0031874982230039556
0.1371552,0.005707309021182695
0.137176,-0.004076702661135826
0.1371968,0.0014422025617842008
0.1372176,-0.013557212211324778
0.1372384,-0.002083590623493055
0.1372592,-0.014103699187864492
0.13728,-0.02655951971156863
0.1373008,0.0014490446595140775
0.13732160000000002,-0.017259274858554108
0.1373424,-0.017170910573491235
0.13736320000000002,0.010529424851084714
0.137384,0.006002495750260541
0.1374048,0.03727074156429416
0.1374256,0.03375485769653441
0.1374464,-0.00825665519112561
0.1374672,-0.006475154335320167
0.137488,-0.014249182214743113
0.13750880000000001,-0.028686498336641813
0.1375296,0.030716567937004155
0.13755040000000002,0.012842557250077068
0.1375712,-0.01229234964004751
0.137592,0.03551144546204596
0.1376128,0.013175381142940992
0.1376336,0.014961187195997467
0.1376544,-0.009767236363915174
0.1376752,-0.049124417421334686
0.137696,0.012629384656836391
0.1377168,-0.01591221694084584
0.13773760000000002,-0.030848708888574206
0.1377584,0.010599169915491567
0.13777920000000002,0.011255253377491732
0.1378,-0.019897943824917445
0.1378208,-0.0015108875425853205
0.1378416,0.009208899509981987
0.1378624,-7.265565923518699e-05
0.1378832,-0.012388368463929145
0.137904,0.029771254470966513
0.13792480000000001,-0.006514797267154251
0.1379456,0.023060872073450277
0.13796640000000002,-0.002137256064637729
0.1379872,-0.006734947275683481
0.138008,0.02536954917695704
0.1380288,-0.01351405984895078
0.1380496,0.006823088030437125
0.1380704,0.010223602143198928
0.1380912,0.02270686377293333
0.138112,-0.0015842330519692533
0.1381328,-0.03201080386659866
0.13815360000000002,-0.035304081185693004
0.1381744,-0.03679062991198035
0.13819520000000002,-0.024077402383215093
0.138216,-0.0034078686370726165
0.1382368,-0.007298649835042526
0.1382576,-0.01098923213692835
0.1382784,-0.0031995768375823277
0.1382992,-0.01610771294379406
0.13832,-0.0021290466944259116
0.1383408,0.0009534999185907653
0.1383616,0.042725237298504706
0.13838240000000002,-0.006277275352987376
0.1384032,-0.005866706789081172
0.138424,-0.007093097040559254
0.1384448,-0.017749518153134757
0.1384656,0.01556145875731828
0.1384864,-0.027379469806594826
0.1385072,0.04043194546544431
0.138528,-0.03337454577650938
0.1385488,-0.0022453235541632765
0.13856960000000001,0.01961079161354742
0.1385904,0.01012723688497801
0.13861120000000002,0.014558581810548064
0.138632,-0.03160262746162413
0.1386528,0.01741042127310624
0.1386736,0.011179525074347734
0.1386944,0.03159280633360049
0.1387152,-0.0007251327875211196
0.138736,0.001592936765600727
0.1387568,-0.033112150320410455
0.1387776,0.010955914737482714
0.13879840000000002,-0.02198170321236423
0.1388192,0.007580193705588179
0.13884,0.036328152545964984
0.1388608,-0.01841168909437491
0.1388816,0.00484985576933642
0.1389024,-0.010896906675653217
0.1389232,-0.012211477962616676
0.138944,-0.03912644379357288
0.1389648,-0.008795701175624247
0.13898560000000001,0.006543220318559715
0.1390064,0.02594556956123725
0.13902720000000002,0.031797009783451596
0.139048,-0.0031485516065626155
0.1390688,0.018890915894387933
0.1390896,-0.002104291628914251
0.1391104,-0.018610226858274632
0.1391312,-0.009749108877449146
0.139152,0.017490153197066517
0.1391728,0.0139355805316304
0.1391936,-0.03524879149411343
0.13921440000000002,0.010617223743946157
0.1392352,-0.006846354300538062
0.13925600000000002,0.012481774557891994
0.1392768,0.003176651520724319
0.1392976,-0.026007839425406482
0.1393184,-0.028041302078076976
0.1393392,-0.0019395324511600118
0.13936,-8.73312826220555e-05
0.1393808,0.0022480552738940373
0.13940160000000001,-0.024209363910605658
0.1394224,0.028178518406399462
0.13944320000000002,-0.04873326413706856
0.139464,0.026807083559965635
0.1394848,-0.004163034596477658
0.1395056,-0.011167829825239473
0.1395264,0.03422832127872406
0.1395472,-0.0027615795570263965
0.139568,0.0007905393835249042
0.1395888,-0.011130514949533474
0.1396096,0.010627261265816373
0.13963040000000002,0.010963730367887132
0.1396512,0.030185833879327266
0.13967200000000002,0.023726163091655286
0.1396928,0.00010670981077280508
0.1397136,-0.012909550268110304
0.1397344,-0.008614745323360172
0.1397552,-0.015512215981773032
0.139776,-0.009091680746838051
0.1397968,-0.011910422606453966
0.13981760000000001,0.00641939075406627
0.1398384,0.002470219613310744
0.13985920000000002,-0.015063938908710786
0.13988,0.005234507248509783
0.1399008,-0.045494073663742925
0.1399216,-0.0024036439809683487
0.1399424,-0.047714225240937116
0.1399632,-0.008504703445661572
0.139984,0.01216213807657355
0.1400048,0.003187005700128547
0.1400256,-0.023512617078084247
0.14004640000000002,-0.005047892948057349
0.1400672,-0.0040843970788360506
0.14008800000000002,-0.01310102870356093
0.1401088,0.0015083810851607487
0.1401296,-0.014809652409073734
0.1401504,-0.01860253664642794
0.1401712,-0.02149395708185049
0.140192,0.0076145750281135585
0.1402128,-0.020490069598559063
0.1402336,-0.03212510054889887
0.1402544,0.01466495224830441
0.14027520000000002,-0.016982990683055175
0.140296,-0.03125021066513596
0.1403168,0.010808501924366226
0.1403376,-0.01461397864593059
0.1403584,-0.01381264541545768
0.1403792,-0.01923697350969383
0.1404,0.010966268085193059
0.1404208,0.01163739739442833
0.1404416,0.018002811358443716
0.14046240000000002,-0.016098014829772904
0.1404832,0.04599724710430059
0.14050400000000002,-0.014622244050339685
0.1405248,-0.025207763926761984
0.1405456,-0.008931952113750346
0.1405664,-0.038534981451862176
0.1405872,-0.01814988638583782
0.140608,-0.010725946876427148
0.1406288,0.0014513382215518443
0.1406496,0.02527050202151542
0.1406704,0.00761120239005584
0.14069120000000002,-0.006778960910041574
0.140712,1.1458909573614054e-05
0.1407328,-0.02496564064051269
0.1407536,0.028710458878009257
0.1407744,0.0035404912991086335
0.1407952,0.008636215230165998
0.140816,-0.011609496202049987
0.1408368,-0.017596386939967772
0.1408576,-0.020923859892161466
0.14087840000000001,-0.018331188794366144
0.1408992,-0.012578101435171072
0.14092000000000002,0.0159823822668108
0.1409408,-0.015225390201536838
0.1409616,0.011052925617965073
0.1409824,0.01610539654813876
0.1410032,0.006798019724588996
0.141024,0.016583364021443652
0.1410448,-0.04689582367879619
0.1410656,0.004816389587602233
0.1410864,-0.009637283074290553
0.14110720000000002,0.026753175501872836
0.141128,0.006838004489426749
0.14114880000000002,-0.006908019219428815
0.1411696,0.0006035113236989775
0.1411904,0.0041812302948148
0.1412112,0.03529824429529977
0.141232,-0.008013468836288793
0.1412528,0.005788701421925223
0.1412736,-0.011046274667885256
0.14129440000000001,0.005588889575389326
0.1413152,0.00748698880052999
0.14133600000000002,0.004059447970519463
0.1413568,-0.002855834250913928
0.1413776,0.031131098415264426
0.1413984,0.022239804227444745
0.1414192,0.010443797602990103
0.14144,-0.011103123349201844
0.1414608,0.009706518877419655
0.1414816,0.0036186984905653657
0.1415024,0.019594038465472082
0.14152320000000002,0.01226418975850057
0.141544,-0.012042270376766678
0.14156480000000002,0.012889851353726172
0.1415856,0.03845475755958906
0.1416064,0.012400160459305112
0.1416272,-0.02063928006199636
0.141648,-0.007351105263974235
0.1416688,0.020929278522794265
0.1416896,0.02668601916076004
0.14171040000000001,-0.02866644861674164
0.1417312,0.02334393688825687
0.14175200000000002,0.03593632165371078
0.1417728,0.03180398939553177
0.1417936,-0.023935820998264887
0.1418144,0.002889432789626998
0.1418352,0.0296496343894107
0.141856,0.018140677621932274
0.1418768,-0.004790002614614112
0.1418976,-0.016593056401172684
0.1419184,0.001555925606384051
0.14193920000000002,0.0134869554892643
0.14196,-0.017453233356948917
0.14198080000000002,-0.0006920012660263201
0.1420016,0.02812501719583189
0.1420224,0.029193053873904615
0.1420432,0.006417554750220702
0.142064,0.03011392019369296
0.1420848,-0.0002393082270329398
0.1421056,-0.010244991780393646
0.1421264,-0.010969391317282577
0.1421472,-0.01922212113896791
0.14216800000000002,-0.007210687298784059
0.1421888,-0.004825233388911628
0.1422096,0.04479408448251704
0.1422304,0.022137669512812146
0.1422512,0.047577130413062114
0.142272,-0.018172505831343715
0.1422928,0.01631114335113946
0.1423136,-0.007255079877123289
0.1423344,-0.026979970240139716
0.14235520000000002,0.013776421507899093
0.142376,-0.011610455250275983
0.14239680000000002,0.017104596759289978
0.1424176,0.054054772552738425
0.1424384,0.003764690714453485
0.1424592,-0.0004728495165797696
0.14248,-0.012259262080713072
0.1425008,-0.028889597175442466
0.1425216,-0.0033719472491887427
0.1425424,-0.015291568195946946
0.1425632,0.004771179612260743
0.14258400000000002,-0.005571632300902981
0.1426048,0.007718031625756856
0.14262560000000002,0.01130564610644252
0.1426464,0.025318514638915088
0.1426672,-0.02143693426858381
0.142688,-0.014821392669232956
0.1427088,0.03012294769001525
0.1427296,0.019399014362337815
0.1427504,-0.013094466165395436
0.14277120000000001,0.05212710425224905
0.142792,-0.055660814076196524
0.14281280000000002,-0.0071322630444691695
0.1428336,-0.005643201301092355
0.1428544,0.010528849269671662
0.1428752,-0.026353899957362863
0.142896,0.0006749187311955688
0.1429168,0.0049275128439941265
0.1429376,0.024071160271942737
0.1429584,-0.03793593595680488
0.1429792,-0.013364633862434859
0.14300000000000002,-0.012338901370199084
0.1430208,0.020086474758730235
0.14304160000000002,0.03913912647291393
0.1430624,0.034469764126967076
0.1430832,-0.014307522405730931
0.143104,0.004398906624541334
0.1431248,-0.003619999344975114
0.1431456,-0.0008442126572579012
0.1431664,-0.014512714544957696
0.14318720000000001,0.0035358933124883013
0.143208,-0.0020734760141409465
0.14322880000000002,0.011318273306252716
0.1432496,-0.0035025294778467963
0.1432704,0.05119649987585178
0.1432912,-0.03352350158513216
0.143312,-0.012013868386751581
0.1433328,-0.011577107125054114
0.1433536,0.003507694865193787
0.1433744,0.018615062053044484
0.1433952,-0.0010172928724580849
0.14341600000000002,0.06102925489493269
0.1434368,0.007736739732755614
0.14345760000000002,0.029595643488359708
0.1434784,-0.0008887269685439547
0.1434992,-0.014305399744020087
0.14352,0.05050263266661494
0.1435408,-0.016443735263366396
0.1435616,-0.029885015897422
0.1435824,-0.014007010671810911
0.14360320000000001,0.004413643913504089
0.143624,0.028822426702296306
0.14364480000000002,-0.0049465182274262155
0.1436656,-0.004647973404916125
0.1436864,0.006038067907176739
0.1437072,0.016523067487771513
0.143728,-0.01601406341936135
0.1437488,0.006623457172191481
0.1437696,-0.010708871319351405
0.1437904,0.009375663249456148
0.1438112,0.010845217800020767
0.14383200000000002,0.021341144561452294
0.1438528,0.03734453114958925
0.14387360000000002,-0.00947368442963255
0.1438944,-0.017124217969224077
0.1439152,0.004108266250718775
0.143936,0.002387380347392858
0.1439568,0.0023608511932552414
0.1439776,0.018218393415205505
0.1439984,0.004853561439653508
0.1440192,0.01938859386760365
0.14404,0.0031150369541721977
0.14406080000000002,-0.00015841281759333394
0.1440816,-0.014803703446775753
0.1441024,0.01569965627855419
0.1441232,0.0029984661849023777
0.144144,0.026503696760950164
0.1441648,0.014744937509906485
0.1441856,-0.008546064478473996
0.1442064,0.006489764850051271
0.1442272,-0.00013131790839899027
0.14424800000000002,-0.0010180316161672069
0.1442688,-0.025718092370288447
0.14428960000000002,0.00579519594223231
0.1443104,0.003198787389420175
0.1443312,-0.022623849623105534
0.144352,0.007286820278883645
0.1443728,0.008695010303502747
0.1443936,-0.021178024475039497
0.1444144,-0.021069463555245683
0.1444352,0.006324445977283711
0.144456,0.016188965718636535
0.14447680000000002,0.006966475015601402
0.1444976,-0.03428233352255888
0.14451840000000002,-0.02073698254897611
0.1445392,0.0115584137705397
0.14456,-0.019284582415535843
0.1445808,0.021710843067260045
0.1446016,0.022860135393451317
0.1446224,-0.01568743022187864
0.1446432,0.005560088107732219
0.14466400000000001,0.014687449714996189
0.1446848,0.010091648637688222
0.14470560000000002,-0.008342306928322026
0.1447264,-0.0033848384810789157
0.1447472,-0.0010627859795908576
0.144768,0.03215009388047781
0.1447888,0.013569251903870379
0.1448096,0.02361106462716145
0.1448304,0.005566820619723828
0.1448512,0.011463970778143465
0.144872,0.017848376001717816
0.14489280000000002,-0.0027521763045339188
0.1449136,-0.013877679014543263
0.14493440000000002,0.00844755589850659
0.1449552,-0.00740986623277529
0.144976,-0.010289808620226847
0.1449968,-0.014588106660009306
0.1450176,-0.02688447809085294
0.1450384,0.0030085598654566075
0.1450592,-0.0181032050049373
0.14508000000000001,-0.015027075389748694
0.1451008,-0.005759181184839452
0.14512160000000002,-0.023687846035086814
0.1451424,0.010715135036149665
0.1451632,0.01758654661907743
0.145184,-0.02176226669540528
0.1452048,-0.006863389540982247
0.1452256,-0.0041993106823213335
0.1452464,-0.004580667479957873
0.1452672,0.0018154909683116799
0.145288,0.007084475741252459
0.14530880000000002,-0.012335980408838952
0.1453296,0.014623759034750956
0.14535040000000002,-0.03757294570262488
0.1453712,-0.02007265164199858
0.145392,0.01847153623032048
0.1454128,-0.008072047002646491
0.1454336,0.007065028153797306
0.1454544,0.0233775621946606
0.1454752,0.03390943894809621
0.14549600000000001,-0.021363589816128768
0.1455168,-0.014522690649562423
0.14553760000000002,-0.014247622912605918
0.1455584,-0.01375971320398396
0.1455792,0.005708950215077838
0.1456,-0.0377656772941205
0.1456208,0.008458414968989365
0.1456416,-0.0007600905630671292
0.1456624,0.0290220483781694
0.1456832,-0.030029761753583007
0.145704,0.012594064518068944
0.14572480000000002,-0.00765293480577507
0.1457456,-0.013811615446108202
0.14576640000000002,0.016926736479213018
0.1457872,0.017136017468065052
0.145808,-0.026763001188895814
0.1458288,0.016287659606251094
0.1458496,-0.005381253125936999
0.1458704,-0.007650870845663229
0.1458912,-0.009538731714253942
0.14591200000000001,-0.0016291913342534182
0.1459328,-0.011831110875771591
0.14595360000000002,0.0018512822992603106
0.1459744,-0.047862833468019554
0.1459952,0.017907799126048975
0.146016,0.005531722308419389
0.1460368,-0.011196381171166715
0.1460576,0.007302257420991414
0.1460784,-0.004347539008258214
0.1460992,0.011460623312727458
0.14612,0.020483394844831224
0.14614080000000002,0.008930593908956407
0.1461616,-0.05987261311154571
0.14618240000000002,0.025553326883746407
0.1462032,0.0010939266683295784
0.146224,0.013018950425509102
0.1462448,-0.01582345304981296
0.1462656,-0.003500132550243514
0.1462864,-0.004808287284010792
0.1463072,0.01061802805948179
0.146328,0.013806329014107213
0.1463488,0.0066242568334848985
0.14636960000000002,0.004655769895049352
0.1463904,0.01675462242355916
0.14641120000000002,0.021421721934116716
0.146432,0.012804538510158003
0.1464528,-0.007151798443077557
0.1464736,0.015826308109731325
0.1464944,-0.012307016082530611
0.1465152,0.004355736825462436
0.146536,0.028096440415396783
0.14655680000000001,-0.029215061013805187
0.1465776,-0.023061986820926896
0.14659840000000002,-0.044594145338763116
0.1466192,0.035943247580619196
0.14664,0.0018667469533728304
0.1466608,0.007769363079562758
0.1466816,0.003663825578904553
0.1467024,-0.004148319764104909
0.1467232,-0.018688678062365904
0.146744,0.0027279615560062893
0.1467648,-0.02033016154937325
0.14678560000000002,0.010573846736705953
0.1468064,0.029032068873195652
0.14682720000000002,0.04268242131880797
0.146848,-0.019455576715615458
0.1468688,-0.009675002602657442
0.1468896,-0.019468039326100823
0.1469104,-0.035226234550788584
0.1469312,-0.025313617915641795
0.146952,-0.005185922226572128
0.14697280000000001,0.016933475806941177
0.1469936,0.021593136414699798
0.14701440000000002,-0.01980714969238766
0.1470352,0.010616494062915838
0.147056,-0.006279528551355777
0.1470768,0.002432680643719426
0.1470976,0.018020256831526072
0.1471184,0.017251312782975075
0.1471392,0.016573416318594335
0.14716,0.004358031372399905
0.1471808,0.003819164725668452
0.14720160000000002,0.003638418888455048
0.1472224,0.010278974671229913
0.14724320000000002,-0.003018215145784174
0.147264,0.007554405522281548
0.1472848,0.0015598941748861139
0.1473056,0.02552937573303582
0.1473264,-0.01992250703751543
0.1473472,-0.008789425039244464
0.147368,0.000596506113250294
0.14738880000000001,-0.0027471165214547223
0.1474096,-0.04462223044542342
0.14743040000000002,0.019895304372506237
0.1474512,0.027755297573689552
0.147472,-0.03374174913076549
0.1474928,-0.02759386649727999
0.1475136,0.024462897226544746
0.1475344,-0.0304564840836394
0.1475552,0.0010019887312646893
0.147576,-0.0030680616167550055
0.1475968,-0.009261945909548321
0.14761760000000002,0.005781677789911113
0.1476384,-0.022317940658387037
0.14765920000000002,-0.032733332217703616
0.14768,-0.012923260800640067
0.1477008,-0.005001672801141539
0.1477216,0.0026262835907226345
0.1477424,0.014440278938428757
0.1477632,0.027578318540709516
0.147784,0.008786078892516688
0.14780480000000001,-0.0026125861046848438
0.1478256,0.007816566235527607
0.14784640000000002,-0.024903236259539507
0.1478672,-0.01553919967287406
0.147888,-0.01647437945689672
0.1479088,-0.031994034153504554
0.1479296,0.013528382937978619
0.1479504,-0.022100976991486127
0.1479712,-0.029426680587811692
0.147992,-0.02121225948818566
0.1480128,0.02710949030517587
0.14803360000000002,0.022725242338128053
0.1480544,0.0032629331474508076
0.14807520000000002,0.011011555632813363
0.148096,-0.03772949025244295
0.1481168,-0.019655559035090305
0.1481376,0.0037490258971266074
0.1481584,-0.022513092974789477
0.1481792,-0.02988781352645813
0.1482,-0.016667294826772875
0.1482208,0.012816233741863265
0.1482416,0.02644717105645441
0.14826240000000002,-0.02238932108941188
0.1482832,0.02423726723283824
0.14830400000000002,-0.02688891416356409
0.1483248,3.997341183947327e-05
0.1483456,-0.0032068405203587226
0.1483664,-0.009492788318919589
0.1483872,0.030955904326179652
0.148408,0.013343971314066224
0.1484288,-0.0011334868945811407
0.14844960000000001,0.018539183890882056
0.1484704,-0.01519024747883327
0.14849120000000002,0.006258103005193262
0.148512,0.026211599735459567
0.1485328,0.0063317571266260165
0.1485536,0.03624055364765985
0.1485744,-0.02269819560037027
0.1485952,-0.025584521017355224
0.148616,-0.007039700094777326
0.1486368,-0.005712267174993395
0.1486576,-0.01163655195161437
0.14867840000000002,0.0263561868668259
0.1486992,0.005580242028471116
0.14872000000000002,-0.020662878300424792
0.1487408,-0.014682193852601656
0.1487616,0.007115880105549989
0.1487824,-0.02547901167852106
0.1488032,0.005894232235370372
0.148824,-0.02148613677916906
0.1488448,-0.0025165865484959495
0.14886560000000001,0.0033199274611195864
0.1488864,-0.030180530306646688
0.14890720000000002,-0.010543726754793386
0.148928,-0.009374900584021625
0.1489488,0.0006683600251834657
0.1489696,0.012839499691400096
0.1489904,-0.003236142069431818
0.1490112,-0.028448794875125118
0.149032,-0.009867616920056886
0.1490528,-0.019375807330915526
0.1490736,-0.00586256188193842
0.14909440000000002,0.017200201022768806
0.1491152,0.015830521745308995
0.14913600000000002,0.020800934721516753
0.1491568,-0.01774714877427107
0.1491776,-0.03470384318390543
0.1491984,-0.020269557306660496
0.1492192,-0.0021135604413551065
0.14924,-0.013317412471555727
0.1492608,-0.025017235520940432
0.14928160000000001,-0.00301988046481168
0.1493024,0.02231521508674261
0.14932320000000002,-0.007648621915850999
0.149344,0.0062755059410106295
0.1493648,0.03889559351003749
0.1493856,-0.012363222960073637
0.1494064,0.014422670535855626
0.1494272,-0.029865426662771612
0.149448,-0.017711030319095322
0.1494688,-0.004506619168717587
0.1494896,0.020219422133265944
0.14951040000000002,0.001788088911396508
0.1495312,-0.010469939525725391
0.14955200000000002,0.011706060084653367
0.1495728,0.028849639611525753
0.1495936,0.028063272816556954
0.1496144,-0.017454835162677037
0.1496352,0.011729756414523456
0.149656,-0.01156841613105065
0.1496768,0.013323782041828235
0.14969760000000001,0.020937948243885795
0.1497184,-0.022431896428984164
0.14973920000000002,0.041614319847323646
0.14976,-0.03784972663698169
0.1497808,0.0027277797500488044
0.1498016,-0.03496380911417298
0.1498224,-0.010592326917571757
0.1498432,0.030028939071833263
0.149864,0.025275809114750955
0.1498848,0.03706459078814248
0.1499056,-0.00673787949139407
0.14992640000000002,-0.019546721231302706
0.1499472,-0.01952854665629709
0.14996800000000002,0.05715781507593705
0.1499888,0.019575132818354095
0.1500096,-0.019195305677317715
0.1500304,-4.890652036066843e-05
0.1500512,-0.0020029490403236623
0.150072,0.018509184798511876
0.1500928,-0.012175468071157663
0.1501136,-0.035077321850162935
0.1501344,-0.015590236286251918
0.15015520000000002,0.010484013944904304
0.150176,0.0011130876114523196
0.15019680000000002,-0.011634197550302287
0.1502176,-0.025658115709195163
0.1502384,0.023516265255508994
0.1502592,0.01156425010505429
0.15028,-0.017546171895813045
0.1503008,-0.011413149423323372
0.1503216,0.03582502191741501
0.15034240000000001,-0.006144791801996115
0.1503632,0.026111632381962263
0.15038400000000002,-0.0033742678349107575
0.1504048,-0.003374372730752068
0.1504256,-0.009515858316996542
0.1504464,0.011587396621022088
0.1504672,0.009397932823865654
0.150488,-0.017526655656337202
0.1505088,0.034031477916396755
0.1505296,-0.008140689137065851
0.1505504,-0.010947753773609577
0.15057120000000002,0.023150956518323107
0.150592,-0.014985006930904488
0.15061280000000002,-0.003930368867764843
0.1506336,0.005164780557360542
0.1506544,0.01809243307004196
0.1506752,-0.031974368294847524
0.150696,-0.01894536689139897
0.1507168,-0.047763401098447726
0.1507376,0.010491548232143367
0.15075840000000001,0.005041139620982504
0.1507792,0.010974128755189785
0.15080000000000002,0.00542394950397716
0.1508208,-0.013268910893414816
0.1508416,0.011028745394662118
0.1508624,-0.0217018231185792
0.1508832,-0.01928349146227043
0.150904,-0.007430814819452652
0.1509248,0.01906868792022956
0.1509456,-0.02664614599082556
0.1509664,0.05814395138510605
0.15098720000000002,-0.015476442570831946
0.151008,-0.03199661607045205
0.15102880000000002,0.0019424539833182233
0.1510496,-0.018210074442065367
0.1510704,0.012013318601224423
0.1510912,0.01593357583591317
0.151112,-0.02125781044677304
0.1511328,0.008703792295883183
0.1511536,-0.012314221734825905
0.15117440000000001,0.003932340749606256
0.1511952,-0.011147403574652406
0.15121600000000002,-0.00401154033335802
0.1512368,0.005147898588986073
0.1512576,0.027069327069498886
0.1512784,-0.009615341992095431
0.1512992,0.013855648508517972
0.15132,0.029392278561546643
0.1513408,-0.017294519709215046
0.1513616,0.02031362549231655
0.1513824,-0.007456543290435138
0.15140320000000002,0.0055476046820284695
0.151424,0.007966958651000198
0.15144480000000002,-0.006425558330242049
0.1514656,0.028165151953641294
0.1514864,0.02386205025945431
0.1515072,0.0016162665776565056
0.151528,-0.0018766914927141277
0.1515488,0.00019019633854691726
0.1515696,0.009980918973885521
0.15159040000000001,0.009754580342676695
0.1516112,-0.028355403025014284
0.15163200000000002,0.012388485258298713
0.1516528,0.008720380755786504
0.1516736,-0.008049430856308864
0.1516944,-0.016241320748232545
0.1517152,-0.03449405205204243
0.151736,0.005274416984217779
0.1517568,-0.014387859604685574
0.1517776,-0.00964793134068788
0.1517984,0.04970455018877816
0.15181920000000002,-0.030118931316602766
0.15184,-0.039872362876242
0.15186080000000002,0.013226630094127086
0.1518816,-0.036870171763856076
0.1519024,-0.012744020403283013
0.1519232,-0.0015288215845128074
0.151944,-0.020870984201754955
0.1519648,0.021017112224830645
0.1519856,-0.0017237501761259838
0.1520064,0.0006753789831519335
0.1520272,-0.016291530082675535
0.15204800000000002,-0.02299718969521491
0.1520688,-0.007182239111606025
0.15208960000000002,0.0347586640793112
0.1521104,-0.004093672705470415
0.1521312,0.008411668426405115
0.152152,0.006683449310707955
0.1521728,-0.02038910663617226
0.1521936,0.012438629849783134
0.1522144,-0.013003634377127118
0.15223520000000001,-0.037208511955474
0.152256,-0.039283557060241975
0.15227680000000002,0.0101942239358277
0.1522976,0.03525257826873084
0.1523184,0.010502713006766204
0.1523392,0.01943395508541711
0.15236,-0.025139488150024324
0.1523808,-0.06026903510446549
0.1524016,0.032756861306537856
0.1524224,0.016930367036796665
0.1524432,-0.03444530139987391
0.15246400000000002,0.0025195738864865823
0.1524848,-0.00285912910002993
0.15250560000000002,-0.004871823624878908
0.1525264,-0.023350844154512957
0.1525472,0.005798751206947536
0.152568,0.011801833640401396
0.1525888,-0.029129711637162353
0.1526096,0.005295223593435923
0.1526304,-0.03150104534827709
0.15265120000000001,0.011331134226528584
0.152672,-0.006409675165547572
0.15269280000000002,0.01603524258075687
0.1527136,0.007237922573347836
0.1527344,-0.03435407064370774
0.1527552,-0.02310657123482388
0.152776,-0.000498873999994125
0.1527968,0.009579204743221216
0.1528176,0.022130628347534778
0.1528384,-0.025484804606527595
0.1528592,-0.004706529764589393
0.15288000000000002,0.04572993586752815
0.1529008,0.00025272166319141706
0.15292160000000002,-0.020260058785093175
0.1529424,-0.03706437964978818
0.1529632,0.006960552000573899
0.152984,0.016521021018981806
0.1530048,-0.016961383262986233
0.1530256,0.015246290154862088
0.1530464,0.02070681905789939
0.15306720000000001,0.02709206431188051
0.153088,0.012333518307092553
0.15310880000000002,-0.006432564764892037
0.1531296,-0.015716963375991856
0.1531504,0.017139757860358675
0.1531712,-0.02823082112433886
0.153192,0.029384768769145274
0.1532128,0.011573781660755933
0.1532336,-0.006659133487213389
0.1532544,-0.03753437855103623
0.1532752,-0.018278105774403124
0.15329600000000002,-0.03127016733747086
0.1533168,-0.022667149994034977
0.15333760000000002,0.00813014342921324
0.1533584,0.0433490007375004
0.1533792,-0.022358218028577872
0.1534,-0.01791253981858565
0.1534208,0.04002234432364668
0.1534416,0.0003274741202996147
0.1534624,0.005525229369620549
0.15348320000000001,-0.015427924595171782
0.153504,0.03008959123203181
0.15352480000000002,0.00036903877491484846
0.1535456,0.013869052518659206
0.1535664,0.015275835629191187
0.1535872,0.029725476418254636
0.153608,0.006937458086503593
0.1536288,-0.012991540284580728
0.1536496,0.009798995371358185
0.1536704,-0.0026983870082583064
0.1536912,-0.0362354863680727
0.15371200000000002,-0.013421726285030225
0.1537328,-0.03179196323438883
0.15375360000000002,-0.004639864765600174
0.1537744,-0.0109566882445418
0.1537952,-0.008613887705065826
0.153816,-0.03448982188151391
0.1538368,0.009262456282795718
0.1538576,0.0019916484139387435
0.1538784,0.019648827373593053
0.1538992,-0.02556941691169544
0.15392,-0.011675841462969315
0.15394080000000002,-0.015051176485511414
0.1539616,0.007287129190813008
0.15398240000000002,-0.015730329810398517
0.1540032,0.009017078190661429
0.154024,-0.023882003617468072
0.1540448,0.006972262758451538
0.1540656,0.001118018067523788
0.1540864,-0.0028183514192062853
0.1541072,-0.005465996992483662
0.15412800000000001,-0.0038793170281957506
0.1541488,0.017128890927851883
0.15416960000000002,0.018530437287026948
0.1541904,0.016167737483676798
0.1542112,0.0009814796359910991
0.154232,-0.012063561134800298
0.1542528,-0.013917189146444362
0.1542736,-0.0068688967865354646
0.1542944,-0.003295342015238828
0.1543152,-0.013392264053912346
0.154336,-0.025777377433383798
0.15435680000000002,-0.02274863650699807
0.1543776,0.013050385133037704
0.15439840000000002,-0.015706440145417954
0.1544192,-0.002941554938601519
0.15444,-0.0106382893796669
0.1544608,0.003588252973085458
0.1544816,-0.007294669024528322
0.1545024,0.02015468239635433
0.1545232,0.0016507177540313657
0.15454400000000001,-0.02467219500595949
0.1545648,-0.002163134892621355
0.15458560000000002,-0.024158617891263657
0.1546064,-0.00996272762420085
0.1546272,0.015327797858069247
0.154648,-0.029912305796254816
0.1546688,0.00840513819039065
0.1546896,-0.003919961340143627
0.1547104,0.017887184137483123
0.1547312,-0.002219894720265897
0.154752,0.016099149264622636
0.15477280000000002,-0.0002497482899458133
0.1547936,0.020903189823174784
0.15481440000000002,0.002327643290308711
0.1548352,-0.01709534174879413
0.154856,0.001139145287679156
0.1548768,-0.0016705429220539483
0.1548976,0.03231334681733058
0.1549184,-0.01790330733778946
0.1549392,-0.03265897745806649
0.15496000000000001,0.022489551875844983
0.1549808,-0.014829174477848818
0.15500160000000002,-0.03570599270006588
0.1550224,-0.020709317858962826
0.1550432,-0.01740278742194192
0.155064,-0.010612318709798275
0.1550848,0.04092494387476996
0.1551056,-0.007211613147603396
0.1551264,0.009820291376008384
0.1551472,0.0069999773243106
0.155168,-0.013983144496608622
0.15518880000000002,-0.03706654920382389
0.1552096,0.03425503293873669
0.15523040000000002,-0.012256504152903698
0.1552512,-0.019121971274463835
0.155272,0.00843220481087985
0.1552928,-0.01968568427928721
0.1553136,-0.013453913443978414
0.1553344,0.01639494632754557
0.1553552,-0.012088787961937835
0.15537600000000001,0.0013200941909383165
0.1553968,-0.010009030004679523
0.15541760000000002,0.026949726849929356
0.1554384,-0.03423564196271512
0.1554592,-0.05760337258116352
0.15548,-0.0006931270521830245
0.1555008,-0.00913106286364002
0.1555216,0.05336693088043719
0.1555424,-0.00078164177681235
0.1555632,-0.00044015029101372944
0.155584,0.012909561044902759
0.15560480000000002,0.0033830082590474665
0.1556256,0.009781488709726597
0.15564640000000002,-0.020349969989746083
0.1556672,-0.008588295026328447
0.155688,0.02647655155822472
0.1557088,-0.02592375230990395
0.1557296,-0.009876931733794121
0.1557504,0.005102508838681621
0.1557712,0.012519910898127967
0.155792,-0.001237817113228981
0.1558128,0.010611240578024277
0.15583360000000002,0.014072465562877588
0.1558544,0.00020002828980130572
0.15587520000000002,-0.01646362541781258
0.155896,0.007412270595849077
0.1559168,-0.01318123376209747
0.1559376,-0.012758059928869189
0.1559584,0.022931943613349715
0.1559792,0.0076129114816886456
0.156,-0.02371115514562771
0.15602080000000002,-0.036552358087037405
0.1560416,-0.017846693725096917
0.15606240000000002,0.0031052585654187713
0.1560832,0.009951705100179046
0.156104,-0.0024480064754883496
0.1561248,0.03793441871691188
0.1561456,-0.00418726625484454
0.1561664,-0.021636873367982888
0.1561872,-0.003935435508720287
0.156208,0.016498975235022813
0.1562288,0.006863255292998535
0.15624960000000002,0.0049432928394861795
0.1562704,0.0241621098988249
0.15629120000000002,0.01906297557701707
0.156312,0.02922423846530859
0.1563328,-0.009802042672974704
0.1563536,0.0067159448430232725
0.1563744,0.0040379232210746045
0.1563952,0.0021622996196532353
0.156416,0.036571226853565536
0.15643680000000001,0.009685572484504214
0.1564576,0.009760883774271248
0.15647840000000002,-0.022799912237521806
0.1564992,-0.005341767786114951
0.15652,0.010900062396748414
0.1565408,0.003441844603105676
0.1565616,-0.018488212971368382
0.1565824,0.013084302214748806
0.1566032,8.545719514068321e-05
0.156624,0.02174807534026222
0.1566448,0.014160489470742381
0.15666560000000002,0.020944128625412204
0.1566864,-0.01578653042484115
0.15670720000000002,-0.011319914165887993
0.156728,0.01927243070632885
0.1567488,0.059777727218669155
0.1567696,0.016366869048826747
0.1567904,0.014388475644303884
0.1568112,-0.004321031178624651
0.156832,0.043954608468814965
0.15685280000000001,0.009738367146809248
0.1568736,0.0033878501612078205
0.15689440000000002,0.011787859764334252
0.1569152,-0.005716858954678419
0.156936,0.017146427072572735
0.1569568,0.00692468856335309
0.1569776,0.0006765251232913092
0.1569984,-0.024104148023196145
0.1570192,-0.018394922689649467
0.15704,-0.0037677927745523817
0.1570608,-0.040874982074893575
0.15708160000000002,-0.014483285550013977
0.1571024,0.002068418771572963
0.15712320000000002,0.0015159649057423972
0.157144,0.04460604158654218
0.1571648,-0.03788402720599145
0.1571856,-0.0025281155995572507
0.1572064,-0.006503921043587602
0.1572272,0.007039768304117653
0.157248,-0.004297966639886103
0.15726880000000001,-0.014231035469150924
0.1572896,0.004661296367915611
0.15731040000000002,-0.004636549396466877
0.1573312,0.04304027841542765
0.157352,-0.005995883768316541
0.1573728,0.010065769200578034
0.1573936,0.01915131835295445
0.1574144,0.009445910848172397
0.1574352,-0.0024596179966456166
0.157456,-0.0004825173863045558
0.1574768,-0.0029486972243225125
0.15749760000000002,-0.016048591397303875
0.1575184,0.0024842702947363736
0.15753920000000002,0.03319133615167669
0.15756,0.029857179790232717
0.1575808,-0.015969601085019464
0.1576016,0.017824750168798423
0.1576224,0.000876738899095381
0.1576432,-0.0017146464190522096
0.157664,-0.004073669145891262
0.1576848,0.018036911793144452
0.1577056,-0.016710496735079686
0.15772640000000002,-0.016264962804245837
0.1577472,0.02528283459813531
0.15776800000000002,-0.03355269978992264
0.1577888,-0.00916120046265699
0.1578096,0.00964937591621564
0.1578304,-0.00022526198603746266
0.1578512,-0.004709044042560798
0.157872,0.037873264559154844
0.1578928,0.027303541827015994
0.15791360000000002,0.00824659951121729
0.1579344,0.021381273182462097
0.15795520000000002,0.0004063364662326127
0.157976,-0.004912467194965283
0.1579968,0.025489406932483305
0.1580176,0.02873388699615239
0.1580384,-0.02144380955416159
0.1580592,0.032077705658971736
0.15808,0.04280665106215634
0.1581008,0.02102293482550637
0.1581216,-0.020200712369801536
0.15814240000000002,0.016892555653626427
0.1581632,-0.010026603065646416
0.15818400000000002,0.026598305225741234
0.1582048,0.0021261551613615797
0.1582256,0.000614341747173159
0.1582464,-0.014908682169346337
0.1582672,0.0008573562343281828
0.158288,0.005494256812333576
0.1583088,-0.02498986905162967
0.15832960000000001,-0.009787725332825266
0.1583504,-0.017615119487554304
0.15837120000000002,0.02247384966446416
0.158392,0.005133561446108904
0.1584128,-0.007977737626352547
0.1584336,0.022528176907884473
0.1584544,0.00394681689993034
0.1584752,-0.002817134281086342
0.158496,-0.006337904761732884
0.1585168,0.02464794313888104
0.1585376,0.003800740985036482
0.15855840000000002,-0.03274668999224665
0.1585792,-0.010840698311927625
0.15860000000000002,-0.004054451389951005
0.1586208,-0.04467855088875732
0.1586416,0.020028557498666628
0.1586624,0.02660150118602539
0.1586832,-0.01666378980692887
0.158704,0.022157513441036114
0.1587248,0.011310426665063315
0.15874560000000001,0.00595357001064715
0.1587664,-0.015901404886880407
0.15878720000000002,0.03778751220525677
0.158808,0.008326877766477043
0.1588288,-0.012990256039133405
0.1588496,0.017226162103591708
0.1588704,0.0037370003213030305
0.1588912,-0.015761050220054192
0.158912,0.015678535469443783
0.1589328,0.00878177529249525
0.1589536,-0.03706179656738117
0.15897440000000002,0.0005404581274722413
0.1589952,0.00938238729981642
0.15901600000000002,0.018984089446039736
0.1590368,0.02380795181624319
0.1590576,0.004196221943549752
0.1590784,0.006999729933135804
0.1590992,-0.02089072400438316
0.15912,-0.0011874051454537284
0.1591408,-0.01277724190372596
0.15916160000000001,0.01775082988246492
0.1591824,0.0250562603369311
0.15920320000000002,-0.010011419666397736
0.159224,-0.04209068569151461
0.1592448,0.007462571636430787
0.1592656,0.021408548451864556
0.1592864,-0.00393025495164047
0.1593072,-0.027037354607107544
0.159328,0.014234997710765028
0.1593488,-0.015400183285134214
0.1593696,0.0024896362814422006
0.15939040000000002,-0.0027404595624779967
0.1594112,0.0154154979097668
0.15943200000000002,-0.025958225141333897
0.1594528,0.025239316311637474
0.1594736,0.00726890579330586
0.1594944,0.04363578368403478
0.1595152,-0.019406897479585482
0.159536,-0.04200849145024217
0.1595568,-0.001527072817867261
0.15957760000000001,-0.027621531930544476
0.1595984,0.0010687585441337296
0.15961920000000002,-0.0387303227950265
0.15964,0.016664982127092477
0.15966080000000002,0.0021610245779839273
0.1596816,0.014308531501783302
0.1597024,-0.0017776514441580355
0.1597232,-0.026474423649866484
0.159744,0.021734110328779793
0.1597648,0.025568490184425228
0.1597856,0.03098712576886853
0.15980640000000002,-0.009383121374993439
0.1598272,0.0037894766852200313
0.15984800000000002,0.012153363394574677
0.1598688,-0.010091618023341058
0.1598896,0.001434855933712264
0.1599104,0.0032201545614454164
0.1599312,0.018959300751211716
0.159952,-0.035831218461637365
0.1599728,0.030776677458717844
0.1599936,0.0023235594376446894
0.1600144,0.003177658085513503
0.16003520000000002,-0.009422156707517042
0.160056,0.02249010002291544
0.16007680000000002,0.015085855874233972
0.1600976,0.003589876345599113
0.1601184,0.021308864692910046
0.1601392,-0.00957185212771275
0.16016,0.018027129169112956
0.1601808,-0.015082658411968777
0.1602016,-0.005198653475700273
0.16022240000000001,0.037937440398553506
0.1602432,-0.010552965553510879
0.16026400000000002,-0.013021471365364825
0.1602848,-0.0019326062041739565
0.1603056,0.006097295214251206
0.1603264,0.012878396070961348
0.1603472,0.004422162609809862
0.160368,0.0026559711285384768
0.1603888,0.003546910193823516
0.1604096,0.05390570971082772
0.1604304,-0.029032906979984088
0.16045120000000002,0.009117957343025621
0.160472,0.020112767474087297
0.16049280000000002,-0.015596070918008732
0.1605136,0.0152389238615488
0.1605344,0.014882258085484809
0.1605552,-0.04992558720626463
0.160576,0.04233064946883137
0.1605968,0.02418029267007469
0.1606176,0.013504541206392495
0.16063840000000001,-0.012550078419283656
0.1606592,0.00019721221323431556
0.16068000000000002,-0.010119969903490258
0.1607008,-0.010757249525034672
0.1607216,0.024647374658650325
0.1607424,-0.039445545432584876
0.1607632,-0.041664979202729685
0.160784,-0.0089842715624953
0.1608048,0.01810440710762924
0.1608256,-0.0172464173404553
0.1608464,0.01797319602139008
0.16086720000000002,-0.010312112210780553
0.160888,0.0008687162735732902
0.16090880000000002,0.0017942336626431499
0.1609296,0.009934329632457413
0.1609504,0.014464174157309922
0.1609712,-0.0007037592226034325
0.160992,-0.0163156139680281
0.1610128,-0.025544706689662383
0.1610336,0.027525233902530925
0.16105440000000001,0.010547233552163941
0.1610752,0.024339918832510615
0.16109600000000002,-0.010487239835540448
0.1611168,0.015446675390178449
0.16113760000000002,0.021662964321163287
0.1611584,0.028618367680773592
0.1611792,0.0024681881297496035
0.1612,0.02974296268143418
0.1612208,-0.022585111824210226
0.1612416,-0.001279616931853083
0.1612624,-0.016513595886503984
0.16128320000000002,-0.02278357297870416
0.161304,0.005320848514476633
0.16132480000000002,0.02232720637428629
0.1613456,-0.011704275353582322
0.1613664,-0.006907346256246825
0.1613872,-0.008471639645875542
0.161408,-0.00793813632751606
0.1614288,0.01958898108447711
0.1614496,0.023562461434242468
0.16147040000000001,-0.026807174736856187
0.1614912,0.012676507545729455
0.16151200000000002,0.011538678854460964
0.1615328,-0.006853450136756461
0.16155360000000002,-0.03162532950934783
0.1615744,-0.0014198555825315966
0.1615952,-0.022334984427862175
0.161616,0.010761346756657691
0.1616368,0.010248459182759217
0.1616576,0.03099118180869763
0.1616784,-0.00833646804677228
0.16169920000000002,0.006475104335575797
0.16172,-0.004022186590881379
0.16174080000000002,0.011508000049044247
0.1617616,-0.009568633702397106
0.1617824,-0.007352705427434233
0.1618032,-0.019416347108869695
0.161824,0.0033089245761667024
0.1618448,0.00470912658289921
0.1618656,0.03697853263227701
0.1618864,0.010295149886914441
0.1619072,-0.002245470166766654
0.16192800000000002,0.02318716382814287
0.1619488,0.021967367295571104
0.16196960000000002,-0.006133084905407307
0.1619904,0.006162497863761448
0.1620112,-0.003959381077238157
0.162032,-0.0024814835301898673
0.1620528,0.0036880154578664416
0.1620736,-0.002107079444372624
0.1620944,-0.010965160417279261
0.16211520000000001,0.009685067748955696
0.162136,-0.008701517454687075
0.16215680000000002,-0.035648130302901725
0.1621776,-0.011132149808905431
0.1621984,0.02270298846182223
0.1622192,0.0077901230750095545
0.16224,0.012906944016403034
0.1622608,0.005345047308579391
0.1622816,-0.015186906150730244
0.1623024,-0.029174824453414905
0.1623232,-0.02643250658081497
0.16234400000000002,0.0005340268366328546
0.1623648,-0.005225011464154197
0.16238560000000002,0.003396327536912638
0.1624064,-0.011361857056779022
0.1624272,0.04551118282076749
0.162448,-0.015618807916831168
0.1624688,0.02825657106276293
0.1624896,-0.006646052785045981
0.1625104,0.02737429415826162
0.16253120000000001,0.03946833940351609
0.162552,0.03708438934583458
0.16257280000000002,0.031163183168904058
0.1625936,0.01248098122244021
0.1626144,-0.028887143504437853
0.1626352,-0.03216932906071092
0.162656,0.006229423146986275
0.1626768,0.01990884387703088
0.1626976,-0.025992558189609497
0.1627184,0.025064002528071023
0.1627392,0.0022509314546414346
0.16276000000000002,-0.020484310344410735
0.1627808,0.005950067440261805
0.16280160000000002,0.04791793880379881
0.1628224,-0.010640540518137724
0.1628432,0.007716404170866448
0.162864,0.008752582962536488
0.1628848,-0.006326901462353616
0.1629056,0.02451655056019435
0.1629264,0.03126731051120541
0.16294720000000001,0.014550298649143673
0.162968,0.03265090930866868
0.16298880000000002,0.012141960568883538
0.1630096,0.044236142007233525
0.16303040000000002,0.026450627615703062
0.1630512,0.09033643397169744
0.163072,0.08364983748406307
0.1630928,0.07006059384630443
0.1631136,0.12315833122299723
0.1631344,0.11380955111279692
0.1631552,0.139870043122504
0.16317600000000002,0.19659947673169564
0.1631968,0.21474516791243067
0.16321760000000002,0.19682672112976385
0.1632384,0.18957819123654968
0.1632592,0.26645581516637123
0.16328,0.24752115268274544
0.1633008,0.3054052668937174
0.1633216,0.3236219700309169
0.1633424,0.33501797323056776
0.16336320000000001,0.38633354051291585
0.163384,0.3770364437935559
0.16340480000000002,0.3764646123300784
0.1634256,0.38680027513310045
0.16344640000000002,0.41300451571713137
0.1634672,0.4368224796934363
0.163488,0.4196649228531539
0.1635088,0.4566399135701773
0.1635296,0.4793895747513126
0.1635504,0.46336888848133545
0.1635712,0.4832648503455263
0.16359200000000002,0.5320895384237052
0.1636128,0.5116937653078257
0.16363360000000002,0.5812433228475883
0.1636544,0.5818049093800395
0.1636752,0.591784178813024
0.163696,0.5864240220816848
0.1637168,0.592753991026891
0.1637376,0.6319655535007636
0.1637584,0.6490082700109702
0.1637792,0.675278086648497
0.1638,0.6125115896986184
0.16382080000000002,0.6902662679330457
0.1638416,0.7085812413577552
0.16386240000000002,0.6917074713168542
0.1638832,0.7241246634580275
0.163904,0.7159687170258413
0.1639248,0.7289132127839434
0.1639456,0.7205301242894782
0.1639664,0.7754557282565995
0.1639872,0.7727629302047762
0.16400800000000001,0.7733553097682588
0.1640288,0.7829418000791598
0.16404960000000002,0.8062987811670208
0.1640704,0.8382872485648782
0.1640912,0.8470400875850607
0.164112,0.8290589201275359
0.1641328,0.8168174029502104
0.1641536,0.8534403550510973
0.1641744,0.8142108866500443
0.1641952,0.8870712491269268
0.164216,0.8781153421345178
0.16423680000000002,0.85779760190075
0.1642576,0.8702955994820865
0.16427840000000002,0.8650650942538681
0.1642992,0.8929210786553925
0.16432,0.8711497498313447
0.1643408,0.8955090916584022
0.1643616,0.8850405466989651
0.1643824,0.8652874895621239
0.1644032,0.9049865825896212
0.16442400000000001,0.8998922507992656
0.1644448,0.8926652607878898
0.16446560000000002,0.887130494004892
0.1644864,0.9044436127742198
0.1645072,0.9070144036935469
0.164528,0.9014298106029253
0.1645488,0.9055859610436024
0.1645696,0.913514751336487
0.1645904,0.900773596509847
0.1646112,0.9361363631903783
0.164632,0.9252663296722712
0.16465280000000002,0.9307869113287418
0.1646736,0.8988211486581678
0.16469440000000002,0.9061050523932902
0.1647152,0.9166057955202163
0.164736,0.9102979081336298
0.1647568,0.8953985361632277
0.1647776,0.8934597029869745
0.1647984,0.914309481118359
0.1648192,0.9174590120136168
0.16484000000000001,0.9269839240682676
0.1648608,0.8853773007323249
0.16488160000000002,0.9010801133043673
0.1649024,0.8979250156159847
0.16492320000000002,0.8818697514683747
0.164944,0.8736856588752823
0.1649648,0.8651119707284024
0.1649856,0.8759788880484279
0.1650064,0.8695295859856913
0.1650272,0.8287027475076412
0.165048,0.8317565374765878
0.16506880000000002,0.8136353856743679
0.1650896,0.8263693976603331
0.16511040000000002,0.8046649987864344
0.1651312,0.8131190054924479
0.165152,0.8251930742699644
0.1651728,0.7785413656594844
0.1651936,0.8006879673868507
0.1652144,0.774231029064223
0.1652352,0.7566366711579904
0.16525600000000001,0.7468671852827894
0.1652768,0.7370863555139225
0.16529760000000002,0.7425853855786037
0.1653184,0.7554624999786207
0.16533920000000002,0.7088984403111169
0.16536,0.6892099470261879
0.1653808,0.7076010586154726
0.1654016,0.6856417687709054
0.1654224,0.644980845460681
0.1654432,0.6644104928150566
0.165464,0.6286676589362686
0.16548480000000002,0.627082434465718
0.1655056,0.6235373284857554
0.16552640000000002,0.5849467935299462
0.1655472,0.5788060512877894
0.165568,0.5779709816036698
0.1655888,0.525753236591459
0.1656096,0.5331512570353287
0.1656304,0.49018057685582184
0.1656512,0.5161769485484852
0.165672,0.4937483169443417
0.1656928,0.46176066268564997
0.16571360000000002,0.45301593619243014
0.1657344,0.4178022120476289
0.16575520000000002,0.43468302838098716
0.165776,0.40399176071836407
0.1657968,0.4071603868738052
0.1658176,0.4081418346733036
0.1658384,0.36532655195608066
0.1658592,0.3377389271956933
0.16588,0.3684838211063802
0.16590080000000001,0.31505360442254216
0.1659216,0.33365082964434317
0.16594240000000002,0.3043038677677132
0.1659632,0.30242150583539895
0.165984,0.2537176926539032
0.1660048,0.21312092632246593
0.1660256,0.21972333746907186
0.1660464,0.2161719567930362
0.1660672,0.23263127473287562
0.166088,0.16372503332111726
0.1661088,0.17370623784944858
0.16612960000000002,0.12102653408572589
0.1661504,0.12368038634862932
0.16617120000000002,0.13566741231612206
0.166192,0.11684493954072886
0.1662128,0.08965702733124725
0.1662336,0.06591387018109249
0.1662544,0.057024480465551995
0.1662752,0.04978047600935723
0.166296,0.011486468503398736
0.16631680000000001,-0.005087131324686932
0.1663376,-0.01571733952772183
0.16635840000000002,-0.029075483968404266
0.1663792,-0.08667540770442783
0.1664,-0.07354910647380675
0.1664208,-0.09177131094940208
0.1664416,-0.10268441685608017
0.1664624,-0.13063985264621947
0.1664832,-0.1132796700005064
0.166504,-0.1346983015205735
0.1665248,-0.16394059407377584
0.16654560000000002,-0.12163156177908697
0.1665664,-0.18095572795185638
0.16658720000000002,-0.18690894231888214
0.166608,-0.2211607011202502
0.1666288,-0.23128861445686916
0.1666496,-0.2377027616148391
0.1666704,-0.2875441320802322
0.1666912,-0.3179964289106175
0.166712,-0.26337022887207173
0.16673280000000001,-0.3514247327717964
0.1667536,-0.3598119490743835
0.16677440000000002,-0.3525169062506936
0.1667952,-0.3742600525449831
0.16681600000000002,-0.37361061463235723
0.1668368,-0.358436919842929
0.1668576,-0.387377363526131
0.1668784,-0.4586595557700133
0.1668992,-0.4425277241507861
0.16692,-0.43952987921733566
0.1669408,-0.45996946936421707
0.16696160000000002,-0.5094792629281987
0.1669824,-0.4947891373626131
0.16700320000000002,-0.47305731149173663
0.167024,-0.5070706297535198
0.1670448,-0.5298951361681563
0.1670656,-0.5572317620104131
0.1670864,-0.5222431809187256
0.1671072,-0.5039922050077777
0.167128,-0.5798446065035333
0.16714880000000001,-0.5549674941159348
0.1671696,-0.5839346141069403
0.16719040000000002,-0.6171438623590683
0.1672112,-0.6345604145550864
0.16723200000000002,-0.6083654878488531
0.1672528,-0.6270655129024789
0.1672736,-0.6483787429049946
0.1672944,-0.6380302380047104
0.1673152,-0.6426351530150041
0.167336,-0.6090877287484744
0.1673568,-0.6705916293119262
0.16737760000000002,-0.6908871428252145
0.1673984,-0.7041051532986174
0.16741920000000002,-0.6808240952859774
0.16744,-0.6818140326761999
0.1674608,-0.7082683216190339
0.1674816,-0.6917034968319524
0.1675024,-0.7150059526547492
0.1675232,-0.7278189050107607
0.167544,-0.7385520784963182
0.1675648,-0.7331762771707149
0.1675856,-0.734256181892828
0.16760640000000002,-0.7508203399275016
0.1676272,-0.7691892628208015
0.16764800000000002,-0.7738926895921484
0.1676688,-0.7332684864569969
0.1676896,-0.7712719574676831
0.1677104,-0.7267502487778951
0.1677312,-0.7936114102387706
0.167752,-0.7704564242816159
0.1677728,-0.7774754369830165
0.16779360000000001,-0.7997235038835129
0.1678144,-0.8108152600940984
0.16783520000000002,-0.7943026969800514
0.167856,-0.7544718006730198
0.1678768,-0.7971299296310654
0.1678976,-0.7735994376492502
0.1679184,-0.772385556402561
0.1679392,-0.7682803221701323
0.16796,-0.8266724151155453
0.1679808,-0.7928357580144761
0.1680016,-0.8198741204960884
0.16802240000000002,-0.7688296155248481
0.1680432,-0.7618307852197678
0.16806400000000002,-0.7525027865482018
0.1680848,-0.7572957196013854
0.1681056,-0.7451668475112654
0.1681264,-0.7460972396059131
0.1681472,-0.7553407225208183
0.168168,-0.7421926263415376
0.1681888,-0.7739347310665295
0.16820960000000001,-0.7484502063950372
0.1682304,-0.7689683117784536
0.16825120000000002,-0.7566719904201904
0.168272,-0.7363493185987292
0.1682928,-0.7064580980408531
0.1683136,-0.7329820508780454
0.1683344,-0.7104794912265058
0.1683552,-0.7163902397088179
0.168376,-0.684731393470803
0.1683968,-0.6910217002142902
0.1684176,-0.7087289511884851
0.16843840000000002,-0.6721019279702422
0.1684592,-0.6782068928703836
0.16848000000000002,-0.6795637565767281
0.1685008,-0.6354984148325257
0.1685216,-0.6615995219115104
0.1685424,-0.6664805487133014
0.1685632,-0.6888520081622527
0.168584,-0.6674517134577445
0.1686048,-0.6104819570832877
0.16862560000000001,-0.685621965431322
0.1686464,-0.5904964151041653
0.16866720000000002,-0.624581168753675
0.168688,-0.6152255861701896
0.16870880000000002,-0.5625268834914307
0.1687296,-0.6071830162090924
0.1687504,-0.5739951815878136
0.1687712,-0.5697583007032258
0.168792,-0.5457796513693035
0.1688128,-0.5070043184644984
0.1688336,-0.4817001040174485
0.16885440000000002,-0.5412896429565708
0.1688752,-0.5172475878375716
0.16889600000000002,-0.43349214831274585
0.1689168,-0.4573870206543463
0.1689376,-0.4199241315886799
0.1689584,-0.4101065918941433
0.1689792,-0.4344713679926125
0.169,-0.43970573491842985
0.1690208,-0.3931276072327487
0.16904160000000001,-0.39012960203499264
0.1690624,-0.35474150971294544
0.16908320000000002,-0.36388468873100893
0.169104,-0.3107905704320257
0.16912480000000002,-0.3800214671408624
0.1691456,-0.36840342688900346
0.1691664,-0.3312089214616938
0.1691872,-0.3310933854997963
0.169208,-0.2923855463956114
0.1692288,-0.29542758419681253
0.1692496,-0.24112100851920207
0.16927040000000002,-0.25078259519888263
0.1692912,-0.23129600722758592
0.16931200000000002,-0.2373706502443088
0.1693328,-0.21280451725954416
0.1693536,-0.20638593395858937
0.1693744,-0.203674579304028
0.1693952,-0.1653368889289685
0.169416,-0.19678596711256266
0.1694368,-0.15254975210338922
0.1694576,-0.14195105988116113
0.1694784,-0.09085678013164274
0.16949920000000002,-0.10723016886161316
0.16952,-0.12250199135412447
0.16954080000000002,-0.07586454425752219
0.1695616,-0.05149821445426813
0.1695824,-0.03520902495348481
0.1696032,-0.01286004539791881
0.169624,-0.0004854169796503667
0.1696448,0.007939353955157337
0.1696656,0.039862700545794695
0.16968640000000001,0.019117452915491738
0.1697072,0.051079278179772966
0.16972800000000002,0.05797383774856081
0.1697488,0.07606180126212944
0.1697696,0.09185860899807127
0.1697904,0.08940688117176644
0.1698112,0.10428238512258035
0.169832,0.12365393719386843
0.1698528,0.09107621389215392
0.1698736,0.156958812947792
0.1698944,0.18236690085199436
0.16991520000000002,0.17231889059497899
0.169936,0.1815885460782363
0.16995680000000002,0.19798889413823853
0.1699776,0.23790615768813686
0.1699984,0.21795473002246118
0.1700192,0.26165837829577027
0.17004,0.22464062767638443
0.1700608,0.2536889366340757
0.1700816,0.3093071836207292
0.17010240000000001,0.27969341577053763
0.1701232,0.2738169954316577
0.17014400000000002,0.32043160500047524
0.1701648,0.31711491383454316
0.1701856,0.33682790635208554
0.1702064,0.36080622417420366
0.1702272,0.3515393955868894
0.170248,0.38138888526701714
0.1702688,0.37811812442869136
0.1702896,0.3951013634488406
0.1703104,0.3996000885160527
0.17033120000000002,0.38808440167612235
0.170352,0.40829197810529855
0.17037280000000002,0.4225556083103116
0.1703936,0.4612045414012261
0.1704144,0.43882956483887947
0.1704352,0.4447294900286173
0.170456,0.4777964071078227
0.1704768,0.498146661235349
0.1704976,0.4947717785108639
0.17051840000000001,0.49490155280023235
0.1705392,0.47908056136220833
0.17056000000000002,0.5269612470686637
0.1705808,0.5484566177519531
0.17060160000000002,0.5290366796058847
0.1706224,0.5464944862933312
0.1706432,0.5325929992316202
0.170664,0.5432734421670946
0.1706848,0.5665082223309741
0.1707056,0.5675129863276429
0.1707264,0.5871454121216313
0.17074720000000002,0.5872043188203997
0.170768,0.5799506331871453
0.17078880000000002,0.5827767634231277
0.1708096,0.6113733295509537
0.1708304,0.5821354827264742
0.1708512,0.6211218430541784
0.170872,0.608660882308585
0.1708928,0.5924832515854415
0.1709136,0.6057931907613772
0.17093440000000001,0.6210547984775087
0.1709552,0.681845641652424
0.17097600000000002,0.6331251916000857
0.1709968,0.614017731527101
0.17101760000000002,0.6613803718793432
0.1710384,0.6240862637345165
0.1710592,0.6204683001235415
0.17108,0.6572116382607835
0.1711008,0.672154616664615
0.1711216,0.6940348727395307
0.1711424,0.6625567254991847
0.17116320000000002,0.6411823486010239
0.171184,0.6590336314254406
0.17120480000000002,0.6858837561816753
0.1712256,0.6919195694550677
0.1712464,0.6430788119123566
0.1712672,0.6935578906744543
0.171288,0.6552798395143653
0.1713088,0.6355315140021705
0.1713296,0.6719846122569604
0.1713504,0.6602964013842302
0.1713712,0.6267186798735344
0.17139200000000002,0.6352178172246412
0.1714128,0.6535577697726699
0.17143360000000002,0.6600102954802163
0.1714544,0.6261126606871324
0.1714752,0.6684689724475714
0.171496,0.6260579398614147
0.1715168,0.6212381314784581
0.1715376,0.651374803650838
0.1715584,0.6584063218505416
0.17157920000000002,0.6236948423874394
0.1716,0.6218751699136159
0.17162080000000002,0.629062170348232
0.1716416,0.640131455193496
0.1716624,0.6044956336427914
0.1716832,0.6043877443089424
0.171704,0.5907599797614193
0.1717248,0.5642329538616786
0.1717456,0.6056384314565271
0.1717664,0.5782361673599541
0.1717872,0.6005833823652758
0.17180800000000002,0.5645568498650739
0.1718288,0.5948322310130109
0.17184960000000002,0.5661405497545465
0.1718704,0.5751974778901829
0.1718912,0.5221623815817267
0.171912,0.5270608810216028
0.1719328,0.5219220783125837
0.1719536,0.5633012423425523
0.1719744,0.5268037244017524
0.17199520000000001,0.5000593934321007
0.172016,0.45727249294414235
0.17203680000000002,0.47414606563205697
0.1720576,0.5120825084523011
0.1720784,0.46673534344042306
0.1720992,0.47989598964210456
0.17212,0.42550944891023984
0.1721408,0.45769392877699694
0.1721616,0.46162587315449605
0.1721824,0.43982951861609665
0.1722032,0.4016911196304182
0.17222400000000002,0.39016025564957996
0.1722448,0.4137289854603456
0.17226560000000002,0.37061950416643724
0.1722864,0.3531062382030792
0.1723072,0.3745697778576767
0.172328,0.33883127329592805
0.1723488,0.32727386340612263
0.1723696,0.3359154089807775
0.1723904,0.32691083164846524
0.17241120000000001,0.2908687008165802
0.172432,0.3077778755437037
0.17245280000000002,0.32124488082714814
0.1724736,0.2996091598952558
0.17249440000000002,0.2953808086196897
0.1725152,0.2827674280285163
0.172536,0.25309237718802235
0.1725568,0.2453497335120646
0.1725776,0.20924628459255226
0.1725984,0.19909769704619612
0.1726192,0.1903783963225528
0.17264000000000002,0.17080939948910637
0.1726608,0.22183804824341677
0.17268160000000002,0.19731546101725903
0.1727024,0.1276298115586782
0.1727232,0.1598530023682229
0.172744,0.13704786433291663
0.1727648,0.13193796916545045
0.1727856,0.11968072200133106
0.1728064,0.11860321995254493
0.17282720000000001,0.06388534014970212
0.172848,0.0563727620860394
0.17286880000000002,0.05502050006857855
0.1728896,0.07036331971330782
0.17291040000000002,0.040510111826387224
0.1729312,0.02674483449487129
0.172952,0.011485865826401615
0.1729728,0.01986133475622436
0.1729936,-4.2274067265828455e-05
0.1730144,0.009012866712899918
0.1730352,0.007290297493824625
0.17305600000000002,-0.0297281964394893
0.1730768,-0.07166127942457112
0.17309760000000002,-0.09060861677407835
0.1731184,-0.08012771676886304
0.1731392,-0.08485563080260401
0.17316,-0.09987622583127505
0.1731808,-0.10599592507951103
0.1732016,-0.12277363939937794
0.1732224,-0.10794707806928683
0.1732432,-0.1468716549902635
0.173264,-0.13247155046232373
0.17328480000000002,-0.1641094491405264
0.1733056,-0.18637541743774666
0.17332640000000002,-0.18828434648635675
0.1733472,-0.2118100317140437
0.173368,-0.20955714385027455
0.1733888,-0.26619861828837554
0.1734096,-0.23180535502255606
0.1734304,-0.22435694488929614
0.1734512,-0.23159555641049254
0.17347200000000002,-0.2783587893997353
0.1734928,-0.29552501194746805
0.17351360000000002,-0.2597682299357213
0.1735344,-0.3215677842784046
0.1735552,-0.3054796258224216
0.173576,-0.319555673424404
0.1735968,-0.31707633698346344
0.1736176,-0.3138428064455794
0.1736384,-0.31399995861822655
0.1736592,-0.3889566240079719
0.17368,-0.36611802056897036
0.17370080000000002,-0.4086677958997768
0.1737216,-0.39043308373132596
0.17374240000000002,-0.4155436752265813
0.1737632,-0.39896993348257875
0.173784,-0.4121114958779515
0.1738048,-0.40369496829577256
0.1738256,-0.40561763494008407
0.1738464,-0.4222636778186777
0.1738672,-0.4176496810359838
0.17388800000000001,-0.4168341748990783
0.1739088,-0.4485875696355985
0.17392960000000002,-0.4533021047216709
0.1739504,-0.4745781249235224
0.1739712,-0.4839482274824774
0.173992,-0.4577635624597998
0.1740128,-0.4466613266710857
0.1740336,-0.48036238539241555
0.1740544,-0.5188930126962694
0.1740752,-0.5094503016021098
0.174096,-0.4949058193976083
0.17411680000000002,-0.5025339385121493
0.1741376,-0.5275324330017489
0.17415840000000002,-0.5107287580233588
0.1741792,-0.516061813610339
0.1742,-0.5507558693150048
0.1742208,-0.5460678358282426
0.1742416,-0.5180294395822695
0.1742624,-0.5516674093038847
0.1742832,-0.5410668869042173
0.17430400000000001,-0.5155292544795751
0.1743248,-0.5264861050434594
0.17434560000000002,-0.5317719614042898
0.1743664,-0.5723642533641624
0.17438720000000002,-0.5648141972257997
0.174408,-0.5527138853540317
0.1744288,-0.5548604352448575
0.1744496,-0.5401816770960625
0.1744704,-0.5422811259765926
0.1744912,-0.5366425714020493
0.174512,-0.5293754551630208
0.17453280000000002,-0.5611605031938216
0.1745536,-0.5793147812988156
0.17457440000000002,-0.5418038741082367
0.1745952,-0.5563892443491337
0.174616,-0.5556989664016744
0.1746368,-0.5684693481305291
0.1746576,-0.5613803971378885
0.1746784,-0.5107665559166258
0.1746992,-0.593266432993982
0.17472000000000001,-0.5409833190107537
0.1747408,-0.5475450461346786
0.17476160000000002,-0.5386293004869451
0.1747824,-0.559850891809132
0.17480320000000002,-0.547708917480003
0.174824,-0.5548146972980407
0.1748448,-0.5485783528855592
0.1748656,-0.5493094045419697
0.1748864,-0.5048014325980706
0.1749072,-0.5133679467205027
0.174928,-0.5196599395334535
0.17494880000000002,-0.5191655876767186
0.1749696,-0.5352459284490158
0.17499040000000002,-0.549852749955772
0.1750112,-0.5094089331330721
0.175032,-0.530617381035466
0.1750528,-0.5191304432579319
0.1750736,-0.5219173977677128
0.1750944,-0.5079200694013924
0.1751152,-0.5041785849197467
0.17513600000000001,-0.46267810771888385
0.1751568,-0.45369639852414045
0.17517760000000002,-0.4775411741301069
0.1751984,-0.4606073987298715
0.17521920000000002,-0.4668079613321184
0.17524,-0.45423429031804896
0.1752608,-0.4625436442837264
0.1752816,-0.43981360850778267
0.1753024,-0.47239875263014497
0.1753232,-0.4840779931125073
0.175344,-0.39058703044605547
0.17536480000000002,-0.41747355613767995
0.1753856,-0.4130819245606501
0.17540640000000002,-0.3952953903494696
0.1754272,-0.39560595414328736
0.175448,-0.37521203502655376
0.1754688,-0.40570376618088505
0.1754896,-0.3889212162198298
0.1755104,-0.34226784460631154
0.1755312,-0.35447372507763997
0.175552,-0.36625360464711193
0.1755728,-0.370661277663838
0.17559360000000002,-0.29909502919408715
0.1756144,-0.30567600381801596
0.17563520000000002,-0.30636383312892257
0.175656,-0.3382526251397106
0.1756768,-0.3130303203509128
0.1756976,-0.3147705566971421
0.1757184,-0.3209240456946704
0.1757392,-0.28506155217303575
0.17576,-0.2725091482191968
0.17578080000000001,-0.21296594837508262
0.1758016,-0.27268930870058006
0.17582240000000002,-0.21638128906142348
0.1758432,-0.21998068675923152
0.175864,-0.2030407256951425
0.1758848,-0.20477682175189924
0.1759056,-0.17812938135490158
0.1759264,-0.1898930449547827
0.1759472,-0.15472532855162197
0.175968,-0.15357440935641017
0.1759888,-0.17747439067067267
0.17600960000000002,-0.15246571207044113
0.1760304,-0.10178114875489394
0.17605120000000002,-0.09346728989681766
0.176072,-0.13501618190376802
0.1760928,-0.10098919845268566
0.1761136,-0.06410443975680152
0.1761344,-0.07739433606952917
0.1761552,-0.0901618829020337
0.176176,-0.05409968065178068
0.17619680000000001,-0.05367047210481597
0.1762176,-0.08036025907645601
0.17623840000000002,-0.02692481619545628
0.1762592,-0.02292990625545827
0.17628000000000002,-0.003434810416457882
0.1763008,0.02993515771136185
0.1763216,0.04016491821214911
0.1763424,0.045610588136104094
0.1763632,0.05720324651702435
0.176384,0.014620785745792168
0.1764048,0.02268836111299547
0.17642560000000002,0.06112831676139109
0.1764464,0.06341530946032141
0.17646720000000002,0.08242771006144936
0.176488,0.0738892217047586
0.1765088,0.1048658706097494
0.1765296,0.13490560887770153
0.1765504,0.10989093049368129
0.1765712,0.11981754543214015
0.176592,0.12089757147056984
0.17661280000000001,0.09894953517914878
0.1766336,0.14550783045764162
0.17665440000000002,0.1547444366417133
0.1766752,0.1734816952426303
0.17669600000000002,0.16335884617874724
0.1767168,0.2144934472330422
0.1767376,0.21656280695957159
0.1767584,0.24264892176331657
0.1767792,0.15889774993173836
0.1768,0.2103132697624653
0.1768208,0.24409318084089557
0.17684160000000002,0.2481580870590058
0.1768624,0.255592888485347
0.17688320000000002,0.2554816247699779
0.176904,0.28535738510152187
0.1769248,0.26542559843322916
0.1769456,0.2764453478851181
0.1769664,0.3382530384494352
0.1769872,0.28997150645583225
0.177008,0.32279983977868126
0.17702880000000001,0.3138430957942682
0.1770496,0.3338571138827417
0.17707040000000002,0.32581573314463974
0.1770912,0.3513875772236469
0.17711200000000002,0.3626736930283433
0.1771328,0.34289369419124277
0.1771536,0.3418382657740535
0.1771744,0.34606058283057783
0.1771952,0.3466166860786579
0.177216,0.4008261861778447
0.1772368,0.4132612778608844
0.17725760000000002,0.34543210917238326
0.1772784,0.3716505279248046
0.17729920000000002,0.3959237581366316
0.17732,0.41646591796799326
0.1773408,0.37944903444218014
0.1773616,0.39724828281425706
0.1773824,0.4157488333598703
0.1774032,0.43508424154499936
0.177424,0.40404365128317665
0.1774448,0.4467017348758292
0.1774656,0.4126983968262486
0.17748640000000002,0.45275523710548266
0.1775072,0.42507130892807954
0.17752800000000002,0.43429533615124233
0.1775488,0.46037195003335435
0.1775696,0.45613772104914363
0.1775904,0.46583755457145115
0.1776112,0.45061394739917376
0.177632,0.45102336471978666
0.1776528,0.4835937537012838
0.17767360000000001,0.4990440294510264
0.1776944,0.47189748243919843
0.17771520000000002,0.4737717654995951
0.177736,0.45143323927066215
0.1777568,0.5057803856921904
0.1777776,0.4623961043612263
0.1777984,0.47922225816603314
0.1778192,0.4995741736790754
0.17784,0.4163722196635524
0.1778608,0.46659719520720017
0.1778816,0.44623972738169
0.17790240000000002,0.4647792807372609
0.1779232,0.47390045767554023
0.17794400000000002,0.44416500265514963
0.1779648,0.49604125446037606
0.1779856,0.520481205255274
0.1780064,0.4661726141256652
0.1780272,0.47127258782741915
0.178048,0.5050289367801459
0.1780688,0.47729228751602437
0.17808960000000001,0.4456049627233204
0.1781104,0.4781024581449183
0.17813120000000002,0.4521875063869722
0.178152,0.48929401939584455
0.17817280000000002,0.4475552480242758
0.1781936,0.4879412482101629
0.1782144,0.4307670731629525
0.1782352,0.44965767046916866
0.178256,0.4084557513233841
0.1782768,0.49993130616190085
0.1782976,0.44596273396272773
0.17831840000000002,0.4357724436348866
0.1783392,0.4470788738713472
0.17836000000000002,0.43813768128042124
0.1783808,0.44122387764165777
0.1784016,0.4739351206837419
0.1784224,0.456683317977937
0.1784432,0.41048268595823173
0.178464,0.4218162465484157
0.1784848,0.4090464318360634
0.17850560000000001,0.41628620270782307
0.1785264,0.3803268282274851
0.17854720000000002,0.3888264587558979
0.178568,0.36016804797806534
0.17858880000000002,0.39720189106862713
0.1786096,0.36717151676305054
0.1786304,0.39928592421437714
0.1786512,0.37306824559329355
0.178672,0.33497428424912085
0.1786928,0.3931822450110477
0.1787136,0.3106448266997069
0.17873440000000002,0.4047039267598446
0.1787552,0.37510876067361776
0.17877600000000002,0.367739514049197
0.1787968,0.3636628861487083
0.1788176,0.34575519724553194
0.1788384,0.31245105855936933
0.1788592,0.2929907956610502
0.17888,0.30319124567564637
0.1789008,0.24300984161653472
0.17892160000000001,0.2945719029291853
0.1789424,0.2773768114236094
0.17896320000000002,0.2759776731139475
0.178984,0.25439718152316326
0.17900480000000002,0.2261201721044311
0.1790256,0.2503750666285825
0.1790464,0.2321941000406789
0.1790672,0.22471106898369128
0.179088,0.22642534749672774
0.1791088,0.23492877021913816
0.1791296,0.23618683531108503
0.17915040000000002,0.1770204702337737
0.1791712,0.19723144942503987
0.17919200000000002,0.14515150533915863
0.1792128,0.15317596224613447
0.1792336,0.1458025741351955
0.1792544,0.15495612016088933
0.1792752,0.15058307342510815
0.179296,0.14995923852374915
0.1793168,0.13595217931301987
0.1793376,0.12454690392721744
0.1793584,0.09022002900998194
0.17937920000000002,0.11949731513707683
0.1794,0.08101215920340862
0.17942080000000002,0.10565182524542696
0.1794416,0.07737952266085722
0.1794624,0.11653192307405513
0.1794832,0.04653122213066417
0.179504,0.06868911474008017
0.1795248,0.07230613976960117
0.1795456,0.032117729991262826
0.17956640000000001,0.026639404090316482
0.1795872,0.05911057415116917
0.17960800000000002,0.03603147846713897
0.1796288,0.014729874418758278
0.1796496,-0.011715638243574597
0.1796704,-0.01983469967561085
0.1796912,-0.0501245146992568
0.179712,0.008203562639860957
0.1797328,-0.03285056055872006
0.1797536,-0.02927926549157809
0.1797744,-0.02239015326831335
0.17979520000000002,-0.04240538542248373
0.179816,-0.06966666149086004
0.17983680000000002,-0.046475417203654945
0.1798576,-0.12048070528410186
0.1798784,-0.06491194284911789
0.1798992,-0.08896042922406425
0.17992,-0.10851389807261848
0.1799408,-0.10115954017215689
0.1799616,-0.09969050968786676
0.17998240000000001,-0.1442431931756031
0.1800032,-0.13211425879314698
0.18002400000000002,-0.15334267762232034
0.1800448,-0.15567281001753155
0.18006560000000002,-0.14388584653841102
0.1800864,-0.1768979103586194
0.1801072,-0.19661149058755972
0.180128,-0.18880956296411988
0.1801488,-0.15814001090707058
0.1801696,-0.17009972992158282
0.1801904,-0.1879769952752297
0.18021120000000002,-0.17900145727768907
0.180232,-0.2214335468617316
0.18025280000000002,-0.23761833985279202
0.1802736,-0.24800323149041392
0.1802944,-0.22990157076149054
0.1803152,-0.23501214302511161
0.180336,-0.275587780686193
0.1803568,-0.20764600110919654
0.1803776,-0.246764323683476
0.18039840000000001,-0.3013900104584608
0.1804192,-0.3130694653618947
0.18044000000000002,-0.27816023858462624
0.1804608,-0.28498783690088353
0.18048160000000002,-0.31814972880934017
0.1805024,-0.3006464221672821
0.1805232,-0.3069887995664019
0.180544,-0.314628141057478
0.1805648,-0.2913459513689416
0.1805856,-0.3481954806747552
0.1806064,-0.3290769517607792
0.18062720000000002,-0.35744076654399726
0.180648,-0.33427725099503924
0.18066880000000002,-0.3362075610758878
0.1806896,-0.29960642646164315
0.1807104,-0.3678680600701106
0.1807312,-0.34827808166394425
0.180752,-0.3595130225984794
0.1807728,-0.35843970561799016
0.1807936,-0.3778942842939923
0.18081440000000001,-0.39139094379421757
0.1808352,-0.3838308672586056
0.18085600000000002,-0.389429684502189
0.1808768,-0.35641246056407133
0.18089760000000002,-0.38264438190835753
0.1809184,-0.35184420231842706
0.1809392,-0.40194288704424386
0.18096,-0.4227552511287505
0.1809808,-0.4000987426110833
0.1810016,-0.3977192103151037
0.1810224,-0.3493961420108867
0.18104320000000002,-0.41644701882716967
0.181064,-0.37797695557309674
0.18108480000000002,-0.40311350920469846
0.1811056,-0.4103540060683239
0.1811264,-0.37898149031326434
0.1811472,-0.41152319780532753
0.181168,-0.36122660361335623
0.1811888,-0.3865135524157141
0.1812096,-0.38375258404697005
0.1812304,-0.40456562870715
0.1812512,-0.3918107056542113
0.18127200000000002,-0.37988714412087404
0.1812928,-0.4153399530026617
0.18131360000000002,-0.4010922780841665
0.1813344,-0.4173525455725218
0.1813552,-0.4051722360646291
0.181376,-0.39438046114980596
0.1813968,-0.4353890788727213
0.1814176,-0.39565862821630604
0.1814384,-0.4078264614392179
0.18145920000000001,-0.37720473287649336
0.18148,-0.4164287975262532
0.18150080000000002,-0.39840750482911835
0.1815216,-0.3942896019210999
0.18154240000000002,-0.36426535796944004
0.1815632,-0.3850643560107446
0.181584,-0.35094237647253507
0.1816048,-0.36289703981892896
0.1816256,-0.39673988454366443
0.1816464,-0.4022208414124158
0.1816672,-0.3772291550777393
0.18168800000000002,-0.35770154517577063
0.1817088,-0.37051123401085734
0.18172960000000002,-0.3851577212662221
0.1817504,-0.3510786492698345
0.1817712,-0.3634769979415364
0.181792,-0.37114135066416143
0.1818128,-0.3453091149525382
0.1818336,-0.35046216979581685
0.1818544,-0.3752831075450161
0.18187520000000001,-0.34125355334727636
0.181896,-0.3257038621075848
0.18191680000000002,-0.34630050503849436
0.1819376,-0.355583900306356
0.18195840000000002,-0.30785203277542894
0.1819792,-0.2951435575654833
0.182,-0.31591604715925786
0.1820208,-0.30288700423053616
0.1820416,-0.3174185737299352
0.1820624,-0.2957163841779465
0.1820832,-0.32009757547598994
0.18210400000000002,-0.29340890952031123
0.1821248,-0.27675578912715726
0.18214560000000002,-0.2884662068212558
0.1821664,-0.27275727947598866
0.1821872,-0.26273039619696664
0.182208,-0.23234363255817175
0.1822288,-0.26305670069920684
0.1822496,-0.27473780627895333
0.1822704,-0.25567817809340776
0.18229120000000001,-0.2492739933472375
0.182312,-0.21894923724381876
0.18233280000000002,-0.1963271366698796
0.1823536,-0.24062206244345144
0.18237440000000002,-0.20698441414652596
0.1823952,-0.1930284966673015
0.182416,-0.2023060723970261
0.1824368,-0.19318394028941152
0.1824576,-0.20001480614394937
0.1824784,-0.15245667697389015
0.1824992,-0.15679689596325722
0.18252000000000002,-0.18442617714703924
0.1825408,-0.15144359900161872
0.18256160000000002,-0.17506962745919047
0.1825824,-0.1339061243703949
0.1826032,-0.11681281226872178
0.182624,-0.16677674189956515
0.1826448,-0.12819930483719133
0.1826656,-0.11842693711003177
0.1826864,-0.06331955696144764
0.18270720000000001,-0.08734356995214125
0.182728,-0.07790872960873606
0.18274880000000002,-0.0867744378333923
0.1827696,-0.07363919199035478
0.18279040000000002,-0.055965174309986855
0.1828112,-0.058638033086875596
0.182832,-0.04256505804869838
0.1828528,-0.04978971117312625
0.1828736,-0.06474141756315469
0.1828944,-0.027001062742509407
0.1829152,-0.023625802483841243
0.18293600000000002,-0.04742442186388475
0.1829568,-0.03124025684827938
0.18297760000000002,-0.0150721099423979
0.1829984,0.0321686955525746
0.1830192,0.02256271408022617
0.18304,0.05016092772746971
0.1830608,-0.019735502721179583
0.1830816,0.03951385806978116
0.1831024,0.0698854301778298
0.1831232,0.0372607746277138
0.183144,0.06239993957728813
0.18316480000000002,0.0422016184252414
0.1831856,0.0749521028521258
0.18320640000000002,0.07347971959421909
0.1832272,0.05212768347521443
0.183248,0.11073440924032572
0.1832688,0.09639188529370363
0.1832896,0.11087325803926966
0.1833104,0.07509917143156758
0.1833312,0.1324095854192217
0.18335200000000001,0.11062023772399532
0.1833728,0.14385646722930176
0.18339360000000002,0.11322234149225155
0.1834144,0.16589392550745158
0.18343520000000002,0.14174953294376222
0.183456,0.1562408161476699
0.1834768,0.15073601684915483
0.1834976,0.13362926255900948
0.1835184,0.16913386070100703
0.1835392,0.202928473395375
0.18356,0.20985086118343083
0.18358080000000002,0.18373629747337236
0.1836016,0.22230625974533952
0.18362240000000002,0.19963492663415316
0.1836432,0.18437969666324244
0.183664,0.21142682230215482
0.1836848,0.2194760752559547
0.1837056,0.24441888073433235
0.1837264,0.1855702219546674
0.1837472,0.25804497948904304
0.18376800000000001,0.2560408068656138
0.1837888,0.25598443918968594
0.18380960000000002,0.22099321521696147
0.1838304,0.2222099704573193
0.18385120000000002,0.27785643282426625
0.183872,0.25609919460036273
0.1838928,0.2861116345841861
0.1839136,0.24681997576461373
0.1839344,0.28746027542413366
0.1839552,0.2888619861446178
0.183976,0.25549567593348116
0.18399680000000002,0.2798537827076598
0.1840176,0.3249963774256242
0.18403840000000002,0.2775110991072867
0.1840592,0.31835229878453597
0.18408,0.29933263245314645
0.1841008,0.2835025521485851
0.1841216,0.29434083122023935
0.1841424,0.28741061291343684
0.1841632,0.34595152200532925
0.18418400000000001,0.28232749328402634
0.1842048,0.291813410560575
0.18422560000000002,0.3184919049246445
0.1842464,0.3400768235947506
0.18426720000000002,0.2961653116355414
0.184288,0.30685944680323907
0.1843088,0.3214962841234756
0.1843296,0.32086608651389725
0.1843504,0.33039709145477747
0.1843712,0.3178750043155388
0.184392,0.33153625189857666
0.18441280000000002,0.34778920153729975
0.1844336,0.311274716654659
0.18445440000000002,0.3029981127788231
0.1844752,0.32101946949950577
0.184496,0.33913323324126216
0.1845168,0.38979217715698133
0.1845376,0.3545613033214863
0.1845584,0.3481745536570692
0.1845792,0.2795506288120309
0.18460000000000001,0.3003487434432859
0.1846208,0.35078303734131455
0.18464160000000002,0.32593382119800673
0.1846624,0.3228159650780999
0.18468320000000002,0.35258322126218916
0.184704,0.359997770905134
0.1847248,0.34665696845741056
0.1847456,0.33806094528519715
0.1847664,0.2969954509745367
0.1847872,0.32785578626043754
0.184808,0.34799570010867537
0.18482880000000002,0.3254734859017293
0.1848496,0.2981699841721943
0.18487040000000002,0.27777281134788867
0.1848912,0.31741031887905075
0.184912,0.33388847199256194
0.1849328,0.3057400060133569
0.1849536,0.3143547950613402
0.1849744,0.3246742313150224
0.1849952,0.3037137997526415
0.185016,0.3089877650224097
0.1850368,0.2962643282975662
0.18505760000000002,0.29143291203375915
0.1850784,0.31308422753532134
0.18509920000000002,0.311862598820784
0.18512,0.29309486860081846
0.1851408,0.26564422445141495
0.1851616,0.29948256942037244
0.1851824,0.30404350231585936
0.1852032,0.2989854105466907
0.185224,0.29506798016037367
0.18524480000000002,0.2774014954870704
0.1852656,0.2688854308659924
0.18528640000000002,0.2806200700106541
0.1853072,0.27820793983486586
0.18532800000000002,0.27400742206153694
0.1853488,0.24058043062124054
0.1853696,0.21711485605354086
0.1853904,0.25655742254559966
0.1854112,0.25148377720802473
0.185432,0.2457216797164273
0.1854528,0.24622322220418447
0.18547360000000002,0.20038776958962107
0.1854944,0.213674312601684
0.18551520000000002,0.23422969757198278
0.185536,0.207036353256222
0.1855568,0.20813785078301608
0.1855776,0.23508334677340764
0.1855984,0.21643531137540664
0.1856192,0.1863688268861822
0.18564,0.19685822529639435
0.18566080000000001,0.1713862737647035
0.1856816,0.1890542575538309
0.18570240000000002,0.14839649123925844
0.1857232,0.1367031446297963
0.18574400000000002,0.19427226111630186
0.1857648,0.17849456999010446
0.1857856,0.13497038137614217
0.1858064,0.15675436927971986
0.1858272,0.09359118095000087
0.185848,0.13674489870149473
0.1858688,0.15233485804725688
0.18588960000000002,0.13918563970778547
0.1859104,0.12154015109663449
0.18593120000000002,0.11124473790625093
0.185952,0.11104822742006779
0.1859728,0.14165075053115428
0.1859936,0.08559903361170111
0.1860144,0.09320184966172203
0.1860352,0.09784121060836785
0.186056,0.05933708352116082
0.18607680000000001,0.10060153268850586
0.1860976,0.026383429359257166
0.18611840000000002,0.05377905473266022
0.1861392,0.04331543876510585
0.18616000000000002,0.04449660655226603
0.1861808,0.014255069158913978
0.1862016,0.02606656760083164
0.1862224,0.03324623151212479
0.1862432,0.00505712093320556
0.186264,0.03268828796266031
0.1862848,-0.03013218782359739
0.18630560000000002,-0.0002802467900521839
0.1863264,0.02856712799335181
0.18634720000000002,-0.02798996035563217
0.186368,-0.013909429386957583
0.1863888,-0.028729029962149127
0.1864096,-0.038769319660708686
0.1864304,-0.020613135778886196
0.1864512,-0.06569731651049163
0.186472,-0.035240788469453985
0.18649280000000001,-0.07909573780841744
0.1865136,-0.06263986075904658
0.18653440000000002,-0.0479600965186931
0.1865552,-0.08072121427464106
0.18657600000000002,-0.07427169129744594
0.1865968,-0.036383366223586226
0.1866176,-0.08333006922668619
0.1866384,-0.08660917550770669
0.1866592,-0.08478672429666156
0.18668,-0.09181483237037921
0.1867008,-0.10877459567441679
0.18672160000000002,-0.11952438050187328
0.1867424,-0.11502930192025433
0.18676320000000002,-0.11807307826673975
0.186784,-0.10387387428545364
0.1868048,-0.1339337703486086
0.1868256,-0.12487327212353384
0.1868464,-0.10701805844821063
0.1868672,-0.18335212075019325
0.186888,-0.16015296531339684
0.1869088,-0.16581417470623638
0.1869296,-0.16877669361355968
0.18695040000000002,-0.1424537914130911
0.1869712,-0.18050873358699354
0.18699200000000002,-0.17586986565300958
0.1870128,-0.15119469031707872
0.1870336,-0.23066016921724877
0.1870544,-0.21798929856457117
0.1870752,-0.22012744634895742
0.187096,-0.20093064089837961
0.1871168,-0.1950345504632368
0.18713760000000002,-0.22677773535962298
0.1871584,-0.1859733931492258
0.18717920000000002,-0.185122432949669
0.1872,-0.23650661495598177
0.18722080000000002,-0.2354587428536499
0.1872416,-0.24834896418053085
0.1872624,-0.21896029032094771
0.1872832,-0.24374311618813294
0.187304,-0.21952322032780552
0.1873248,-0.21931079271674753
0.1873456,-0.24402555160486378
0.18736640000000002,-0.26399855467943506
0.1873872,-0.3002299439138268
0.18740800000000002,-0.24652385433930135
0.1874288,-0.24552000912356128
0.1874496,-0.2570921335276786
0.1874704,-0.27731844652380866
0.1874912,-0.24174347509631264
0.187512,-0.266386137472144
0.1875328,-0.25407902667282517
0.18755360000000001,-0.25355870585699697
0.1875744,-0.25169194300037945
0.18759520000000002,-0.2597774212255869
0.187616,-0.3062064204252319
0.18763680000000002,-0.26911167686237203
0.1876576,-0.2796922643643087
0.1876784,-0.289799539991226
0.1876992,-0.29824513616181636
0.18772,-0.3007302387081497
0.1877408,-0.2922082712758825
0.1877616,-0.28949882368573665
0.18778240000000002,-0.28337346172229433
0.1878032,-0.3228069944409717
0.18782400000000002,-0.30368229766475074
0.1878448,-0.2730506825750807
0.1878656,-0.26508279641397703
0.1878864,-0.29259877729627315
0.1879072,-0.2967979666833911
0.187928,-0.2500416319643734
0.1879488,-0.3075598384161304
0.18796960000000001,-0.2663807508761586
0.1879904,-0.26990352932981626
0.18801120000000002,-0.2788518979955034
0.188032,-0.26450350418341867
0.18805280000000002,-0.27166892005209364
0.1880736,-0.2872158230064769
0.1880944,-0.2688794096871407
0.1881152,-0.23248536887296828
0.188136,-0.27747756373107296
0.1881568,-0.2598490838314385
0.1881776,-0.24080233454635494
0.18819840000000002,-0.29540219190960276
0.1882192,-0.2762183616489976
0.18824000000000002,-0.2933212710509659
0.1882608,-0.2700392062800383
0.1882816,-0.2809154324649271
0.1883024,-0.24552478221890683
0.1883232,-0.2722518419024089
0.188344,-0.2509872711666881
0.1883648,-0.25869203135179414
0.18838560000000001,-0.2514216124089743
0.1884064,-0.2758547240002843
0.18842720000000002,-0.2363089765821393
0.188448,-0.2548298353871524
0.18846880000000002,-0.25434776121668656
0.1884896,-0.2631212168780173
0.1885104,-0.2354908729550245
0.1885312,-0.2515997715164174
0.188552,-0.25337177282497436
0.1885728,-0.23656772163066062
0.1885936,-0.27735517214617245
0.18861440000000002,-0.20602254012770146
0.1886352,-0.23526542921708965
0.18865600000000002,-0.2034561618499419
0.1886768,-0.24351331457602204
0.1886976,-0.25610159776139374
0.1887184,-0.23063605167457352
0.1887392,-0.20073068972914043
0.18876,-0.17933495047073716
0.1887808,-0.1732589492793081
0.1888016,-0.1745241006802084
0.1888224,-0.20784031589567176
0.18884320000000002,-0.19931575802656634
0.188864,-0.17709292487339753
0.18888480000000002,-0.16578496252190542
0.1889056,-0.19503305760498027
0.1889264,-0.19089277743310543
0.1889472,-0.19391955577072312
0.188968,-0.1393013755817219
0.1889888,-0.17705851602772726
0.1890096,-0.14821728808926649
0.18903040000000002,-0.14799301847485485
0.1890512,-0.13525647349866496
0.18907200000000002,-0.17063473035713544
0.1890928,-0.13438694832995038
0.18911360000000002,-0.11288117234200432
0.1891344,-0.11365568433208877
0.1891552,-0.12826064756586106
0.189176,-0.1009669251724552
0.1891968,-0.10614432655147653
0.1892176,-0.1125179662282377
0.1892384,-0.09952363249557498
0.18925920000000002,-0.050764437038709614
0.18928,-0.100453749841034
0.18930080000000002,-0.11613984145787346
0.1893216,-0.0670495704351104
0.1893424,-0.05992395770680109
0.1893632,-0.06016945264867468
0.189384,-0.06760146245330495
0.1894048,-0.040165055031953056
0.1894256,-0.015755447158475565
0.18944640000000001,-0.020575939321316756
0.1894672,-0.08579585660942557
0.18948800000000002,-0.056137574997037164
0.1895088,-0.029202783543253317
0.18952960000000002,-0.07201055109442414
0.1895504,0.011680490379549682
0.1895712,-0.002527325420712271
0.189592,-0.028854737678695293
0.1896128,-0.028194622411518336
0.1896336,0.020252244282090156
0.1896544,-0.004171077746910907
0.18967520000000002,0.013639701555424093
0.189696,-0.008481964322379656
0.18971680000000002,-0.004342346821677275
0.1897376,0.013731781648503857
0.1897584,0.0286923144399135
0.1897792,0.04930948070774842
0.1898,0.027726884400508044
0.1898208,0.05860096428620647
0.1898416,0.038821879458026676
0.18986240000000001,0.03553791593981176
0.1898832,0.04936385461816531
0.18990400000000002,0.05327667904993477
0.1899248,0.04275138672046133
0.18994560000000002,0.035236159233359696
0.1899664,0.08734075938012634
0.1899872,0.08609139924362641
0.190008,0.10117527970015837
0.1900288,0.059765108127667055
0.1900496,0.0888133469353585
0.1900704,0.07338703933827768
0.19009120000000002,0.131085653393239
0.190112,0.14289224104185297
0.19013280000000002,0.12610466917204335
0.1901536,0.14630977602913464
0.1901744,0.09356036813859789
0.1901952,0.12396604793352885
0.190216,0.13548768857169946
0.1902368,0.1463761924058974
0.1902576,0.14137165643127808
0.19027840000000001,0.1578165536585791
0.1902992,0.15348765160553152
0.19032000000000002,0.14568734611097303
0.1903408,0.18025163590296603
0.19036160000000002,0.15099021234015514
0.1903824,0.17765343438123374
0.1904032,0.1786065172981033
0.190424,0.1486695709835566
0.1904448,0.16555175434878058
0.1904656,0.21918538188868275
0.1904864,0.1818759398276416
0.19050720000000002,0.19826324795715544
0.190528,0.17922256879612714
0.19054880000000002,0.21303436008928925
0.1905696,0.19578228214509866
0.1905904,0.2170625429556403
0.1906112,0.2182524141366798
0.190632,0.186530511890509
0.1906528,0.20620142566604566
0.1906736,0.22167368565955858
0.19069440000000001,0.19141355138360833
0.1907152,0.21500901979722753
0.19073600000000002,0.21164303964528342
0.1907568,0.23133390579527155
0.19077760000000002,0.19986139695743815
0.1907984,0.2313470777598405
0.1908192,0.24249731425718846
0.19084,0.21655617987414078
0.1908608,0.22026541964388988
0.1908816,0.2446139157401881
0.1909024,0.2216988826508958
0.19092320000000002,0.24333745878938487
0.190944,0.25864098483282993
0.19096480000000002,0.20989545128851278
0.1909856,0.24657671247231433
0.19100640000000002,0.26281900091630644
0.1910272,0.21113987685004845
0.191048,0.24467393330997603
0.1910688,0.25089887445569314
0.1910896,0.2345431671567607
0.1911104,0.24798552988054742
0.1911312,0.22285402794179554
0.19115200000000002,0.2446704753875334
0.1911728,0.22961058265610892
0.19119360000000002,0.25858588792820597
0.1912144,0.24521192423037388
0.1912352,0.246101868069033
0.191256,0.2639235884104338
0.1912768,0.25269214399560475
0.1912976,0.23263395856987643
0.1913184,0.23986094511252162
0.19133920000000001,0.23046090370082256
0.19136,0.25460673213393664
0.19138080000000002,0.2689741904221801
0.1914016,0.28107503557694147
0.19142240000000002,0.25848993378144736
0.1914432,0.2268360522648057
0.191464,0.25551366102375833
0.1914848,0.21915250688499627
0.1915056,0.21137547296320452
0.1915264,0.21718532287930442
0.1915472,0.2434756530773758
0.19156800000000002,0.20255366972872793
0.1915888,0.24395650154159665
0.19160960000000002,0.2295123130737752
0.1916304,0.2637497418652939
0.1916512,0.22851966444394747
0.191672,0.21911757707372098
0.1916928,0.203251917504949
0.1917136,0.20672180205625634
0.1917344,0.225584683383593
0.19175520000000001,0.19142597317073018
0.191776,0.1645468537424703
0.19179680000000002,0.20329665065257355
0.1918176,0.2085766616243233
0.19183840000000002,0.20457584060367923
0.1918592,0.19957642403372067
0.19188,0.18702691354249673
0.1919008,0.17140968449779093
0.1919216,0.22747079047993446
0.1919424,0.2105504803254304
0.1919632,0.20043320535354528
0.19198400000000002,0.1809366087687418
0.1920048,0.1719746147601265
0.19202560000000002,0.17963125807357944
0.1920464,0.19373394893744872
0.1920672,0.18001747613246197
0.192088,0.17464555997732187
0.1921088,0.1832969841681245
0.1921296,0.15532851909088957
0.1921504,0.14791267015101106
0.19217120000000001,0.15405531727754873
0.192192,0.15420154183992488
0.19221280000000002,0.1892365042253354
0.1922336,0.1956114508150034
0.19225440000000002,0.12590810234724523
0.1922752,0.12761986464292605
0.192296,0.1395384472560808
0.1923168,0.09729774863273646
0.1923376,0.11970342510913187
0.1923584,0.1541557010168981
0.1923792,0.10897701886079156
0.19240000000000002,0.11047351514394668
0.1924208,0.13702329642587047
0.19244160000000002,0.14694273047450057
0.1924624,0.10336795851898174
0.1924832,0.10332782596471721
0.192504,0.10542266119912273
0.1925248,0.11341691631590635
0.1925456,0.05679328799966314
0.1925664,0.0931723058811642
0.19258720000000001,0.07456385779906238
0.192608,0.08430555845471449
0.19262880000000002,0.08682718506879353
0.1926496,0.02347076353072968
0.19267040000000002,0.08578374981921728
0.1926912,0.06312109470178533
0.192712,0.05042686007313952
0.1927328,0.06311325068718576
0.1927536,0.05875659389163312
0.1927744,0.08521760537441
0.1927952,0.055097916680658124
0.19281600000000002,0.05239327731030021
0.1928368,0.03654977104550526
0.19285760000000002,0.040944977978104174
0.1928784,0.005344199775076247
0.19289920000000002,0.03355768434540425
0.19292,0.0179272884336837
0.1929408,0.025875672089392024
0.1929616,0.022555123180881858
0.1929824,-0.027304062466898413
0.1930032,0.005058469542885873
0.193024,0.006039310032655896
0.19304480000000002,0.007869400297001122
0.1930656,-0.05553661336609085
0.19308640000000002,-0.013429486976073357
0.1931072,-0.05231754867814639
0.193128,-0.04424104267524824
0.1931488,-0.02767816020947074
0.1931696,-0.027484084637288977
0.1931904,-0.040866454903846626
0.1932112,-0.0536206956360393
0.19323200000000001,-0.05944188358122929
0.1932528,-0.04029824785010863
0.19327360000000002,-0.043072389804924886
0.1932944,-0.06092856557164667
0.19331520000000002,-0.10211483268499459
0.193336,-0.11636406839646057
0.1933568,-0.10692987260057234
0.1933776,-0.08922439310138033
0.1933984,-0.0686689560377938
0.1934192,-0.09527027770748873
0.19344,-0.1021567568999191
0.19346080000000002,-0.09850782256748564
0.1934816,-0.10449227650166323
0.19350240000000002,-0.11202050070518822
0.1935232,-0.12242369250908212
0.193544,-0.12438185445576641
0.1935648,-0.11788223307898404
0.1935856,-0.11723247088460417
0.1936064,-0.13213441724527528
0.1936272,-0.10734621772869059
0.19364800000000001,-0.14897680238472083
0.1936688,-0.12133550391569305
0.19368960000000002,-0.1478804342607974
0.1937104,-0.12493419207455746
0.19373120000000002,-0.16021476934885398
0.193752,-0.1434004422809982
0.1937728,-0.12725456084753997
0.1937936,-0.13311454493867483
0.1938144,-0.16848089764728852
0.1938352,-0.1666695160633826
0.193856,-0.18058138794247736
0.19387680000000002,-0.1671394726732175
0.1938976,-0.19361355013528514
0.19391840000000002,-0.17333704888190105
0.1939392,-0.18449184473903799
0.19396,-0.17249868001746155
0.1939808,-0.17764201665320195
0.1940016,-0.17653731154766347
0.1940224,-0.17689664176379463
0.1940432,-0.16055051048777577
0.19406400000000001,-0.1862380832348275
0.1940848,-0.19365743675468877
0.19410560000000002,-0.1637168089602858
0.1941264,-0.24771392164700382
0.19414720000000002,-0.20788479674505364
0.194168,-0.21027843735093135
0.1941888,-0.16100398204656893
0.1942096,-0.18055018437337267
0.1942304,-0.18343261431342284
0.1942512,-0.19533071175442787
0.194272,-0.1894746408126316
0.19429280000000002,-0.16999977741358868
0.1943136,-0.23235385528646338
0.19433440000000002,-0.21762882997874014
0.1943552,-0.19187479139966074
0.194376,-0.2181653109934281
0.1943968,-0.18705800071976622
0.1944176,-0.18723782881721232
0.1944384,-0.1813822249169646
0.1944592,-0.23661848816388048
0.19448000000000001,-0.2011287037275152
0.1945008,-0.18384125139228713
0.19452160000000002,-0.21348817649786977
0.1945424,-0.18520421738011833
0.19456320000000002,-0.21084732123555908
0.194584,-0.22855469648147658
0.1946048,-0.17203006238291219
0.1946256,-0.2338568721513386
0.1946464,-0.20305892931708447
0.1946672,-0.20765145638518112
0.194688,-0.21658558998018043
0.19470880000000002,-0.21599933339439312
0.1947296,-0.23837432526069113
0.19475040000000002,-0.19817427902330156
0.1947712,-0.22431323087197258
0.19479200000000002,-0.16513667155622985
0.1948128,-0.20954465090345817
0.1948336,-0.23306424041022133
0.1948544,-0.1923932956892883
0.1948752,-0.18138644383203015
0.194896,-0.17446396912638512
0.1949168,-0.2031147718234929
0.19493760000000002,-0.196224120924785
0.1949584,-0.19667173302727145
0.19497920000000002,-0.18064329732297751
0.195,-0.1633227799192017
0.1950208,-0.169893589962872
0.1950416,-0.19521943119951884
0.1950624,-0.18938874147229137
0.1950832,-0.1860263029437872
0.195104,-0.19417582932227184
0.19512480000000001,-0.20176468186275304
0.1951456,-0.187551667744582
0.19516640000000002,-0.16669778799674112
0.1951872,-0.16473373187284915
0.19520800000000002,-0.19375550890594107
0.1952288,-0.1644346899897744
0.1952496,-0.17290380208710204
0.1952704,-0.16005311750611204
0.1952912,-0.15000964779041787
0.195312,-0.15212989995020668
0.1953328,-0.14060960687287483
0.19535360000000002,-0.142606467937386
0.1953744,-0.13749567960320716
0.19539520000000002,-0.1538079988750424
0.195416,-0.18206580065789596
0.1954368,-0.18991946714512337
0.1954576,-0.14680281855575572
0.1954784,-0.14543649651316568
0.1954992,-0.16896057461730601
0.19552,-0.16322212152662033
0.19554080000000001,-0.17640834248660187
0.1955616,-0.10559720331971224
0.19558240000000002,-0.17258768530685437
0.1956032,-0.1656329042724933
0.19562400000000002,-0.1089476304027933
0.1956448,-0.09992145484719914
0.1956656,-0.12521852380571238
0.1956864,-0.10063291945010418
0.1957072,-0.09574961992038976
0.195728,-0.11467295574713984
0.1957488,-0.047629365135128804
0.19576960000000002,-0.08511569431472518
0.1957904,-0.08374944727300701
0.19581120000000002,-0.08807086821807819
0.195832,-0.07588914209032188
0.1958528,-0.09984805004062203
0.1958736,-0.07927604160478531
0.1958944,-0.07106816403466812
0.1959152,-0.06404059014500472
0.195936,-0.0742222287308115
0.19595680000000001,-0.0586960706015001
0.1959776,-0.0696913801144468
0.19599840000000002,-0.028399999253506867
0.1960192,-0.07527480545006862
0.19604000000000002,-0.07716228193713723
0.1960608,-0.045978744608957345
0.1960816,-0.027671590052948412
0.1961024,-0.04881254699731104
0.1961232,-0.033053676602641816
0.196144,-0.030534763621055897
0.1961648,-0.020707114977640932
0.19618560000000002,0.006248813850208663
0.1962064,-0.04070037876968992
0.19622720000000002,-0.030153755709633252
0.196248,-0.012303375951382506
0.1962688,-0.014689772435767863
0.1962896,0.0018024165045925095
0.1963104,0.03209936336469786
0.1963312,0.015757346494073746
0.196352,-0.0021973706838788456
0.19637280000000001,0.025860690396358767
0.1963936,0.026413448344487174
0.19641440000000002,0.05800749950935887
0.1964352,0.0026758185982350066
0.19645600000000002,0.03202855176206222
0.1964768,0.04969491326920695
0.1964976,0.0493742370114458
0.1965184,0.04080970739878923
0.1965392,0.02674573087762887
0.19656,0.025653061381403303
0.1965808,0.02721934052078968
0.19660160000000002,0.05441683790546495
0.1966224,0.063212421435689
0.19664320000000002,0.05137255382394725
0.196664,0.04778982396240877
0.19668480000000002,0.06718862016936843
0.1967056,0.03670287085591813
0.1967264,0.11854587805492695
0.1967472,0.058948999292982515
0.196768,0.08235528536248705
0.1967888,0.08041834024300235
0.1968096,0.08356439376726538
0.19683040000000002,0.09332110117894
0.1968512,0.06889498767085804
0.19687200000000002,0.1314219916271051
0.1968928,0.10157242323751907
0.1969136,0.0690120684942697
0.1969344,0.1311878539379479
0.1969552,0.11930504267060221
0.196976,0.10695020942180701
0.1969968,0.11555348544480427
0.19701760000000001,0.09758335333503365
0.1970384,0.1583633714695205
0.19705920000000002,0.12283280795718016
0.19708,0.11167108795716105
0.19710080000000002,0.09329085974885101
0.1971216,0.10721236266929667
0.1971424,0.09188500193251614
0.1971632,0.1275598834477368
0.197184,0.12289612699264696
0.1972048,0.11733798032855344
0.1972256,0.1317711177215234
0.19724640000000002,0.1452851645544073
0.1972672,0.14057580548833176
0.19728800000000002,0.13156064083359492
0.1973088,0.15709066437932578
0.1973296,0.1430880901401684
0.1973504,0.1529782950760671
0.1973712,0.1468440116027378
0.197392,0.14344908003276105
0.1974128,0.19111697842361466
0.19743360000000001,0.13830227559744887
0.1974544,0.11994954529239593
0.19747520000000002,0.12759883201014044
0.197496,0.13744718832452468
0.19751680000000002,0.19892328719260302
0.1975376,0.22213190501793012
0.1975584,0.12449391599016064
0.1975792,0.18384487439074668
0.1976,0.16512934815785568
0.1976208,0.20678560439511617
0.1976416,0.17709589219207866
0.19766240000000002,0.15849158729358281
0.1976832,0.1895372312820512
0.19770400000000002,0.17501817347428913
0.1977248,0.17491181632246586
0.1977456,0.13722624606870185
0.1977664,0.17953102041728955
0.1977872,0.1781037755146247
0.197808,0.1759349153227277
0.1978288,0.1698485317302747
0.19784960000000001,0.18371773941166766
0.1978704,0.171922414065473
0.19789120000000002,0.14927100604361643
0.197912,0.18212284893612826
0.19793280000000002,0.14627517134934642
0.1979536,0.18015944512003926
0.1979744,0.17830152647145914
0.1979952,0.21074484152528933
0.198016,0.19328588825059215
0.1980368,0.19759135840309272
0.1980576,0.1941029903851859
0.19807840000000002,0.16571031807193679
0.1980992,0.189034041682555
0.19812000000000002,0.1904583010445271
0.1981408,0.1488053119724571
0.1981616,0.1611330311805804
0.1981824,0.20076310998335944
0.1982032,0.20296955745287976
0.198224,0.2058162947907714
0.1982448,0.19391822914747572
0.19826560000000001,0.12585293420402965
0.1982864,0.14912825703139104
0.19830720000000002,0.12934598082098603
0.198328,0.13288857108781812
0.19834880000000002,0.17399858497116427
0.1983696,0.14927701729838724
0.1983904,0.14280459787973704
0.1984112,0.1397502648607444
0.198432,0.1403896906703978
0.1984528,0.13073013213648865
0.1984736,0.12586300777486634
0.19849440000000002,0.16916803704511255
0.1985152,0.1471057782109469
0.19853600000000002,0.11183560829880909
0.1985568,0.13302264671627573
0.19857760000000002,0.1420657739721037
0.1985984,0.12401107787045779
0.1986192,0.14870499193122527
0.19864,0.1254808531129334
0.1986608,0.14125225084267753
0.1986816,0.14453760046246064
0.1987024,0.1323905836582419
0.19872320000000002,0.12127224653715875
0.198744,0.13752945705644073
0.19876480000000002,0.14264623933707088
0.1987856,0.14971607907687606
0.1988064,0.12804768960839638
0.1988272,0.0871800626648932
0.198848,0.1429031127433829
0.1988688,0.08099831575697378
0.1988896,0.0877816820466957
0.19891040000000001,0.15044751903694534
0.1989312,0.11082315221106455
0.19895200000000002,0.14356714283105515
0.1989728,0.10008452041005897
0.19899360000000002,0.0943023037055387
0.1990144,0.04822561122780475
0.1990352,0.08941509111168307
0.199056,0.100719027532867
0.1990768,0.09173128308068625
0.1990976,0.13222540620564527
0.1991184,0.09689000440452351
0.19913920000000002,0.08778734225278015
0.19916,0.09578485020748363
0.19918080000000002,0.08117180423712597
0.1992016,0.08045164303577386
0.1992224,0.05089243682761192
0.1992432,0.02506362895416498
0.199264,0.05420995336047438
0.1992848,0.04775273039863111
0.1993056,0.05748098647928997
0.19932640000000001,0.06503830583798115
0.1993472,0.04565914149809651
0.19936800000000002,0.016808141696227782
0.1993888,0.04436209962993758
0.19940960000000002,0.05452784313056468
0.1994304,0.011806644873620604
0.1994512,0.04786823364111516
0.199472,0.013450883611495105
0.1994928,0.013837557087802908
0.1995136,0.04929465825459774
0.1995344,0.015552512707350292
0.19955520000000002,0.03295598686502909
0.199576,0.027207044139444025
0.19959680000000002,0.014670199177677378
0.1996176,0.043523184726700456
0.1996384,0.016834809401466366
0.1996592,0.021656297227847024
0.19968,0.006276119644931939
0.1997008,-0.04099673478479436
0.1997216,-0.048138934544965074
0.19974240000000001,-0.01940340709534755
0.1997632,-0.012080453468593216
0.19978400000000002,0.01588926135115372
0.1998048,-0.0012174930004811742
0.19982560000000002,-0.03284833388893737
0.1998464,-0.026590014505461456
0.1998672,-0.02594954907710553
0.199888,-0.024281563537463843
0.1999088,-0.028559813153053844
0.1999296,-0.055186762469580646
0.1999504,-0.0301167379511111
0.19997120000000002,-0.03538382784080236
0.199992,-0.054296717576282114
0.20001280000000002,-0.017447837841515122
0.2000336,-0.03571024171756074
0.20005440000000002,-0.029968080783977186
0.2000752,-0.06076479709861187
0.200096,-0.10699941739708528
0.2001168,-0.049664244135352614
0.2001376,-0.08799173222125763
0.20015840000000001,-0.09434587546526332
0.2001792,-0.09895135158868026
0.20020000000000002,-0.10706360199881033
0.2002208,-0.08247084863901152
0.20024160000000002,-0.10756739779829738
0.2002624,-0.12012192468443111
0.2002832,-0.11731153702103814
0.200304,-0.1048672429263838
0.2003248,-0.12457841331754063
0.2003456,-0.11428252096944609
0.2003664,-0.08847185565849902
0.20038720000000002,-0.11685058999903515
0.200408,-0.11078392109824002
0.20042880000000002,-0.10318788064021214
0.2004496,-0.15531198948424568
0.20047040000000002,-0.08963539392938528
0.2004912,-0.08388465954400783
0.200512,-0.15455156730126846
0.2005328,-0.12086815506974631
0.2005536,-0.10868597504423076
0.2005744,-0.12471950680467542
0.2005952,-0.11042585153191525
0.20061600000000002,-0.12809986929141937
0.2006368,-0.12885423292035497
0.20065760000000002,-0.11291477954787904
0.2006784,-0.12595773329757445
0.2006992,-0.11657924138604706
0.20072,-0.14289973190676417
0.2007408,-0.13958147619924474
0.2007616,-0.14109536097075892
0.2007824,-0.13067452859473577
0.20080320000000002,-0.11779681634539474
0.200824,-0.14527960928779537
0.20084480000000002,-0.14903569404576064
0.2008656,-0.1583576417811824
0.20088640000000002,-0.12428629905390672
0.2009072,-0.14674549925790026
0.200928,-0.15918536765583036
0.2009488,-0.1386226411224106
0.2009696,-0.14557925145601894
0.2009904,-0.12847443961499366
0.2010112,-0.14149628325117714
0.20103200000000002,-0.13919086166172992
0.2010528,-0.15888968619200902
0.20107360000000002,-0.1623305687470716
0.2010944,-0.11828098415849525
0.2011152,-0.15018658295699894
0.201136,-0.17151423916931974
0.2011568,-0.1313858427954727
0.2011776,-0.1370954658415066
0.2011984,-0.1421346808092132
0.20121920000000001,-0.1567391206126888
0.20124,-0.14169522677100324
0.20126080000000002,-0.1399744065504993
0.2012816,-0.181697991273167
0.20130240000000002,-0.13910482463927643
0.2013232,-0.17070022334213078
0.201344,-0.1072457451102384
0.2013648,-0.12660596575084002
0.2013856,-0.15900876235737374
0.2014064,-0.15332232399561396
0.2014272,-0.14868198848090478
0.20144800000000002,-0.1566959221500094
0.2014688,-0.15232777067740813
0.20148960000000002,-0.16634780100278088
0.2015104,-0.10933489945885869
0.2015312,-0.13357788486361957
0.201552,-0.14478582762976935
0.2015728,-0.11696039606864346
0.2015936,-0.14790607792772695
0.2016144,-0.07522261274360108
0.20163520000000001,-0.15398978993587575
0.201656,-0.10139049255945985
0.20167680000000002,-0.15933658508084644
0.2016976,-0.1484921279544826
0.20171840000000002,-0.14108699897713928
0.2017392,-0.10186349744068159
0.20176,-0.13962813887357017
0.2017808,-0.11963694047697125
0.2018016,-0.17708085009972713
0.2018224,-0.16071753797853022
0.2018432,-0.12453657935696437
0.20186400000000002,-0.1346424091617946
0.2018848,-0.1015911840467294
0.20190560000000002,-0.1220337134253624
0.2019264,-0.10170363858481514
0.20194720000000002,-0.12004870429217547
0.201968,-0.1392697611895114
0.2019888,-0.08872593823622639
0.2020096,-0.1404350797873008
0.2020304,-0.1434418459871592
0.20205120000000001,-0.10311749470906909
0.202072,-0.12146626406157424
0.20209280000000002,-0.11750568991081492
0.2021136,-0.11760299345115253
0.20213440000000002,-0.08377613671132039
0.2021552,-0.12790792089721126
0.202176,-0.13110237514311976
0.2021968,-0.10342164027891912
0.2022176,-0.1263180060823684
0.2022384,-0.09141721113132094
0.2022592,-0.08022953547372755
0.20228000000000002,-0.058492659412857084
0.2023008,-0.09645444390633506
0.20232160000000002,-0.10942217609774663
0.2023424,-0.09305421635663078
0.20236320000000002,-0.051853738632142106
0.202384,-0.06727804845114148
0.2024048,-0.029915153652262258
0.2024256,-0.07829435296776198
0.2024464,-0.06619106881533593
0.2024672,-0.02889883806615922
0.202488,-0.07253819345492783
0.20250880000000002,-0.07044000837999453
0.2025296,-0.05096993696613335
0.20255040000000002,-0.045462296725711414
0.2025712,-0.04239618619992387
0.202592,-0.050106525693213784
0.2026128,-0.03814897909491315
0.2026336,-0.03933187238554731
0.2026544,-0.05497111742420028
0.2026752,-0.023770009037360075
0.20269600000000002,-0.01338475203400943
0.2027168,-0.0043215592303031194
0.20273760000000002,-0.04534559900141867
0.2027584,-0.04613002112251801
0.20277920000000002,-0.047407380162662875
0.2028,-0.037739101460635784
0.2028208,-0.053559858245753864
0.2028416,-0.021387251929622413
0.2028624,0.029439195135303225
0.2028832,-0.016958259610565088
0.202904,-0.00620484518403105
0.20292480000000002,-0.022503609488914517
0.2029456,-0.005428689766291534
0.20296640000000002,-0.005871738544420363
0.2029872,0.008349781908646057
0.203008,0.007480091469354855
0.2030288,-0.015595408318843054
0.2030496,0.031101519079293066
0.2030704,0.044500522976993834
0.2030912,0.0039642320170769334
0.20311200000000001,0.013309257059302082
0.2031328,0.0140892267261809
0.20315360000000002,0.03275497295020594
0.2031744,0.05702046956833484
0.20319520000000002,0.017352247148982067
0.203216,0.014590088106642498
0.2032368,0.087533345377351
0.2032576,0.05359364567011296
0.2032784,0.05985858550047413
0.2032992,0.025971901018652477
0.20332,0.059921675296274735
0.20334080000000002,0.06925435331932805
0.2033616,0.045607867922983235
0.20338240000000002,0.02694903109949958
0.2034032,0.10531363554860751
0.203424,0.06442856999628782
0.2034448,0.04013262996287627
0.2034656,0.04972490220709036
0.2034864,0.066521485072092
0.2035072,0.04662670304292997
0.20352800000000001,0.04901989634446434
0.2035488,0.05579794532656423
0.20356960000000002,0.08115672274892152
0.2035904,0.08744583223901911
0.20361120000000002,0.08092784952730445
0.203632,0.06679128491140456
0.2036528,0.09631494819122753
0.2036736,0.08689638261407644
0.2036944,0.057706150945103715
0.2037152,0.09104454565617696
0.203736,0.08880448949298733
0.20375680000000002,0.07144645710739636
0.2037776,0.08146407345634282
0.20379840000000002,0.06295675106336122
0.2038192,0.07740903678137316
0.20384000000000002,0.08500428486604245
0.2038608,0.09673300963874426
0.2038816,0.1083116484930617
0.2039024,0.10942832547481529
0.2039232,0.0994379335626368
0.20394400000000001,0.09179234232734293
0.2039648,0.08402646903257129
0.20398560000000002,0.10524552910110072
0.2040064,0.12444697198318964
0.20402720000000002,0.12153696935601167
0.204048,0.07126181195770144
0.2040688,0.11563668833854518
0.2040896,0.10601449072495048
0.2041104,0.12168670698023955
0.2041312,0.12062605851075837
0.204152,0.14212538014431064
0.20417280000000002,0.14485073583011987
0.2041936,0.1324875484862057
0.20421440000000002,0.12284600948720246
0.2042352,0.09506554224713523
0.20425600000000002,0.14657506641095014
0.2042768,0.12284211533577946
0.2042976,0.13973173236848196
0.2043184,0.11429015990585016
0.2043392,0.1370771488691815
0.20436,0.15396795743031427
0.2043808,0.1336673436546998
0.20440160000000002,0.11806778157989722
0.2044224,0.14162799773936438
0.20444320000000002,0.12470712186775136
0.204464,0.09592691262071039
0.2044848,0.14202298000532648
0.2045056,0.10342014239249596
0.2045264,0.11514645908969927
0.2045472,0.15559072838269214
0.204568,0.15227589202665545
0.20458880000000002,0.12198425042128488
0.2046096,0.11177954619008763
0.20463040000000002,0.1213875414762404
0.2046512,0.13962376741908217
0.20467200000000002,0.107988082266349
0.2046928,0.132016579291813
0.2047136,0.08160909544045777
0.2047344,0.13762885723071497
0.2047552,0.09363143531815793
0.204776,0.09832003808613186
0.2047968,0.1313932733521366
0.20481760000000002,0.12922986247745477
0.2048384,0.11193345115904839
0.20485920000000002,0.10248791130210219
0.20488,0.14767476393302648
0.2049008,0.08187707642287348
0.2049216,0.11565467943295495
0.2049424,0.1104209898466107
0.2049632,0.11733189951368914
0.204984,0.10143086368958591
0.20500480000000001,0.11078648955172607
0.2050256,0.1084121404357931
0.20504640000000002,0.09349624071522324
0.2050672,0.10832306969784927
0.20508800000000002,0.11083719247324356
0.2051088,0.10911934352922913
0.2051296,0.1249522994330275
0.2051504,0.09241267432991221
0.2051712,0.1199064168560843
0.205192,0.1039278208117468
0.2052128,0.097134687682618
0.20523360000000002,0.13471416485550852
0.2052544,0.11574510312716466
0.20527520000000002,0.07675449645421649
0.205296,0.10399321133611036
0.2053168,0.10792523943966446
0.2053376,0.12953386886919221
0.2053584,0.09091031227537433
0.2053792,0.08694652869911285
0.2054,0.08796108814517967
0.20542080000000001,0.1106936314515317
0.2054416,0.06536151070839295
0.20546240000000002,0.06283070654243095
0.2054832,0.05801031317004665
0.20550400000000002,0.0738686497667575
0.2055248,0.0891027774064135
0.2055456,0.06461861740106964
0.2055664,0.11099993479916348
0.2055872,0.08794881264501783
0.205608,0.0609217211103046
0.2056288,0.05691833307707455
0.20564960000000002,0.056844649541521935
0.2056704,0.06677226677552414
0.20569120000000002,0.024533989326555428
0.205712,0.07578890152271431
0.20573280000000002,0.08011865748954058
0.2057536,0.02276690055039833
0.2057744,0.019611585385189624
0.2057952,0.04120170707980582
0.205816,0.043198132133181404
0.20583680000000001,0.03847226174087451
0.2058576,0.01573251208231933
0.20587840000000002,0.03356608828295273
0.2058992,0.016311841627169213
0.20592000000000002,0.019507650347383623
0.2059408,0.04300915285944918
0.2059616,0.00016995507272601906
0.2059824,0.03934098984248451
0.2060032,0.0019751214251062382
0.206024,-0.0008187407247429376
0.2060448,0.0015977052760269388
0.20606560000000002,0.014497924129305456
0.2060864,0.04029154908864526
0.20610720000000002,0.023259372405831927
0.206128,0.03859354629678828
0.20614880000000002,0.060151212121427974
0.2061696,-0.00217132031520878
0.2061904,-0.001417189718959936
0.2062112,0.00876388486207354
0.206232,-0.03081071113401269
0.20625280000000001,0.025088226653538104
0.2062736,-0.00424056681921688
0.20629440000000002,0.00701126367314444
0.2063152,-0.00967766478775437
0.20633600000000002,0.0008067684424717544
0.2063568,-0.043177418990308664
0.2063776,0.022846166638717046
0.2063984,-0.022371137215266387
0.2064192,-0.025623842994521577
0.20644,0.0146197717366334
0.2064608,-0.012603514773727408
0.20648160000000002,-0.004304914173407427
0.2065024,-0.02289516476299944
0.20652320000000002,0.01892975664089532
0.206544,-0.027460264477990628
0.20656480000000002,-0.048076901544023845
0.2065856,-0.026205269532509203
0.2066064,-0.04957761515746327
0.2066272,-0.03050726595752761
0.206648,-0.03586733136488484
0.2066688,-0.023129920893890252
0.2066896,-0.027726366491740893
0.20671040000000002,-0.03124736531185742
0.2067312,-0.019128137653863973
0.20675200000000002,-0.03166468983317526
0.2067728,-0.06621126043723827
0.2067936,-0.05224621331055038
0.2068144,-0.058901757819605625
0.2068352,0.005410886044870757
0.206856,-0.028741816423135703
0.2068768,-0.04450575705807664
0.20689760000000001,-0.07615931044045367
0.2069184,-0.05326436096249222
0.20693920000000002,-0.02153097212807882
0.20696,-0.05859138792408855
0.20698080000000002,-0.07566260747610329
0.2070016,-0.04709025735713193
0.2070224,-0.0796097331881761
0.2070432,-0.060930933615597455
0.207064,-0.07005011813920209
0.2070848,-0.08196391015142086
0.2071056,-0.03829412347271723
0.20712640000000002,-0.11131949110792574
0.2071472,-0.0578877322447057
0.20716800000000002,-0.07231378117760873
0.2071888,-0.07291307420607843
0.2072096,-0.08416294246553241
0.2072304,-0.05170213244169333
0.2072512,-0.07800539614340384
0.207272,-0.15874053453408274
0.2072928,-0.08007920190284172
0.20731360000000001,-0.09451733091399134
0.2073344,-0.0807477053612616
0.20735520000000002,-0.08059650508721844
0.207376,-0.1083991458294178
0.20739680000000002,-0.10297467346816898
0.2074176,-0.10266295401568669
0.2074384,-0.09553628128919163
0.2074592,-0.08591690554647888
0.20748,-0.07106517349620733
0.2075008,-0.09893220694962927
0.2075216,-0.11076556867357054
0.20754240000000002,-0.11565934799031852
0.2075632,-0.10426495817341992
0.20758400000000002,-0.08352416393425544
0.2076048,-0.11261906734368003
0.20762560000000002,-0.09416111309926316
0.2076464,-0.1129981760204398
0.2076672,-0.11416653582993216
0.207688,-0.10124518766046751
0.2077088,-0.0979225642874112
0.20772960000000001,-0.09104500639572499
0.2077504,-0.10006020228496912
0.20777120000000002,-0.12140023162702353
0.207792,-0.12053254145369006
0.20781280000000002,-0.14687492830515014
0.2078336,-0.13235803212001004
0.2078544,-0.12327775479362972
0.2078752,-0.0841990685443875
0.207896,-0.11657835125518337
0.2079168,-0.08466560029898566
0.2079376,-0.12099005281438246
0.20795840000000002,-0.09615228573424128
0.2079792,-0.10244203971870308
0.20800000000000002,-0.10442095852816338
0.2080208,-0.12078401389997127
0.20804160000000002,-0.10492754740816962
0.2080624,-0.08067725079505662
0.2080832,-0.10413910022572637
0.208104,-0.12445165718928866
0.2081248,-0.12572927275109672
0.20814560000000001,-0.10537029535733848
0.2081664,-0.11528238755466236
0.20818720000000002,-0.11131312571192678
0.208208,-0.11045839333223016
0.20822880000000002,-0.07712568869966581
0.2082496,-0.0954851086021518
0.2082704,-0.11204437434123247
0.2082912,-0.11566802315596911
0.208312,-0.10463466995201065
0.2083328,-0.056820236142939566
0.2083536,-0.10266775324519292
0.20837440000000002,-0.145159162692784
0.2083952,-0.10258667123858209
0.20841600000000002,-0.08643117063447409
0.2084368,-0.10868213329197732
0.20845760000000002,-0.09021859558927255
0.2084784,-0.051287690067790805
0.2084992,-0.06874352851105404
0.20852,-0.07053143744792334
0.2085408,-0.11396264716878259
0.2085616,-0.09386909090888296
0.2085824,-0.08889674768885082
0.20860320000000002,-0.08580761512512672
0.208624,-0.04643566072299783
0.20864480000000002,-0.05282330473657686
0.2086656,-0.08565148315584802
0.2086864,-0.06935772489318126
0.2087072,-0.09786378790496525
0.208728,-0.0594917795848398
0.2087488,-0.11228259593939943
0.2087696,-0.05450676738668474
0.20879040000000001,-0.0948775775880915
0.2088112,-0.03680240304785314
0.20883200000000002,-0.046632064069044965
0.2088528,-0.07465399469928945
0.20887360000000002,-0.07355556915819564
0.2088944,-0.08833273396952439
0.2089152,-0.08363183649933063
0.208936,-0.08240854414423908
0.2089568,-0.07788733952299806
0.2089776,-0.048070039473469904
0.2089984,-0.06845644140626365
0.20901920000000002,-0.0408807348903664
0.20904,-0.06226659650199115
0.20906080000000002,-0.05019290311760669
0.2090816,-0.04433838145824545
0.2091024,-0.04802837274143506
0.2091232,-0.06996056401426835
0.209144,-0.027084646132698446
0.2091648,-0.06786458566831823
0.2091856,-0.03287566111656208
0.20920640000000001,-0.03323302068669528
0.2092272,-0.04503051317158106
0.20924800000000002,-0.03741866388799657
0.2092688,-0.029221784858722614
0.20928960000000002,0.006817706143317101
0.2093104,-0.026690494820762124
0.2093312,-0.04244062427140272
0.209352,-0.006103068993320308
0.2093728,9.812691278361305e-05
0.2093936,-0.020868655550279197
0.2094144,-0.0005685988813959354
0.20943520000000002,0.009973879909278335
0.209456,-0.057913041019135136
0.20947680000000002,0.0002928177717931406
0.2094976,-0.022763017082439236
0.20951840000000002,-0.02649268092065355
0.2095392,-0.01865067677826107
0.20956,-0.009638809667962982
0.2095808,-0.02555903984996634
0.2096016,-0.013549866301585518
0.20962240000000001,-0.027079380193443536
0.2096432,0.003209852549898402
0.20966400000000002,0.007033263393306963
0.2096848,-0.007548421041632123
0.20970560000000002,0.002030546527518145
0.2097264,0.03689618393370805
0.2097472,-0.011753940755171463
0.209768,0.03503405251736914
0.2097888,0.03453409588274579
0.2098096,0.024246579543057707
0.2098304,0.0375660537511342
0.20985120000000002,-0.014290138029256737
0.209872,0.052815446912127896
0.20989280000000002,0.004521752031337773
0.2099136,0.0517578519709601
0.20993440000000002,0.05366644066572366
0.2099552,0.019608011975038166
0.209976,0.04629997723189555
0.2099968,0.04593059628059541
0.2100176,0.04126960077344702
0.21003840000000001,0.038672722628836906
0.2100592,0.04798780581646301
0.21008000000000002,0.012202682879226958
0.2101008,0.008378860191741815
0.21012160000000002,0.06793519786243557
0.2101424,0.01959523109839432
0.2101632,0.02382088209448954
0.210184,0.05697981512854715
0.2102048,0.04057425071819131
0.2102256,0.04335409913660331
0.2102464,0.049848467990921505
0.21026720000000002,0.0833041383033028
0.210288,0.06566874735339263
0.21030880000000002,0.05740896904202929
0.2103296,0.10002132190794288
0.21035040000000002,0.06762997106939411
0.2103712,0.06285442215251717
0.210392,0.07997307637174259
0.2104128,0.056508595561469914
0.2104336,0.03989302074877285
0.2104544,0.04934082633114001
0.2104752,0.059018943363826355
0.21049600000000002,0.09988984444276058
0.2105168,0.09277159846479932
0.21053760000000002,0.02727877924969129
0.2105584,0.04310232631054557
0.2105792,0.0702626113886766
0.2106,0.07504437759076671
0.2106208,0.0740884452947619
0.2106416,0.0655030254611912
0.2106624,0.09711262596010112
0.21068320000000001,0.08168256160735485
0.210704,0.05733365712579012
0.21072480000000002,0.07826573499183592
0.2107456,0.09398915057864209
0.21076640000000002,0.09766647931574947
0.2107872,0.07619522903586294
0.210808,0.06332655911731595
0.2108288,0.12192729264020932
0.2108496,0.0772759865466704
0.2108704,0.08934269772600971
0.2108912,0.07267362487011073
0.21091200000000002,0.1336187304976033
0.2109328,0.11748000556031118
0.21095360000000002,0.07601590139985534
0.2109744,0.1017373930902637
0.2109952,0.0816413962338753
0.211016,0.10138297927263375
0.2110368,0.0959338521645492
0.2110576,0.09780012423359358
0.2110784,0.1228155435091231
0.21109920000000001,0.06745814440623618
0.21112,0.09515252496638345
0.21114080000000002,0.06826789716222925
0.2111616,0.10263405408667771
0.21118240000000002,0.06879091898379239
0.2112032,0.12572655163965396
0.211224,0.09945597542279269
0.2112448,0.04958175888999135
0.2112656,0.09020239467835128
0.2112864,0.056773464101847464
0.2113072,0.09139003931476075
0.21132800000000002,0.0841563073978848
0.2113488,0.05587603826840514
0.21136960000000002,0.08175326345655526
0.2113904,0.08950382411358433
0.21141120000000002,0.10497919384115792
0.211432,0.06514338812947823
0.2114528,0.10882589641032431
0.2114736,0.089182863709803
0.2114944,0.07085854970998776
0.21151520000000001,0.09133157502849067
0.211536,0.07320478352788479
0.21155680000000002,0.08225322902168954
0.2115776,0.10303781047926083
0.21159840000000002,0.10596844241415856
0.2116192,0.09923257122574419
0.21164,0.05824429945618084
0.2116608,0.07268646117961554
0.2116816,0.08671469031141818
0.2117024,0.08050979123067505
0.2117232,0.0801965547350866
0.21174400000000002,0.06700078043297625
0.2117648,0.04889701225952224
0.21178560000000002,0.05859582865642407
0.2118064,0.02484006976165947
0.21182720000000002,0.07269747433165519
0.211848,0.08827095583892276
0.2118688,0.0535017440952863
0.2118896,0.09268912905185853
0.2119104,0.07586791703144626
0.21193120000000001,0.051384605370370616
0.211952,0.07337663110803508
0.21197280000000002,0.07738732110334749
0.2119936,0.07042089691357109
0.21201440000000002,0.057758071528839855
0.2120352,0.06821519562738555
0.212056,0.05872727807164051
0.2120768,0.07591890320644973
0.2120976,0.04696142205948657
0.2121184,0.059707873425603165
0.2121392,0.04843649314460076
0.21216000000000002,0.06951695950853493
0.2121808,0.08390799914643954
0.21220160000000002,0.03459922195651037
0.2122224,0.04438183071664582
0.21224320000000002,0.033376069099858074
0.212264,0.05080755450768729
0.2122848,0.06495509412392175
0.2123056,0.080816396114191
0.2123264,0.03973714169674075
0.2123472,0.06020053872171979
0.212368,0.04729732971279232
0.21238880000000002,0.04850919489825387
0.2124096,0.02602487444028974
0.21243040000000002,0.019010512771678555
0.2124512,0.042584515378572954
0.212472,0.04866312485053398
0.2124928,0.02690847772247185
0.2125136,0.04831255895479507
0.2125344,0.02035881518595696
0.2125552,0.04789549922437179
0.21257600000000001,0.04140471773121651
0.2125968,0.027275634020007662
0.21261760000000002,0.023149083601249922
0.2126384,0.04118120313859058
0.21265920000000002,0.04015052977944898
0.21268,0.026213605950830568
0.2127008,0.008840959095307879
0.2127216,0.04672189417477389
0.2127424,0.036803357656155646
0.2127632,-0.012108660668266106
0.212784,0.004655653321352263
0.21280480000000002,0.023645781975315666
0.2128256,0.0224028477773957
0.21284640000000002,-0.014678600845116753
0.2128672,0.0038842506822461056
0.212888,0.003103101506977619
0.2129088,0.046249401524888135
0.2129296,-0.0030521993890633104
0.2129504,0.004607616595864456
0.2129712,-0.0114096729980325
0.21299200000000001,0.013878481428309665
0.2130128,-0.00851578341829413
0.21303360000000002,0.003132226262185544
0.2130544,-0.04612871923348103
0.21307520000000002,0.0015449896909937085
0.213096,0.0035420697336550743
0.2131168,0.003994186118448971
0.2131376,-0.04589293548381022
0.2131584,-0.01890610086443143
0.2131792,0.0032668971702630428
0.2132,-0.014998252316125088
0.21322080000000002,-0.02036183937186625
0.2132416,-0.024313250559491874
0.21326240000000002,-0.02696242664633367
0.2132832,-0.025285568785186494
0.21330400000000002,-0.02358184156847644
0.2133248,-0.018361038970164258
0.2133456,-0.040991001087719775
0.2133664,-0.042910430929654256
0.2133872,-0.026901393949966258
0.21340800000000001,-0.010239419013589351
0.2134288,-0.025968947701597737
0.21344960000000002,-0.00016653876858310768
0.2134704,-0.07733970391985356
0.21349120000000002,-0.039584346810916445
0.213512,-0.036964308841356375
0.2135328,-0.05918682409319792
0.2135536,-0.047930564041907917
0.2135744,-0.03253452892287663
0.2135952,-0.016204889703356807
0.213616,-0.06272921328663462
0.21363680000000002,-0.017283995251976728
0.2136576,-0.034729555917307385
0.21367840000000002,-0.023698941177853417
0.2136992,-0.037088459425704864
0.21372000000000002,-0.05361294020157873
0.2137408,-0.003054156628011423
0.2137616,-0.06752316055501814
0.2137824,-0.04186482831758515
0.2138032,-0.06970560845466268
0.21382400000000001,-0.044533305654435335
0.2138448,-0.06490856806518785
0.21386560000000002,-0.03924953105348619
0.2138864,-0.012465426330299414
0.21390720000000002,-0.042442910544088455
0.213928,-0.04158049933742053
0.2139488,-0.07949553636720441
0.2139696,-0.08197196853325711
0.2139904,-0.09525617861878505
0.2140112,-0.07894448622856562
0.214032,-0.08249407110393588
0.21405280000000002,-0.05183525759254368
0.2140736,-0.04250004170694026
0.21409440000000002,-0.07873791211636468
0.2141152,-0.07119395908977408
0.21413600000000002,-0.09344717493533704
0.2141568,-0.07468782923329502
0.2141776,-0.057277738232693685
0.2141984,-0.05333119447370556
0.2142192,-0.08491382530931689
0.21424,-0.04984220518028287
0.2142608,-0.060940413952200526
0.21428160000000002,-0.06574740130587152
0.2143024,-0.05408239003920148
0.21432320000000002,-0.08344493575927864
0.214344,-0.0923192095834691
0.2143648,-0.06084105513404816
0.2143856,-0.043912685445196706
0.2144064,-0.04310318302473576
0.2144272,-0.14544916034477035
0.214448,-0.07004757833975585
0.21446880000000001,-0.0847926678964561
0.2144896,-0.10658579750327778
0.21451040000000002,-0.07597500738821791
0.2145312,-0.07624739701650804
0.21455200000000002,-0.059881101819390645
0.2145728,-0.11670778512776722
0.2145936,-0.10045619623447882
0.2146144,-0.08470112554938336
0.2146352,-0.042603797175868
0.214656,-0.03941097400074134
0.2146768,-0.054970143033532315
0.21469760000000002,-0.051628425325578015
0.2147184,-0.08168300334928279
0.21473920000000002,-0.07174484386895148
0.21476,-0.06678015619511882
0.2147808,-0.07506438532790984
0.2148016,-0.08961416207863786
0.2148224,-0.05431147203369552
0.2148432,-0.0457601996966086
0.214864,-0.1053835959928765
0.21488480000000001,-0.07371623074443644
0.2149056,-0.028600536865687268
0.21492640000000002,-0.08647562506315332
0.2149472,-0.08418393073026317
0.21496800000000002,-0.08528938963771805
0.2149888,-0.10364394184088882
0.2150096,-0.03630029644191552
0.2150304,-0.04457464916772157
0.2150512,-0.06528071975991018
0.215072,-0.017643364940363004
0.2150928,-0.09840092837483383
0.21511360000000002,-0.06572790518403712
0.2151344,-0.05902152907637845
0.21515520000000002,-0.07553030046589819
0.215176,-0.060697663916117826
0.21519680000000002,-0.05831495619993408
0.2152176,-0.07237139028323943
0.2152384,-0.04243222935577392
0.2152592,-0.029270243130214688
0.21528,-0.07456136634305752
0.21530080000000001,-0.06583852597823595
0.2153216,-0.07588594579793237
0.21534240000000002,-0.10412820466735868
0.2153632,-0.071666142823683
0.21538400000000002,-0.06089060428225029
0.2154048,-0.027837066882775482
0.2154256,-0.06952933720653562
0.2154464,-0.06780933746999983
0.2154672,-0.027187514103762817
0.215488,-0.06267150179667856
0.2155088,-0.03938539730052558
0.21552960000000002,-0.06251574173085712
0.2155504,-0.10537189665172125
0.21557120000000002,-0.06827243835193846
0.215592,-0.0702652123580337
0.21561280000000002,-0.038777002040645714
0.2156336,-0.04501447498851427
0.2156544,0.018056247336851926
0.2156752,-0.06361956925297779
0.215696,-0.04916992095372449
0.21571680000000001,-0.038262358964300934
0.2157376,0.01749891846509491
0.21575840000000002,-0.058770244799481466
0.2157792,0.006869384898929208
0.21580000000000002,-0.055711129577765195
0.2158208,-0.04314319433191909
0.2158416,0.0027143074826778135
0.2158624,-0.04912892450005306
0.2158832,-0.05030394464496854
0.215904,-0.02996065804446235
0.2159248,-0.009123145545009932
0.21594560000000002,-0.04663076553790511
0.2159664,-0.015185639559991238
0.21598720000000002,-0.039327464302530035
0.216008,-0.05188711531561779
0.21602880000000002,-0.016877965726101087
0.2160496,0.019785787569366577
0.2160704,0.003705344242989121
0.2160912,-0.0342849953607574
0.216112,-0.03668846388155998
0.2161328,-0.0037307364608474593
0.2161536,0.002326581653288428
0.21617440000000002,-0.03241767051675436
0.2161952,0.01952356633474981
0.21621600000000002,-0.010160881414489844
0.2162368,0.006906584000102164
0.2162576,0.016151207708328577
0.2162784,0.022298343231751908
0.2162992,0.007239195899054007
0.21632,-0.002709699788707636
0.2163408,-0.015276433137787968
0.21636160000000002,0.004283034275868871
0.2163824,0.03786265330059776
0.21640320000000002,-0.01218621759437945
0.216424,-0.015368837262523045
0.21644480000000002,-0.03047262503732221
0.2164656,0.017843141547688977
0.2164864,0.0038651209640016533
0.2165072,-0.012840919652242403
0.216528,0.026362963348582114
0.2165488,0.019711466362503927
0.2165696,0.015161468875441767
0.21659040000000002,-0.004588530745899967
0.2166112,0.023098372960686234
0.21663200000000002,-0.011902590544006351
0.2166528,0.011102777206633302
0.2166736,0.03690639218422611
0.2166944,0.029812757412998804
0.2167152,0.008714306755078349
0.216736,0.013458967092323953
0.2167568,0.015788135727564233
0.21677760000000001,0.008620001400736176
0.2167984,0.019553953165900004
0.21681920000000002,0.016057804744088126
0.21684,0.012711412153310155
0.21686080000000002,0.035650947997962486
0.2168816,0.00014627317907263404
0.2169024,0.00987335045212414
0.2169232,0.015527221606743725
0.216944,0.022155139431043996
0.2169648,4.224838896326605e-05
0.2169856,0.05780327204753902
0.21700640000000002,0.07569928708632326
0.2170272,0.0929141139654554
0.21704800000000002,0.013739458091486075
0.2170688,0.039033694488282936
0.21708960000000002,0.031215651016064577
0.2171104,0.04007099275684663
0.2171312,0.06343310228952108
0.217152,0.04325829483062716
0.2171728,0.018102389745351426
0.21719360000000001,0.04951264125318351
0.2172144,0.0922259827637664
0.21723520000000002,0.0562098467083583
0.217256,0.08832524515622253
0.21727680000000002,0.055483336532064824
0.2172976,0.0661990691494676
0.2173184,0.09447845262285724
0.2173392,0.03262621434488687
0.21736,0.09204232331080789
0.2173808,0.08945021529199321
0.2174016,0.05214758441483499
0.21742240000000002,0.0791661908337611
0.2174432,0.05579332558356308
0.21746400000000002,0.07154346822032759
0.2174848,0.0638461011887693
0.21750560000000002,0.04371680446562642
0.2175264,0.0981408726375527
0.2175472,0.09672730128952235
0.217568,0.06583086530199549
0.2175888,0.0835862397353101
0.21760960000000001,0.08099049274836993
0.2176304,0.059960927263402256
0.21765120000000002,0.10023896410051786
0.217672,0.0802806242089034
0.21769280000000002,0.035942345715284554
0.2177136,0.015105279953105122
0.2177344,0.052793530101053684
0.2177552,0.07048668714499072
0.217776,0.06320167436145896
0.2177968,0.058850727300998266
0.2178176,0.04680895989946458
0.21783840000000002,0.055371405598716096
0.2178592,0.085564697932233
0.21788000000000002,0.08086595436246036
0.2179008,0.056474533663765925
0.21792160000000002,0.05148522118736748
0.2179424,0.08088209993926596
0.2179632,0.047986623978465065
0.217984,0.0721557186237881
0.2180048,0.07058032260767978
0.2180256,0.04588819694466437
0.2180464,0.05909380845658021
0.21806720000000002,0.06509664435704982
0.218088,0.04673966844544836
0.21810880000000002,0.03277989061317356
0.2181296,0.05865903724485441
0.2181504,0.055816882694503675
0.2181712,0.07590219847496561
0.218192,0.062089184198663876
0.2182128,0.06931911072163575
0.2182336,0.012732740345943225
0.21825440000000002,0.03500589609595792
0.2182752,0.06629392282380817
0.21829600000000002,0.07209447510320777
0.2183168,0.028360946192311033
0.21833760000000002,0.053100086942710636
0.2183584,0.08452555452304475
0.2183792,0.032620046441635124
0.2184,0.022896203646412837
0.2184208,0.052295098374966376
0.2184416,0.08707170532219358
0.2184624,0.0607822838050826
0.21848320000000002,0.0662087413925676
0.218504,0.07578093570052456
0.21852480000000002,0.0450967275522097
0.2185456,0.053850806314215696
0.21856640000000002,0.03439427917310571
0.2185872,0.05658534207610114
0.218608,0.05342806810170593
0.2186288,0.05541136061122281
0.2186496,0.042445803313109105
0.21867040000000001,0.0628893104038698
0.2186912,0.03450921782799313
0.21871200000000002,0.05817355601208283
0.2187328,0.07565615169143505
0.21875360000000002,0.03690676431183226
0.2187744,0.05182179738863598
0.2187952,0.023206893775819453
0.218816,0.034602544694009044
0.2188368,0.05686913662046643
0.2188576,0.021466159623652947
0.2188784,0.026521859457619656
0.21889920000000002,0.0020343924928170887
0.21892,0.02014240659448599
0.21894080000000002,0.054488334377020234
0.2189616,0.05606544632161101
0.21898240000000002,0.04881621313969718
0.2190032,0.011868437675861848
0.219024,0.028822854756965673
0.2190448,0.04907082845479685
0.2190656,0.04393272499165273
0.21908640000000001,0.03556893450095319
0.2191072,0.04970695987613091
0.21912800000000002,0.008457738153033127
0.2191488,0.0347920774474666
0.21916960000000002,0.03632001168654285
0.2191904,0.0053636055232382344
0.2192112,0.01289449706564605
0.219232,0.05054887979774759
0.2192528,0.03214942980320536
0.2192736,-0.0031576499488249407
0.2192944,0.016875140443179035
0.21931520000000002,0.015561241941091757
0.219336,0.01318411028366208
0.21935680000000002,0.03470828333220337
0.2193776,0.03303419302474083
0.21939840000000002,0.042626579708242116
0.2194192,-0.008570636769613352
0.21944,0.030118325855020927
0.2194608,-0.0080908034907516
0.2194816,0.02904002480390553
0.21950240000000001,0.0234100323577703
0.2195232,0.04036932259345574
0.21954400000000002,0.023867981505282243
0.2195648,0.003638898823731275
0.21958560000000002,0.012816999412454358
0.2196064,0.020849378521438755
0.2196272,-0.03153357528481171
0.219648,-0.019861838662889767
0.2196688,0.0037681631796141345
0.2196896,0.010399503930951685
0.2197104,0.010791484313229124
0.21973120000000002,-0.02574644711193108
0.219752,0.01989102543891021
0.21977280000000002,-0.006519921601852583
0.2197936,0.0036271045991079238
0.21981440000000002,0.0009094683861458324
0.2198352,-0.021517902564281724
0.219856,-0.031277047782435556
0.2198768,0.026443357914945276
0.2198976,-0.01095604180229623
0.2199184,0.020697177109241426
0.2199392,-0.03749260727258015
0.21996000000000002,-0.029731206103352382
0.2199808,-0.03382072246298498
0.22000160000000002,0.001799502299716451
0.2200224,-0.021381984548551974
0.2200432,-0.03861244583460541
0.220064,-0.005052967411539797
0.2200848,-0.04287485445588944
0.2201056,-0.05765055451282175
0.2201264,-0.042113821387648735
0.22014720000000002,-0.04613474479607217
0.220168,-0.04717531268922112
0.22018880000000002,-0.040770971372022215
0.2202096,-0.060088553244290716
0.22023040000000002,-0.03186570705159192
0.2202512,-0.04844680110973437
0.220272,-0.026128092661493695
0.2202928,-0.02707545388824964
0.2203136,-0.033578212768461374
0.2203344,-0.0474754296323016
0.2203552,-0.04159048368850595
0.22037600000000002,-0.05022492875794014
0.2203968,-0.04204057059867293
0.22041760000000002,-0.021388202692093766
0.2204384,-0.01787354186333757
0.22045920000000002,-0.013187706497703393
0.22048,-0.0376974106989893
0.2205008,-0.020067562705303445
0.2205216,-0.07457625839112622
0.2205424,-0.012727923748970547
0.22056320000000001,-0.023872048076538088
0.220584,-0.061140611463177744
0.22060480000000002,-0.042232839068882914
0.2206256,-0.039098130804290324
0.22064640000000002,-0.054160948373631265
0.2206672,-0.0580882461178751
0.220688,-0.05899784251229355
0.2207088,-0.048846370276033224
0.2207296,-0.05659604732412804
0.2207504,-0.06909782201555775
0.2207712,-0.04100239895739323
0.22079200000000002,-0.038345646303967924
0.2208128,-0.04493011472850868
0.22083360000000002,-0.040158591021635166
0.2208544,-0.012362839445679265
0.22087520000000002,-0.03802836650965179
0.220896,-0.05388635387761558
0.2209168,-0.06521716590963066
0.2209376,-0.046211145291338795
0.2209584,-0.031818942888102573
0.22097920000000001,-0.06821701192335798
0.221,-0.042401490164475295
0.22102080000000002,-0.06856391930094982
0.2210416,-0.08501082180968536
0.22106240000000002,-0.0644660471049435
0.2210832,-0.024345074824557802
0.221104,-0.0530379343300548
0.2211248,-0.0785511193131134
0.2211456,-0.047367840827396625
0.2211664,-0.04326069529025679
0.2211872,-0.04596856932068274
0.22120800000000002,-0.07849436313521892
0.2212288,-0.036883291210156495
0.22124960000000002,-0.06887482392437771
0.2212704,-0.01630578874694303
0.22129120000000002,-0.08827605867544706
0.221312,-0.0726670770894788
0.2213328,-0.0615164794469234
0.2213536,-0.07972980475473702
0.2213744,-0.05772382953679572
0.22139520000000001,-0.07676542109523869
0.221416,-0.07683858346330133
0.22143680000000002,-0.04539311762367665
0.2214576,-0.08973007778969813
0.22147840000000002,-0.03863086500907944
0.2214992,-0.0555669197851863
0.22152,-0.08808995198324229
0.2215408,-0.03796835289559963
0.2215616,-0.025326541022544845
0.2215824,-0.05992349550120071
0.2216032,-0.02018497390427017
0.22162400000000002,-0.04537971976404474
0.2216448,-0.0467351710043009
0.22166560000000002,-0.031008757090511572
0.2216864,-0.0696282632216875
0.22170720000000002,-0.03815097130212203
0.221728,-0.06065653952105575
0.2217488,-0.04684211819393377
0.2217696,-0.04565459690686463
0.2217904,-0.07383200025243689
0.22181120000000001,-0.04792705045622611
0.221832,-0.06238325127727626
0.22185280000000002,-0.04463846866892449
0.2218736,-0.045275056745501516
0.22189440000000002,-0.06976786724499709
0.2219152,-0.06356307953259441
0.221936,-0.012364188528408003
0.2219568,-0.009741601814366917
0.2219776,-0.04591299083994299
0.2219984,-0.03507300642697163
0.2220192,-0.03222532608106426
0.22204000000000002,-0.06354129715084544
0.2220608,-0.019844078637593788
0.22208160000000002,-0.03737124339734669
0.2221024,-0.043801477695586906
0.22212320000000002,-0.013455617123366685
0.222144,-0.031881084544474636
0.2221648,-0.0657320115866992
0.2221856,-0.04624564769989901
0.2222064,-0.047467087844001984
0.2222272,-0.0528004593730723
0.222248,-0.048208014813840024
0.22226880000000002,-0.04690919195791119
0.2222896,-0.04503767901388705
0.22231040000000002,0.002475470538531841
0.2223312,-0.026707420388077628
0.22235200000000002,-0.012390169900224752
0.2223728,-0.008372451881902658
0.2223936,0.004591280012412886
0.2224144,-0.022364957223787642
0.2224352,-0.024062035455213692
0.22245600000000001,-0.017113083031310327
0.2224768,-0.0473566899977535
0.22249760000000002,-0.03472602970518604
0.2225184,0.0034052174467632673
0.22253920000000002,-0.006373271579128105
0.22256,-0.02311835562689964
0.2225808,-0.030178762496185813
0.2226016,-0.009398507436823847
0.2226224,-0.05095924116165687
0.2226432,-0.03597374535898008
0.222664,0.01960512579134848
0.22268480000000002,-0.0056504025607285995
0.2227056,-0.009343013469876375
0.22272640000000002,-0.02528768106960402
0.2227472,-0.01417965139076632
0.22276800000000002,-0.027598164229954952
0.2227888,-0.0007698782543756159
0.2228096,-0.001267856039833157
0.2228304,-0.008300920467987272
0.2228512,0.02509329263765038
0.22287200000000001,0.008354166804482654
0.2228928,-0.03268783352077212
0.22291360000000002,0.011585788784455844
0.2229344,0.0364566268012719
0.22295520000000002,-0.00030690201719915135
0.222976,0.0249691254144557
0.2229968,0.009130553354970677
0.2230176,-0.012503519837303068
0.2230384,-0.008349486522920967
0.2230592,-0.0044583074543960936
0.22308,-0.02250071780839287
0.22310080000000002,0.004710669679477838
0.2231216,-0.009125516174514754
0.22314240000000002,0.04075396731622883
0.2231632,0.010151458463116022
0.22318400000000002,-0.013269296628255604
0.2232048,-0.015482445823564275
0.2232256,0.0363535669946755
0.2232464,0.010911869196839091
0.2232672,-0.01181298658753675
0.22328800000000001,0.0021933781850565007
0.2233088,0.01922443608631815
0.22332960000000002,0.017053284619100256
0.2233504,0.05785134087776518
0.22337120000000002,0.026085328255909986
0.223392,0.008511493176727314
0.2234128,-0.020447270784001166
0.2234336,0.031685401702500005
0.2234544,0.030241549878903602
0.2234752,0.019937963833615752
0.223496,0.04165800997752744
0.22351680000000002,0.02524499244657191
0.2235376,0.030134590635015338
0.22355840000000002,0.06929374434755935
0.2235792,0.0035005974379531575
0.22360000000000002,0.04614974429834199
0.2236208,0.04814777023334689
0.2236416,0.016404181984924812
0.2236624,0.08473562483743638
0.2236832,-0.0014150689393544538
0.22370400000000001,0.04064105470173575
0.2237248,0.010561740943900482
0.22374560000000002,0.009203398320464833
0.2237664,0.034190335143863965
0.22378720000000002,0.026982829307274112
0.223808,0.04418094780546278
0.2238288,0.034508210588703625
0.2238496,0.02537327284472403
0.2238704,0.028052941745214614
0.2238912,0.019298169872623443
0.223912,0.04196770721123663
0.22393280000000002,0.059442292250272796
0.2239536,0.03438722379980876
0.22397440000000002,0.034179928660630195
0.2239952,0.04181801276220105
0.22401600000000002,0.004365359700586276
0.2240368,0.00241694101123259
0.2240576,0.03313457129330468
0.2240784,0.06021302804243439
0.2240992,0.06860135573440682
0.22412,0.06354739314718282
0.2241408,0.04409132860552979
0.22416160000000002,0.034178138689269034
0.2241824,0.04381372452945779
0.22420320000000002,0.03195352755063696
0.224224,0.043312074110344385
0.22424480000000002,0.05227787102831403
0.2242656,0.038830986271996264
0.2242864,0.01066880570458649
0.2243072,0.07427218003380667
0.224328,0.09264553226753901
0.22434880000000001,0.02859336176863922
0.2243696,0.02467440464915333
0.22439040000000002,0.06920402437610229
0.2244112,0.016165912742409822
0.22443200000000002,0.026196209332407364
0.2244528,0.05661509201438847
0.2244736,0.09481051376495574
0.2244944,0.0680384437597816
0.2245152,0.020728324554588135
0.224536,0.08833704141010512
0.2245568,0.029610535966007406
0.22457760000000002,0.05868855526041414
0.2245984,0.016158123266393227
0.22461920000000002,0.05720000259405922
0.22464,0.05513010420863156
0.22466080000000002,0.01975199936608947
0.2246816,0.020050596710137848
0.2247024,0.06483825403811036
0.2247232,0.06007539264200101
0.224744,0.028535684734110726
0.22476480000000001,0.044513530153036475
0.2247856,0.054640412214075486
0.22480640000000002,0.0253673010403634
0.2248272,0.010728625808005952
0.22484800000000002,0.04519055226402401
0.2248688,0.044436335811201974
0.2248896,0.05420420106905064
0.2249104,0.028069472516263655
0.2249312,0.02726125329655176
0.224952,0.028374074556462153
0.2249728,0.04213412518330008
0.22499360000000002,0.06883220503366373
0.2250144,0.0450136526426123
0.22503520000000002,0.0287692713099715
0.225056,0.06954660079608949
0.22507680000000002,0.03670382452545734
0.2250976,0.05889255258436379
0.2251184,0.07353027684285146
0.2251392,0.07706323577543636
0.22516,0.026848781572351765
0.22518080000000001,0.020734933579618055
0.2252016,0.020378681894794255
0.22522240000000002,0.0421163302278413
0.2252432,0.059356063386469135
0.22526400000000002,0.01277724259112279
0.2252848,0.02765234909736789
0.2253056,0.02997341988302208
0.2253264,0.02350607273670495
0.2253472,0.04523924290623297
0.225368,0.06989334255338006
0.2253888,0.025254290672553824
0.22540960000000002,0.021806491538826803
0.2254304,0.0171619775985936
0.22545120000000002,0.02666750976667804
0.225472,0.04584459800507567
0.22549280000000002,0.019924175564737124
0.2255136,0.055042085710522395
0.2255344,0.027062932562591707
0.2255552,0.0066720796810696426
0.225576,0.022201621879800487
0.22559680000000001,0.03760686372234555
0.2256176,0.02348586682901838
0.22563840000000002,0.003200820894690568
0.2256592,0.032823648453791404
0.22568000000000002,0.006308138265907273
0.2257008,0.013886748421751131
0.2257216,0.037136115306698705
0.2257424,0.036771970725563104
0.2257632,0.029409831615903492
0.225784,0.005602107050461465
0.2258048,0.04955065884922648
0.22582560000000002,0.01134410068643443
0.2258464,0.07209180211070096
0.22586720000000002,0.0026327645644814834
0.225888,-0.0020345984133856507
0.22590880000000002,0.011222288277938804
0.2259296,0.033123157557307145
0.2259504,-0.009046859341526265
0.2259712,0.018795472612091677
0.225992,-0.008403817774279012
0.2260128,0.009825855199550686
0.2260336,0.030001373121339714
0.22605440000000002,0.02874521021524453
0.2260752,-0.006663719326462557
0.22609600000000002,0.012221941044843757
0.2261168,0.016691117413506956
0.22613760000000002,-0.005158930915589251
0.2261584,-0.003974082002663373
0.2261792,0.004178763713680271
0.2262,0.010215484660472238
0.2262208,0.006080446750553694
0.22624160000000001,0.06164078253583612
0.2262624,-0.008870580815110208
0.22628320000000002,-0.0033961838495270803
0.226304,0.022589947901787005
0.22632480000000002,0.00910573488060911
0.2263456,-0.048075930088541705
0.2263664,-0.005803288673817885
0.2263872,0.017164609041130856
0.226408,-0.0033513924951256357
0.2264288,-0.017582657194840375
0.2264496,-0.0024732396453491737
0.22647040000000002,0.020553096137962724
0.2264912,0.0009934868330523918
0.22651200000000002,-0.022528292168840527
0.2265328,-0.02769095844513187
0.22655360000000002,-0.0359131496625257
0.2265744,-0.0030650205197221706
0.2265952,0.01277612986623158
0.226616,-0.0013980458862973937
0.2266368,0.01641900165090574
0.22665760000000001,-0.02030729495253477
0.2266784,0.022600452564969863
0.22669920000000002,-0.04056077366210092
0.22672,0.006870556607289186
0.22674080000000002,-0.01860065343792136
0.2267616,-0.02090132425826037
0.2267824,-0.03542383955717039
0.2268032,-0.026718702462170677
0.226824,-0.0035680360264637428
0.2268448,-0.03412406093353776
0.2268656,-0.013801371033352028
0.22688640000000002,-0.034669592009729897
0.2269072,-0.05718639544484154
0.22692800000000002,-0.009173396376700152
0.2269488,-0.0352279172734946
0.22696960000000002,-0.02461855108749625
0.2269904,0.006567904689287387
0.2270112,0.006237414394201304
0.227032,-0.04200200209443517
0.2270528,-0.02543111973015651
0.22707360000000001,-0.00549447391539996
0.2270944,-0.032086897596187824
0.22711520000000002,-0.05567047023483716
0.227136,-0.004361540942066814
0.22715680000000002,0.013452822805808132
0.2271776,-0.015738060669714678
0.2271984,-0.03848522867816594
0.2272192,-0.05121872572729505
0.22724,-0.04457754922060752
0.2272608,-0.03954224474455543
0.2272816,-0.039206813065602544
0.22730240000000002,-0.05115995438407937
0.2273232,-0.046739731307488555
0.22734400000000002,-0.017941857495440527
0.2273648,-0.03837642396280717
0.22738560000000002,-0.0328978747728608
0.2274064,-0.032518547736826504
0.2274272,-0.009273058748392508
0.227448,-0.009105145287731393
0.2274688,-0.03297291153113049
0.22748960000000001,-0.06560212601687361
0.2275104,-0.009544297097192761
0.22753120000000002,-0.022750757329900846
0.227552,-0.041587902203892406
0.22757280000000002,-0.01243678837491801
0.2275936,-0.03148683263272552
0.2276144,-0.044032119715624304
0.2276352,0.0042465387846682134
0.227656,-0.00010743382096789489
0.2276768,-0.09288569291075341
0.2276976,-0.009756551127341712
0.22771840000000002,-0.04058629567843535
0.2277392,-0.0009453106549267357
0.22776000000000002,-0.06227833133734728
0.2277808,-0.027500350237726928
0.22780160000000002,-0.04901230652998457
0.2278224,-0.03937652314213516
0.2278432,-0.038828394311470685
0.227864,-0.027499606660364162
0.2278848,-0.05914675038934053
0.2279056,-0.050212505562719806
0.2279264,-0.034050062422329004
0.22794720000000002,-0.05703145631587969
0.227968,-0.03601536798188672
0.22798880000000002,-0.0622695686216527
0.2280096,-0.0379721652832382
0.22803040000000002,-0.06522078280642274
0.2280512,-0.0730467126768096
0.228072,-0.0448731695941163
0.2280928,-0.010619974182439082
0.2281136,-0.022343636534695427
0.22813440000000001,-0.012255686288982846
0.2281552,-0.0288525057557918
0.22817600000000002,-0.03854475979108846
0.2281968,-0.025074619188772105
0.22821760000000002,-0.05975305956242907
0.2282384,-0.038872086288418976
0.2282592,-0.05389231127986886
0.22828,-0.011492853941712594
0.2283008,-0.02888635864348101
0.2283216,-0.04720747420700342
0.2283424,-0.03588117850878172
0.22836320000000002,-0.01754342458388082
0.228384,-0.03697627155391005
0.22840480000000002,-0.031695907582660166
0.2284256,-0.024130363613302442
0.22844640000000002,-0.03546333597158126
0.2284672,0.013120193576263935
0.228488,-0.02548696998674812
0.2285088,-0.046208367447902216
0.2285296,-0.044321273967409675
0.22855040000000001,0.01696661004154977
0.2285712,-0.027590719144972353
0.22859200000000002,-0.0525249718012587
0.2286128,-0.06614264905096792
0.22863360000000002,-0.017294317774175866
0.2286544,0.02220683663601046
0.2286752,-0.01618994286110092
0.228696,-0.0335199464483837
0.2287168,-0.0037438471098718805
0.2287376,-0.03355073860004175
0.2287584,-0.033270916858489485
0.22877920000000002,-0.0312527439531704
0.2288,-0.037069898450256974
0.22882080000000002,-0.05351731961263706
0.2288416,-0.020978917454226715
0.22886240000000002,0.01882423995925669
0.2288832,-0.052778084688562904
0.228904,-0.045423159858504744
0.2289248,-0.012338988425014727
0.2289456,-0.02800767966009883
0.22896640000000001,-0.02361341592119786
0.2289872,-0.015193590167660143
0.22900800000000002,-0.0072682030722785625
0.2290288,-0.015980434460256022
0.22904960000000002,-0.005785274726625839
0.2290704,-0.0029515525491431473
0.2290912,-0.02876616308089669
0.229112,0.001062944130620875
0.2291328,-0.014750836206932995
0.2291536,-0.03763627353199722
0.2291744,0.01664646912932874
0.22919520000000002,-0.02704244961642644
0.229216,-6.685366440398188e-06
0.22923680000000002,-0.024400730251361122
0.2292576,0.009618971591543677
0.22927840000000002,-0.04185888762308858
0.2292992,-0.018612681248198204
0.22932,-0.018275775583842687
0.2293408,-0.022360761949163536
0.2293616,0.03455649869816188
0.22938240000000001,-0.03930507357565946
0.2294032,-0.02327622863092196
0.22942400000000002,-0.01497011638055721
0.2294448,0.02081955943633256
0.22946560000000002,-0.004835749590037347
0.2294864,-0.02309939894556079
0.2295072,-1.4205458713946809e-05
0.229528,-0.016886640870914543
0.2295488,-0.012474369595613313
0.2295696,0.03946513644897938
0.2295904,-0.016026889210536143
0.22961120000000002,-0.002858434826363106
0.229632,0.0037499838915259253
0.22965280000000002,-0.03812274958325726
0.2296736,-0.0005155989917520278
0.22969440000000002,-0.026961502367091023
0.2297152,-0.045143369219622025
0.229736,0.010668720371128215
0.2297568,0.001000059836014134
0.2297776,0.015304140204235135
0.2297984,-0.03474969319032456
0.2298192,0.040686594189097695
0.22984000000000002,0.03399800706893086
0.2298608,-0.012946031874069154
0.22988160000000002,0.015054393784293237
0.2299024,0.00040408258941052044
0.22992320000000002,0.022890543127559983
0.229944,0.014894297449372672
0.2299648,0.012929397001037471
0.2299856,0.014650845478589287
0.2300064,-0.002690456812185372
0.23002720000000001,-0.006556923562656063
0.230048,0.004274907235102789
0.23006880000000002,0.025871397674239967
0.2300896,0.008133762313995645
0.23011040000000002,0.017091732040946845
0.2301312,-0.004962784424742621
0.230152,0.017846958445031706
0.2301728,0.02961340909766564
0.2301936,0.01786621111552373
0.2302144,-0.0013029869793647862
0.2302352,0.05028182582261759
0.23025600000000002,0.03158851343406559
0.2302768,0.002786905044109809
0.23029760000000002,0.039481746698086226
0.2303184,0.015823294033836192
0.23033920000000002,0.033079549025146544
0.23036,0.018270209062866923
0.2303808,-0.009959702464099298
0.2304016,0.01502161320821643
0.2304224,0.06939519759680288
0.23044320000000001,0.05067723836459599
0.230464,0.028694910407571897
0.23048480000000002,0.014728050298778331
0.2305056,0.0026818039920916935
0.23052640000000002,0.01645524295524821
0.2305472,0.041450509824903885
0.230568,0.050844697876020015
0.2305888,0.06404443684603539
0.2306096,-0.0010466289265713413
0.2306304,0.012982052799152542
0.2306512,0.03793581596514515
0.23067200000000002,0.014297719395954497
0.2306928,0.04454558964170084
0.23071360000000002,0.014803836305369024
0.2307344,0.04292877648998869
0.23075520000000002,0.017739815293859276
0.230776,0.06022806702949621
0.2307968,0.027896360127232227
0.2308176,0.0188345200582161
0.2308384,0.04395775279781386
0.23085920000000001,0.02085316219094463
0.23088,0.10089094045079974
0.23090080000000002,0.0416555663220646
0.2309216,0.03127965012827651
0.23094240000000002,-0.003019710174533008
0.2309632,0.052477392907467835
0.230984,0.05418885236582434
0.2310048,0.01328627348204247
0.2310256,0.01728888680884249
0.2310464,0.04955942246186036
0.2310672,0.06307388023588867
0.23108800000000002,0.002702676568643779
0.2311088,0.01067116173126028
0.23112960000000002,0.044809661713639384
0.2311504,0.06824147650096979
0.23117120000000002,0.007383362642034541
0.231192,0.03609965327801578
0.2312128,0.0688973006078455
0.2312336,0.029590253812785284
0.2312544,0.055105926168285725
0.23127520000000001,0.05233712940828968
0.231296,0.03821060947297668
0.23131680000000002,0.009977744093248853
0.2313376,0.0466402787972545
0.23135840000000002,0.04057155733378191
0.2313792,0.056096831072906174
0.2314,0.00902493177781391
0.2314208,0.049070889184212485
0.2314416,0.08244560617659266
0.2314624,0.03196569255847119
0.2314832,0.0038416071383422096
0.23150400000000002,0.03852858405847488
0.2315248,0.0010288157409649515
0.23154560000000002,0.03322381273066703
0.2315664,0.04455295457460891
0.23158720000000002,0.04090350073686207
0.231608,0.05937344183886656
0.2316288,0.022750935691284023
0.2316496,0.03818380894396919
0.2316704,0.04497597523756432
0.2316912,0.027040254513197182
0.231712,0.023855625909504338
0.23173280000000002,0.04020971000564373
0.2317536,0.033925742027725914
0.23177440000000002,0.026471605406146122
0.2317952,0.023630374205734113
0.23181600000000002,0.029249322685912148
0.2318368,0.03225140982469111
0.2318576,0.03996247024933127
0.2318784,-0.008521298535760346
0.2318992,0.014962867311722883
0.23192000000000002,0.018339244514129438
0.2319408,0.048685756959689325
0.23196160000000002,0.044561790095690355
0.2319824,0.013789514940190145
0.23200320000000002,0.010639284924257334
0.232024,0.018931162064633165
0.2320448,0.028587374750868928
0.2320656,0.005245291037147791
0.2320864,0.002943039224778052
0.2321072,0.01546762399054276
0.232128,0.031529832947279055
0.23214880000000002,0.04752437592916206
0.2321696,0.039957199959702636
0.23219040000000002,0.0013760238761666155
0.2322112,-0.008037764886462805
0.23223200000000002,0.04779737159158905
0.2322528,-0.01216528707830715
0.2322736,0.011975525224580777
0.2322944,0.0052544437827528375
0.2323152,0.035437060661370964
0.23233600000000001,0.02196355821136846
0.2323568,0.020016785878299904
0.23237760000000002,0.02339133683843924
0.2323984,-0.005791256664632847
0.23241920000000002,0.015109745045961073
0.23244,0.008878093553367255
0.2324608,0.03847260373838374
0.2324816,-0.0033539800440228838
0.2325024,0.0007825679714929049
0.2325232,0.07871681207888377
0.232544,0.014284827830059507
0.23256480000000002,0.0319866214038214
0.2325856,0.011342819143017758
0.23260640000000002,0.006548023850428565
0.2326272,0.005811511745840366
0.23264800000000002,-0.020489888661887966
0.2326688,-0.020673733734830467
0.2326896,-0.009919078987689092
0.2327104,0.00038654437116361195
0.2327312,0.009117220592830298
0.23275200000000001,-0.010684469175168618
0.2327728,-0.0010956949767565805
0.23279360000000002,-0.011127059013018591
0.2328144,0.012929564204177648
0.23283520000000002,-0.011940152085417302
0.232856,0.002647757429151652
0.2328768,0.0025006867820401156
0.2328976,-0.02694774331593822
0.2329184,-0.0007993927662816127
0.2329392,-0.028243334001906133
0.23296,0.04042162533787993
0.23298080000000002,-0.012513767369054461
0.2330016,-0.0027523520988608817
0.23302240000000002,-0.03278325392961584
0.2330432,0.0009615337077130974
0.23306400000000002,0.021683894737526868
0.2330848,-0.0013320624655477793
0.2331056,-0.010353207262008413
0.2331264,0.006090106776969511
0.2331472,0.0030080458200943743
0.23316800000000001,0.017306243999629486
0.2331888,-0.02532668396378627
0.23320960000000002,0.01968245643497022
0.2332304,-0.003274214517699535
0.23325120000000002,0.019013100106607637
0.233272,0.00023412172809923228
0.2332928,-0.009515148776173621
0.2333136,0.019709476353752746
0.2333344,-0.023701726196898996
0.2333552,-0.013008394925216344
0.233376,-0.029046093694260717
0.23339680000000002,0.01043292904452483
0.2334176,0.009048004809885801
0.23343840000000002,0.022357820422492257
0.2334592,-0.03464744799087561
0.23348000000000002,-0.0072744328734574235
0.2335008,-0.03161745371536838
0.2335216,0.0006082600265074796
0.2335424,-0.023685109472096545
0.2335632,-0.04515324968962363
0.233584,0.026934297486063727
0.2336048,0.0056830729548156475
0.23362560000000002,0.02065506698019952
0.2336464,0.01474329133796103
0.23366720000000002,-0.00039529599658994635
0.233688,-0.013485349989876702
0.23370880000000002,-0.0027088823007497646
0.2337296,-0.015386342074266736
0.2337504,-0.0178841992788681
0.2337712,-0.06089608132741306
0.233792,-0.007730816661540879
0.23381280000000002,-0.010329865660212201
0.2338336,-0.03392604000046875
0.23385440000000002,-0.009540981424965858
0.2338752,-0.018018024451357882
0.23389600000000002,-0.044290429999159026
0.2339168,-0.005266924211793433
0.2339376,-0.03898913251535982
0.2339584,0.004698858301076404
0.2339792,-0.0009502076334796349
0.234,-0.014498208182324742
0.2340208,-0.037817911059635764
0.23404160000000002,-0.020011754011089643
0.2340624,-0.015574399269153157
0.23408320000000002,-0.041294624996315255
0.234104,-0.026911674181097158
0.23412480000000002,-0.03536089619492609
0.2341456,-0.041935481519520715
0.2341664,0.005506570287799457
0.2341872,-0.02334558729824702
0.234208,-0.02984832498839868
0.23422880000000001,-0.03983485123675583
0.2342496,0.001923811020375029
0.23427040000000002,-0.04689766170646217
0.2342912,0.008822002248654301
0.23431200000000002,0.0012286940083181576
0.2343328,-0.06668670274938907
0.2343536,-0.03806864415337414
0.2343744,0.0103815067375678
0.2343952,-0.02365749032887579
0.234416,-0.039705123303285794
0.2344368,-0.012286126635481986
0.23445760000000002,-0.03303224292649491
0.2344784,-0.018459966524274816
0.23449920000000002,-0.03988956046923163
0.23452,-0.008874193970812641
0.23454080000000002,-0.007481064262113306
0.2345616,-0.012018973239256027
0.2345824,-0.044858306561074646
0.2346032,-0.03887003329444512
0.234624,-0.04061316126551284
0.23464480000000001,0.026412662638491943
0.2346656,-0.04938611736690321
0.23468640000000002,-0.026602197001883324
0.2347072,-0.05900467489098973
0.23472800000000002,-0.0009351736628906739
0.2347488,-0.05477341414661832
0.2347696,-0.03468012623744996
0.2347904,-0.02237110301995371
0.2348112,-0.038126092073366605
0.234832,0.009203530533227457
0.2348528,-0.02248674435603906
0.23487360000000002,-0.0043930345990742595
0.2348944,-0.023404361773424396
0.23491520000000002,-0.02113022732520764
0.234936,-0.0029849964339734476
0.23495680000000002,-0.01829565588228174
0.2349776,-0.03754384890602683
0.2349984,-0.04474046250189799
0.2350192,0.008553402502592903
0.23504,-0.018609494740740584
0.23506080000000001,-0.01761706979733106
0.2350816,-0.012184631705479839
0.23510240000000002,0.005662556283044955
0.2351232,-0.0178338169666922
0.23514400000000002,-0.04451104508315695
0.2351648,-0.04967457700140368
0.2351856,-0.023374051693077703
0.2352064,-0.05422571630054368
0.2352272,-0.002519569027867239
0.235248,0.0065880604145557055
0.2352688,-0.0642323601985303
0.23528960000000002,-0.031915331231246596
0.2353104,-0.04191929028069139
0.23533120000000002,0.0290833405290718
0.235352,-0.03539935027256433
0.23537280000000002,0.007603751060134854
0.2353936,0.018661447867030865
0.2354144,-0.020314430865222256
0.2354352,-0.014363335995021457
0.235456,0.006924426307277409
0.23547680000000001,-0.06978354852279095
0.2354976,-0.028404923102984203
0.23551840000000002,-0.02531827191916599
0.2355392,-0.05466792693867915
0.23556000000000002,-0.04474699527169732
0.2355808,-0.015902377237887698
0.23560160000000002,-0.02041239496487638
0.2356224,-0.06464589456566794
0.2356432,-0.008404273040076671
0.235664,-0.0011805479394279474
0.2356848,-0.004242105289190997
0.23570560000000002,-0.02523107705192115
0.2357264,-0.04795703419852926
0.23574720000000002,-0.026997804655025444
0.235768,-0.021402592399158607
0.23578880000000002,-0.020300913269531567
0.2358096,-0.033261362104468395
0.2358304,-0.018510035847292917
0.2358512,-0.034077171419322434
0.235872,-0.03935544117906051
0.2358928,0.0066162344049440595
0.2359136,-0.021385209648350067
0.23593440000000002,-0.03396216073973227
0.2359552,0.00028712935897863903
0.23597600000000002,-0.009843406503491619
0.2359968,-0.02592727595519685
0.23601760000000002,-0.013554351555738
0.2360384,0.011788789993221412
0.2360592,-0.028510426794061274
0.23608,0.00018205284131567103
0.2361008,0.019978977771100814
0.23612160000000001,0.004220904554200393
0.2361424,0.017001923035801128
0.23616320000000002,-0.03294091072951926
0.236184,-0.007693692618849777
0.23620480000000002,0.038504198615474244
0.2362256,0.005248454686994145
0.2362464,0.02706647722884261
0.2362672,-0.004713365118138605
0.236288,0.008737979447594007
0.2363088,0.015739070038644196
0.2363296,0.02780699128621442
0.23635040000000002,0.0006495406011367766
0.2363712,0.025562005292212007
0.23639200000000002,-0.015312867531217654
0.2364128,-0.024144250753517817
0.23643360000000002,-0.01860577793517026
0.2364544,0.004904773779626829
0.2364752,-0.0020446429677516724
0.236496,-0.017830537196238998
0.2365168,0.0006135576944196553
0.23653760000000001,0.00906946082629205
0.2365584,0.024230906365767906
0.23657920000000002,0.013077700096108032
0.2366,-0.02087510899625796
0.23662080000000002,-0.0017926690201035276
0.2366416,0.029896121362044146
0.2366624,0.03273144818593107
0.2366832,-0.010640514983494526
0.236704,0.0093566398286779
0.2367248,-0.004359189622100022
0.2367456,-0.0036637382899935306
0.23676640000000002,0.0018343565247688886
0.2367872,0.016578503394379836
0.23680800000000002,0.01293553929656622
0.2368288,0.000628610031794952
0.23684960000000002,-0.009969944027864502
0.2368704,-0.0030479939208191732
0.2368912,0.06403377252272947
0.236912,0.020075053465331127
0.2369328,0.05782683630186665
0.23695360000000001,0.04589444308979248
0.2369744,0.031703189287039746
0.23699520000000002,0.018761640309512113
0.237016,-0.014525893434081423
0.23703680000000002,0.02129088739985118
0.2370576,0.054606191365002124
0.23707840000000002,-0.008296668710627265
0.2370992,0.007954301737074553
0.23712,0.043044846832660535
0.2371408,0.017535079446738766
0.2371616,0.03931767322870587
0.23718240000000002,0.016752337659713214
0.2372032,0.025361097649854447
0.23722400000000002,0.013666802646011127
0.2372448,0.011822238339515876
0.23726560000000002,0.016342980623406115
0.2372864,0.03057100747212177
0.2373072,0.017957371756303988
0.237328,-0.02187963354083031
0.2373488,0.02108659789024977
0.23736960000000001,0.05013195786251366
0.2373904,0.01532647133004832
0.23741120000000002,-0.007048209165678412
0.237432,0.015065892520099107
0.23745280000000002,-0.008259261452151313
0.2374736,0.04504008704469495
0.23749440000000002,0.025419347024445118
0.2375152,0.026935898476202886
0.237536,0.015252886674296237
0.2375568,0.032983482963112924
0.2375776,0.021340933636085652
0.23759840000000002,0.048202660702328384
0.2376192,0.03606691894433263
0.23764000000000002,-0.006393960847636611
0.2376608,0.0009760081320858358
0.23768160000000002,0.018276845897360207
0.2377024,0.03320213775957243
0.2377232,0.0168008378798066
0.237744,8.39160348991598e-05
0.2377648,0.005316213886975667
0.2377856,0.017299138018893854
0.2378064,0.051374883937159666
0.23782720000000002,0.003360895677189956
0.237848,0.01000421123126304
0.23786880000000002,0.029621241685840523
0.2378896,0.02571120251519024
0.23791040000000002,0.030552745668714368
0.2379312,0.03130934483509979
0.237952,0.035465949861033505
0.2379728,0.045021224492753094
0.2379936,0.016977790911391025
0.23801440000000001,0.05262962627310895
0.2380352,0.022590669352693365
0.23805600000000002,0.015167379169426768
0.2380768,0.014189187176082934
0.23809760000000002,0.038897913532508877
0.2381184,0.045301886616548236
0.2381392,0.007994176932520617
0.23816,0.038568627748975945
0.2381808,0.031973983787744846
0.2382016,0.006848938690783398
0.2382224,0.023444266638002316
0.23824320000000002,0.03766919159137608
0.238264,0.05673453630330961
0.23828480000000002,0.029089050685818116
0.2383056,0.015825756474533784
0.23832640000000002,0.01302164029841534
0.2383472,0.010631167745069427
0.238368,0.042940425805752996
0.2383888,0.0073089563864994975
0.2384096,0.017230495670535945
0.23843040000000001,0.008381813876869693
0.2384512,0.02651770497069653
0.23847200000000002,0.034549365623438244
0.2384928,0.04471570888666813
0.23851360000000002,0.05120948590899979
0.2385344,0.016250804627762364
0.2385552,0.005536230310609663
0.238576,0.041171293753769586
0.2385968,0.029327102238779816
0.2386176,0.022726396134317796
0.2386384,0.017132855408407692
0.23865920000000002,0.0272824963022368
0.23868,0.00022440675220860087
0.23870080000000002,0.008086065971441295
0.2387216,0.016556622728308663
0.23874240000000002,0.025648822538163092
0.2387632,0.028384475673150875
0.238784,0.00945547127245644
0.2388048,0.019127803482668675
0.2388256,0.020812086166229073
0.23884640000000001,0.033650135749371646
0.2388672,0.02809203274726948
0.23888800000000002,0.0008750320202989721
0.2389088,0.029331711621909985
0.23892960000000002,0.058336031735855574
0.2389504,-0.015313995824249993
0.23897120000000002,0.02679443058726584
0.238992,0.006316517182302006
0.2390128,-0.01465798441523978
0.2390336,0.020154535701733076
0.2390544,0.034754518550104425
0.23907520000000002,-0.011592680599493262
0.239096,0.013883974347226
0.23911680000000002,0.03435692176146345
0.2391376,0.0010857020401981304
0.23915840000000002,0.01854871006072855
0.2391792,0.01271616750989605
0.2392,-0.01980085836518756
0.2392208,0.027044675315815933
0.2392416,-0.0002545606090017666
0.23926240000000001,0.02651010685148155
0.2392832,-0.018767983676320044
0.23930400000000002,-0.020430193918913646
0.2393248,-0.005571494323903856
0.23934560000000002,0.043688407808151364
0.2393664,0.014140902352029609
0.23938720000000002,0.01665155041304027
0.239408,-0.006043769484218385
0.2394288,-0.026262802726059423
0.2394496,-0.0334160248841616
0.2394704,-0.016421720386156878
0.23949120000000002,0.00850268103574605
0.239512,0.03867565924487438
0.23953280000000002,-0.030041846621734904
0.2395536,-0.039476253878244535
0.23957440000000002,0.01849476221788002
0.2395952,0.02401380568397913
0.239616,0.004713809407348769
0.2396368,-0.021285979477295065
0.2396576,0.023070922448915385
0.2396784,-0.019414328720015698
0.2396992,0.049456393909978864
0.23972000000000002,-0.006084846904920758
0.2397408,-0.017503492956473424
0.23976160000000002,-0.0157263023428884
0.2397824,0.04832589165454923
0.23980320000000002,0.009671178371196415
0.239824,0.005687727693323177
0.2398448,-0.026288919667749627
0.2398656,0.001492209611395295
0.2398864,-0.007552729957197975
0.23990720000000001,0.023185608325995012
0.239928,-0.021629701551864916
0.23994880000000002,0.023832031379099863
0.2399696,-0.025321459844351687
0.23999040000000002,-0.024687977217146922
0.2400112,-0.0035165291197020157
0.240032,-0.004416657893343986
0.2400528,-0.04194815899924777
0.2400736,-0.03773652988413643
0.2400944,-0.028108301704340987
0.2401152,0.004599519722665266
0.24013600000000002,0.01205380133347313
0.2401568,0.0066547293877712976
0.24017760000000002,-0.0022097138776683133
0.2401984,0.0023199977381789996
0.24021920000000002,-0.023063123556321112
0.24024,-0.0073139798137767855
0.2402608,-0.017510190176820026
0.2402816,-0.021517862183938405
0.2403024,0.02634171599418786
0.24032320000000001,-0.012099543987014415
0.240344,0.010184634076218353
0.24036480000000002,-0.0340572699366713
0.2403856,-0.01947265258362882
0.24040640000000002,-0.026465490541539134
0.2404272,-0.022456150931150092
0.240448,-0.018031972129770996
0.2404688,-0.0076641195172624105
0.2404896,-0.01299998282207271
0.2405104,-0.02575641966851018
0.2405312,0.016889660453167317
0.24055200000000002,-0.030245402371795113
0.2405728,0.005655398132693525
0.24059360000000002,-0.026828949132813872
0.2406144,-0.03675303663538543
0.24063520000000002,0.009510253722215062
0.240656,-0.04407861091224952
0.2406768,-0.035836712071508056
0.2406976,-0.005915787187602004
0.2407184,-0.02375412693053499
0.24073920000000001,-0.042572481038219326
0.24076,-0.015639793058580147
0.24078080000000002,0.010077711212185349
0.2408016,-0.006317650017286788
0.24082240000000002,-0.013330699925498447
0.2408432,-0.007135917624082716
0.24086400000000002,-0.028997825712563825
0.2408848,2.1814744895976707e-05
0.2409056,-0.01950472497392909
0.2409264,-0.04840564418744881
0.2409472,-0.03567376011461509
0.24096800000000002,-0.018315214092963338
0.2409888,-0.017366932237838938
0.24100960000000002,-0.02155037279299092
0.2410304,-0.040018018249549425
0.24105120000000002,-0.01416571187005956
0.241072,-0.03828628526329289
0.2410928,-0.05673252929167047
0.2411136,-0.03144066462417153
0.2411344,0.006623955421346566
0.24115520000000001,0.0016159615881244788
0.241176,-0.020727411215136073
0.24119680000000002,5.823607462930938e-05
0.2412176,-0.008436022781983797
0.24123840000000002,-0.03330548289049839
0.2412592,-0.003917488497831825
0.24128000000000002,-0.022704872505348635
0.2413008,-0.024405613034049718
0.2413216,-0.006554168262076008
0.2413424,-0.03665741883096353
0.2413632,-0.011513123059831943
0.24138400000000002,0.007986255532811924
0.2414048,0.005084220529370433
0.24142560000000002,-0.02009332242410549
0.2414464,0.0037243070960613044
0.24146720000000002,-0.0457566022267657
0.241488,-0.006313822740212586
0.2415088,-0.030016530515813683
0.2415296,0.006382288303339759
0.2415504,-0.0182118664746292
0.2415712,-0.013388425085676007
0.241592,-0.011050950047326532
0.24161280000000002,-0.038477954958256254
0.2416336,-0.07647983078483224
0.24165440000000002,-0.033680639662982625
0.2416752,-0.018484132516119325
0.24169600000000002,0.012506605518424928
0.2417168,-0.017851052733514994
0.2417376,-0.0036901436470127905
0.2417584,-0.018085942774934985
0.2417792,-0.01458517407606268
0.24180000000000001,-0.0020875250992938178
0.2418208,-0.020799140255290928
0.24184160000000002,0.004126458786561649
0.2418624,0.023353584239904093
0.24188320000000002,0.011241090965042243
0.241904,-0.031877259945659944
0.2419248,0.0037559510578361564
0.2419456,0.0019445014087259953
0.2419664,0.008377495741528903
0.2419872,-0.01701978239721878
0.242008,0.011751352494726494
0.24202880000000002,-0.005918030323399031
0.2420496,-0.019985540787501636
0.24207040000000002,0.008064397240284323
0.2420912,-0.01564854739373642
0.24211200000000002,-0.041189392738368434
0.2421328,-0.010305583533572946
0.2421536,-0.03800025135803158
0.2421744,-0.02492013631243626
0.2421952,-0.00842776144564228
0.24221600000000001,-0.053100411180068516
0.2422368,-0.024300763005805283
0.24225760000000002,-0.01907619867747741
0.2422784,-0.03022141564332493
0.24229920000000002,-0.030002232617224768
0.24232,-0.043121448062664006
0.2423408,-0.026663652773965554
0.2423616,-0.02717863278364791
0.2423824,-6.724018657963855e-05
0.2424032,-0.011548037823619385
0.242424,0.013844864241892246
0.24244480000000002,0.006731576714831376
0.2424656,-5.5494505704885635e-05
0.24248640000000002,0.006427217154996591
0.2425072,-0.01824101977409219
0.24252800000000002,0.02832226538597764
0.2425488,0.013537540010646991
0.2425696,-0.008679736319188969
0.2425904,-0.007933823628013814
0.2426112,-0.007561181868420996
0.24263200000000001,-0.02537928273135495
0.2426528,0.01320182620848737
0.24267360000000002,-0.024259279818162203
0.2426944,0.005962265148320134
0.24271520000000002,0.0025965566471792528
0.242736,-0.007245395505605538
0.24275680000000002,0.007677712670579305
0.2427776,0.012114049420903349
0.2427984,-0.027323700188807386
0.2428192,-0.04231114210116274
0.24284,-0.011313751981881715
0.24286080000000002,0.012042206124912252
0.2428816,0.0056543307943072415
0.24290240000000002,0.007675416406488124
0.2429232,0.006962426754796117
0.24294400000000002,0.02976903828561806
0.2429648,-0.0186192462487853
0.2429856,-0.002173564392919698
0.2430064,0.05041016223461927
0.2430272,-0.027600586100027698
0.24304800000000001,-0.02764515934640957
0.2430688,-0.011169636035711496
0.24308960000000002,0.002419457471174784
0.2431104,0.009368140088345885
0.24313120000000002,0.00011053387485360482
0.243152,0.018674318056596757
0.24317280000000002,0.03482100354395278
0.2431936,0.005085337436523578
0.2432144,-0.019437872230592602
0.2432352,-0.002213151542987871
0.243256,0.001948353570147476
0.24327680000000002,0.014429154492596588
0.2432976,-0.013649066282426962
0.24331840000000002,0.03222137920136447
0.2433392,0.01112216514588702
0.24336000000000002,0.03462109069347401
0.2433808,-0.003975309079536275
0.2434016,-0.0034180960454562445
0.2434224,0.06263756620274512
0.2434432,-0.033124664215878494
0.243464,0.00125661887338409
0.2434848,0.0037791847073611164
0.24350560000000002,-0.004039525261962209
0.2435264,-0.012744324530006377
0.24354720000000002,0.02908175760988941
0.243568,0.0008217586154409349
0.24358880000000002,-0.0031761177328912295
0.2436096,0.015021328349203155
0.2436304,0.005403050825521709
0.2436512,-0.013000216986392182
0.243672,-0.01787643784239669
0.24369280000000001,0.012375368369846424
0.2437136,0.0274841638325592
0.24373440000000002,0.012271425920019298
0.2437552,0.02430458391134644
0.24377600000000002,0.024704822475905858
0.2437968,-0.0063541879442310985
0.2438176,0.02955435288855212
0.2438384,0.01718697010493736
0.2438592,0.05743081989526898
0.24388,0.025896165574102792
0.2439008,-0.0005322796881140641
0.24392160000000002,0.014790725261374767
0.2439424,-0.028383634016333217
0.24396320000000002,0.0022207800153847598
0.243984,0.021648403283239775
0.24400480000000002,0.023402261584017786
0.2440256,0.030919673951374092
0.2440464,0.00629635397517315
0.2440672,-0.0030749275032796695
0.244088,0.0021911782550838865
0.24410880000000001,-0.007129291708462876
0.2441296,0.04645168967552305
0.24415040000000002,-0.005837343031755751
0.2441712,-0.009846881363377656
0.24419200000000002,0.053409779020792775
0.2442128,0.007459837683693212
0.2442336,0.028034997990739753
0.2442544,0.0227749979245791
0.2442752,0.0041087099290143606
0.244296,0.017245930679631077
0.2443168,0.04199204609436362
0.24433760000000002,0.007560057962589855
0.2443584,-0.022938603041691225
0.24437920000000002,-0.03043224772952023
0.2444,-0.008397011444042118
0.24442080000000002,0.010634345858746107
0.2444416,0.03176033273907084
0.2444624,0.036757975979499154
0.2444832,0.04125233862603833
0.244504,0.039269716691615386
0.24452480000000001,0.05182186467630216
0.2445456,0.013740777898466235
0.24456640000000002,0.020873729655362064
0.2445872,-0.030981849180676
0.24460800000000002,0.016107202245639832
0.2446288,0.048306317809542934
0.24464960000000002,0.011834248908986069
0.2446704,0.031177284880344446
0.2446912,0.014488538516202312
0.244712,0.022932369717525946
0.2447328,0.0036277112742233945
0.24475360000000002,0.02394768389530201
0.2447744,-0.0018657206057125404
0.24479520000000002,0.022173373763231703
0.244816,-0.00039190577102101234
0.24483680000000002,0.004297081400655172
0.2448576,0.03603827880209212
0.2448784,-0.0021702548257500655
0.2448992,0.02695884615786127
0.24492,0.03247659750596388
0.24494080000000001,-0.002349870004675545
0.2449616,-0.0051679461259525605
0.24498240000000002,-0.0027640013598328045
0.2450032,0.030548891654503058
0.24502400000000002,0.011819212253184917
0.2450448,0.02061206646517192
0.24506560000000002,0.04870616383676462
0.2450864,0.006020174459516083
0.2451072,0.03667701011676771
0.245128,0.01336876012851609
0.2451488,0.009273837977158726
0.24516960000000002,-0.011831948450635331
0.2451904,-0.002706010664280018
0.24521120000000002,0.061891937308952996
0.245232,0.01873744744950068
0.24525280000000002,-0.0028040608409440233
0.2452736,0.03969953210426087
0.2452944,0.026737643815564163
0.2453152,0.02939496894190441
0.245336,0.030150636126583558
0.2453568,-0.024356849885077532
0.2453776,-0.021845666418147322
0.24539840000000002,0.006337292106087199
0.2454192,0.017164122993295325
0.24544000000000002,0.01149335481118856
0.2454608,0.028066444693961395
0.24548160000000002,-0.013610603868909495
0.2455024,0.03214381415150333
0.2455232,-0.03276199242945498
0.245544,0.0126518140434417
0.2455648,0.02112898999304895
0.24558560000000001,0.02154768941289116
0.2456064,0.022859110219971383
0.24562720000000002,0.011742029189171495
0.245648,0.0099076360568811
0.24566880000000002,-0.017734247685145407
0.2456896,0.010017187340691368
0.2457104,0.003383430503063365
0.2457312,0.013792307322828835
0.245752,-0.005892992871226219
0.2457728,-0.02108685848423937
0.2457936,0.0332997996689539
0.24581440000000002,-0.03096324614509021
0.2458352,-0.0004657556619890174
0.24585600000000002,0.03416049286840854
0.2458768,0.03499963127021524
0.24589760000000002,-0.030088679169642557
0.2459184,0.020772066217648665
0.2459392,-0.007259333808375253
0.24596,0.012575040574073895
0.2459808,0.01778353635734973
0.24600160000000001,0.022052452552625425
0.2460224,-0.034708508498955785
0.24604320000000002,-0.014357041133038751
0.246064,0.016189632794360243
0.24608480000000002,0.015435939990822016
0.2461056,0.036420119557313675
0.2461264,0.018917952823049387
0.2461472,0.02692996411574972
0.246168,0.02471770187946672
0.2461888,0.017276825045482294
0.2462096,-0.026723603333321338
0.24623040000000002,0.03958230968177601
0.2462512,0.008431017136488349
0.24627200000000002,-0.009138454964511466
0.2462928,-0.005033294788767485
0.24631360000000002,-0.013527756894434695
0.2463344,-0.0010777202669571713
0.2463552,-0.035569622472706876
0.246376,0.01730775766807923
0.2463968,-0.02269733399176101
0.24641760000000001,0.018885809623102507
0.2464384,-0.01371835547524633
0.24645920000000002,0.010561157453904395
0.24648,0.02450788890261446
0.24650080000000002,0.006181014901232943
0.2465216,-0.0030691016951333804
0.24654240000000002,-5.8982259074459326e-05
0.2465632,-0.008738382639791695
0.246584,-0.008843033696235625
0.2466048,0.03656910760194072
0.2466256,-0.0280609165916258
0.24664640000000002,-0.020959114613263916
0.2466672,-0.01489758701312913
0.24668800000000002,-0.006531412757894678
0.2467088,0.00691765529891544
0.24672960000000002,-0.008563395610638243
0.2467504,0.014495862897935578
0.2467712,-0.0280717841198198
0.246792,0.0005957246795459618
0.2468128,-0.0029803815947919447
0.24683360000000001,-0.028318634840750707
0.2468544,-0.010070459693883173
0.24687520000000002,-0.015268733588493049
0.246896,-0.02202089854037171
0.24691680000000002,-0.025320548586785126
0.2469376,0.009267637479188264
0.24695840000000002,-0.025189641497643883
0.2469792,0.00934597099244787
0.247,0.011459473739838001
0.2470208,0.002406130711543341
0.2470416,0.0026755032913152055
0.24706240000000002,-0.04110557460582129
0.2470832,-0.007191225328562657
0.24710400000000002,0.00405190476853772
0.2471248,0.00616460793092137
0.24714560000000002,0.015410363131288247
0.2471664,0.003730087318603279
0.2471872,-0.012824067071531688
0.247208,-0.02195405912176949
0.2472288,-0.02582580847959264
0.2472496,-0.010441511660172815
0.2472704,-0.01634985366836501
0.24729120000000002,0.01585418535184116
0.247312,-0.02244331684788805
0.24733280000000002,-0.03136345355355598
0.2473536,-0.025593471196744336
0.24737440000000002,0.03476289757685662
0.2473952,-0.010148924781077621
0.247416,-0.037879495931277984
0.2474368,0.017152902555289666
0.2474576,-0.0182076251189289
0.24747840000000002,-0.008871143761985823
0.2474992,-0.02696859230165049
0.24752000000000002,-0.00018432117742626236
0.2475408,0.001918167111765406
0.24756160000000002,-0.02926925056366582
0.2475824,-0.012325575209044074
0.2476032,-0.04142977699852917
0.247624,0.014369010069968706
0.2476448,-0.0334243078842019
0.2476656,-0.03158615030806756
0.2476864,-0.03384659200577944
0.24770720000000002,-0.035550362972548925
0.247728,-0.011382108169577331
0.24774880000000002,-0.026823604648044737
0.2477696,-0.0014301541562647575
0.24779040000000002,-0.004220811450878718
0.2478112,0.008928652643329158
0.247832,0.013608891935334233
0.2478528,-0.028315526256159976
0.2478736,-0.012990866361992766
0.24789440000000001,-0.03291439840625808
0.2479152,-0.018875831162763767
0.24793600000000002,-0.0014013186594024167
0.2479568,-0.00637989342005307
0.24797760000000002,-0.02775330608671477
0.2479984,-0.004656102359570629
0.2480192,-0.013175349334680017
0.24804,-0.0028396592652317892
0.2480608,-0.06259776905718872
0.2480816,-0.03299797013643624
0.2481024,0.00601790920458046
0.24812320000000002,-0.04623675287107806
0.248144,-0.02302770868814709
0.24816480000000002,-0.01960804230076261
0.2481856,-0.029067096737587596
0.24820640000000002,-0.021576285284911005
0.2482272,-0.010747298390138613
0.248248,-0.017335289631650423
0.2482688,-0.02516104960621536
0.2482896,-0.0023331301890722744
0.24831040000000001,0.003655929172118143
0.2483312,0.003330155175393425
0.24835200000000002,-0.051944856019261756
0.2483728,0.014219662269388022
0.24839360000000002,-0.0046302789404914675
0.2484144,-0.016784937048894655
0.24843520000000002,0.007720761669136985
0.248456,0.004050247660746379
0.2484768,0.005477823756162941
0.2484976,-0.02783849633348552
0.2485184,-0.046431273436925796
0.24853920000000002,0.018537516452033033
0.24856,-0.00030900966901115795
0.24858080000000002,-0.020697471931133554
0.2486016,-0.020048706233817028
0.24862240000000002,-0.015317008511844622
0.2486432,0.004958108319235243
0.248664,-0.035468137487272455
0.2486848,-0.027979207920266064
0.2487056,0.03770814390687251
0.24872640000000001,-0.036569266811133525
0.2487472,-0.0002837535340067931
0.24876800000000002,-0.005509743774283687
0.2487888,-0.006904033632211435
0.24880960000000002,0.016211632055452913
0.2488304,-0.01719853447009196
0.24885120000000002,0.0149365377455606
0.248872,-0.008215664487087507
0.2488928,-0.021956280995088874
0.2489136,-0.02339763182748905
0.2489344,-0.019089882515994333
0.24895520000000002,0.010631031554119777
0.248976,0.013450240003204108
0.24899680000000002,-0.005949674596745903
0.2490176,-0.023239350999801126
0.24903840000000002,-0.02547073608044871
0.2490592,-0.010478378469143259
0.24908,0.02073847498582572
0.2491008,0.00870045300689969
0.2491216,-0.01252705060230637
0.2491424,0.023853547039152163
0.2491632,-0.03820431289634647
0.24918400000000002,-0.046686456330660715
0.2492048,-0.03632963023930408
0.24922560000000002,0.012886011882778253
0.2492464,-0.028024171178729997
0.24926720000000002,-0.01486723152970475
0.249288,-0.004393476476247402
0.2493088,-0.015418859257528079
0.2493296,0.01309299399613055
0.2493504,0.0038524284330361367
0.24937120000000002,-0.00856045133803622
0.249392,0.012364237907729995
0.24941280000000002,-0.043208069677456724
0.2494336,0.020987436914202018
0.24945440000000002,-0.012835151862732059
0.2494752,-0.020867070039893347
0.249496,-0.002086581928143256
0.2495168,0.00995626088141708
0.2495376,-0.0009509804383242095
0.2495584,0.006735360109291484
0.2495792,-0.005013152425782829
0.24960000000000002,-0.013235671531442256
0.2496208,0.0311060787976615
0.24964160000000002,0.0213433865007551
0.2496624,-0.028975537506578407
0.24968320000000002,0.011529048276857674
0.249704,-0.01630529563183508
0.2497248,-0.015204538987315623
0.2497456,0.009321180497694441
0.2497664,0.021071302831901065
0.24978720000000001,0.03355407422215059
0.249808,0.02366083762280042
0.24982880000000002,-0.008499890993299893
0.2498496,-0.009067500067985028
0.24987040000000002,-0.012152787719817584
0.2498912,-0.0033815505424230506
0.249912,0.03566087029730093
0.2499328,0.010863147858390855
0.2499536,0.00859734268629469
0.2499744,-0.05957526266898328
0.2499952,0.010000802751228798
0.250016,-0.009527384396527467
0.2500368,-0.00013090403308474528
0.2500576,0.01218537585787605
0.25007840000000003,0.019238816539542066
0.2500992,-0.008270523350032314
0.25012,-0.010343679420915458
0.2501408,0.0076209716679058
0.2501616,-0.007600946077725137
0.2501824,0.036196840654565944
0.2502032,-0.0024936073460530674
0.250224,-0.028608590697850773
0.2502448,0.006220198009746357
0.25026560000000003,-0.005505221869474546
0.2502864,0.003994796214359733
0.2503072,0.007798824210544207
0.250328,0.02960355331879942
0.2503488,0.03225425374380962
0.2503696,-0.0003251486614959352
0.2503904,-0.02841949961193743
0.2504112,-0.034763969502525846
0.250432,0.04421030527416853
0.25045280000000003,0.005834475780806073
0.2504736,0.020598637449322513
0.2504944,-0.00020128392016070112
0.2505152,0.012687839316513946
0.25053600000000004,0.02379762419598224
0.2505568,-0.00018123736429146407
0.2505776,0.006946437585028194
0.2505984,0.01925132612523308
0.2506192,-0.014590282158280003
0.25064000000000003,-0.009157041896652061
0.2506608,0.020574834745397466
0.2506816,0.0008962675417108299
0.2507024,0.005269182155819358
0.25072320000000003,-0.02137818202002443
0.250744,0.018589113096851025
0.2507648,0.01810514107223061
0.2507856,0.04998400676221519
0.2508064,0.009884907919111086
0.25082720000000003,0.006273332951346746
0.250848,0.027745668926966564
0.2508688,0.012217136407403881
0.2508896,0.04265854955007607
0.25091040000000003,0.012096632619515824
0.2509312,0.009554315995578998
0.250952,0.028121659174657494
0.2509728,0.03675813195681298
0.2509936,0.022679456516074427
0.2510144,0.03941428631835603
0.2510352,-0.01268126910041198
0.251056,0.013441453643375921
0.2510768,0.022044145818514924
0.25109760000000003,0.04577539767468807
0.2511184,-0.012406716771695919
0.2511392,0.0453720674411943
0.25116,0.012032465005501269
0.2511808,0.0302454861739554
0.2512016,0.02043676464023067
0.2512224,-0.027855994597243187
0.2512432,0.001093647911744067
0.251264,0.0164322753359907
0.25128480000000003,0.0004498145857624713
0.2513056,0.0014913909778627964
0.2513264,0.01630170610068145
0.2513472,0.008283284013910762
0.25136800000000004,0.008065892721307935
0.2513888,0.02426995157018155
0.2514096,0.0027033534930426
0.2514304,-0.01538608279579445
0.2514512,-0.007781070759482098
0.25147200000000003,0.017113974855903283
0.2514928,-0.014749556816685976
0.2515136,0.0012453016297833252
0.2515344,0.022175475578484594
0.25155520000000003,-0.0021681416049813534
0.251576,4.500245887478771e-05
0.2515968,-0.016289734889825165
0.2516176,0.02830152654944329
0.2516384,0.025821907449853347
0.2516592,0.005840026599712059
0.25168,0.02493417110188555
0.2517008,-0.0017759727134055193
0.2517216,-0.012763059784936354
0.25174240000000003,-0.018165905358881948
0.2517632,0.022616440456859663
0.251784,-0.0057444584934560425
0.2518048,0.01855615787568981
0.2518256,0.005331413068889877
0.2518464,0.030479799324113863
0.2518672,0.01465106938798414
0.251888,-0.011036066757989306
0.2519088,-0.01920814344532188
0.25192960000000003,0.006390095952464172
0.2519504,0.028813746562227585
0.2519712,0.009746092356810777
0.251992,0.036615228776058314
0.25201280000000004,0.03166619092417112
0.2520336,0.002222482941386922
0.2520544,-0.0023849306212044043
0.2520752,0.00036058764312002153
0.252096,0.0060150229360797555
0.25211680000000003,0.01581957501437042
0.2521376,0.013347078685270368
0.2521584,-0.01312916780301593
0.2521792,0.010068693892861608
0.25220000000000004,0.004318195374671942
0.2522208,0.022927103487694937
0.2522416,-0.01572095559320322
0.2522624,0.037033155362326646
0.2522832,0.009361949901551724
0.25230400000000003,-0.0004703210408535377
0.2523248,0.002037703132321816
0.2523456,-0.007323496423703545
0.2523664,0.014019319761684107
0.25238720000000003,0.027034104784197033
0.252408,0.012596529374373331
0.2524288,0.01102911806557447
0.2524496,0.024339666361628175
0.2524704,0.03862883995113841
0.2524912,0.028191129917855724
0.252512,-0.03506613209337954
0.2525328,0.009853147080191454
0.2525536,0.013179917922746623
0.25257440000000003,0.007987440110242468
0.2525952,0.012058553471584906
0.252616,0.03929163575494241
0.2526368,0.012630578236433647
0.2526576,0.0063611898287026
0.2526784,0.0035833250561277813
0.2526992,-0.025186422110079588
0.25272,-0.020856280797279636
0.2527408,-0.028390347909860447
0.25276160000000003,0.036268389956957144
0.2527824,0.00607810046240552
0.2528032,-0.018676880405142482
0.252824,-0.0028483007895161545
0.25284480000000004,0.003876830720677002
0.2528656,-0.007707650657732628
0.2528864,0.026393354150374915
0.2529072,0.009715828054713044
0.252928,0.021003841327264742
0.25294880000000003,-0.011967268985848559
0.2529696,-0.022788934354482995
0.2529904,-0.0038483595057247177
0.2530112,-0.0016290653758361624
0.25303200000000003,0.015471564247549502
0.2530528,-0.037922836730935966
0.2530736,0.018614539096359132
0.2530944,-0.0006825838467998802
0.2531152,0.004501931711660637
0.253136,0.01788121860574108
0.2531568,-0.013305140176115124
0.2531776,-0.001785529317659865
0.2531984,0.008437085375175736
0.25321920000000003,-0.006795314098087675
0.25324,-0.026059949715036494
0.2532608,0.009336566080428155
0.2532816,-0.006459817044477935
0.2533024,-0.008968796181109576
0.2533232,0.0071142061111757375
0.253344,-0.01487016304328626
0.2533648,0.025423208162530932
0.2533856,0.015396241775074253
0.25340640000000003,0.02591896776451481
0.2534272,-0.015233769187400662
0.253448,-0.0026917113663425182
0.2534688,-0.008856348783921539
0.2534896,-0.01450275886064103
0.2535104,-0.022137243137120458
0.2535312,-0.009069607927072168
0.253552,-0.006337278185537483
0.2535728,-0.02188880012915087
0.25359360000000003,-0.050335726696351744
0.2536144,-0.02386964791520845
0.2536352,0.0282759693858587
0.253656,-0.014111974475790377
0.25367680000000004,0.013928833572081693
0.2536976,-0.022999005521715875
0.2537184,-0.04310725626727738
0.2537392,-0.0005688187438788262
0.25376,0.006850898708643077
0.25378080000000003,0.0013165900524486447
0.2538016,-0.007295731390909261
0.2538224,-0.007744004081804256
0.2538432,0.011219845365845346
0.25386400000000003,-0.017510699314788977
0.2538848,-0.004021547788023478
0.2539056,0.029976779268899603
0.2539264,-0.04607563249630049
0.2539472,-0.0005759302862210344
0.253968,0.03351947219954674
0.2539888,-0.041664607340533275
0.2540096,-0.0422577662175017
0.2540304,-0.021769933231727684
0.25405120000000003,-0.012985309385396448
0.254072,0.022914317766408114
0.2540928,-0.02284843729005103
0.2541136,-0.04226012473168154
0.2541344,0.022351836116340867
0.2541552,-0.01222560748218561
0.254176,-0.005714420485478974
0.2541968,-0.0087895227155384
0.2542176,-0.03219923702878477
0.25423840000000003,-0.022587193549603236
0.2542592,0.0028823536850726954
0.25428,0.006597697158987781
0.2543008,-0.03998586541369981
0.25432160000000004,-0.006132565785894822
0.2543424,-0.02929600203662794
0.2543632,0.007202590497158131
0.254384,-0.012785801820309958
0.2544048,-0.015881975005243573
0.25442560000000003,-0.0027106873224929063
0.2544464,0.02593595094496352
0.2544672,-0.004693664751883368
0.254488,0.038119312839605624
0.25450880000000004,0.003102805128138047
0.2545296,-0.002771871029276375
0.2545504,-0.002857774329418414
0.2545712,-0.002486582825859905
0.254592,-0.00581698162925508
0.25461280000000003,0.03985733305074346
0.2546336,-0.03017851599963077
0.2546544,-0.005180140900065918
0.2546752,-0.007571941656376367
0.25469600000000003,-0.0024929008944683884
0.2547168,-0.008188309037993738
0.2547376,0.011705067142265197
0.2547584,-0.031111802164140945
0.2547792,0.016533704682602665
0.2548,0.01887175082348323
0.2548208,-0.01651720883140343
0.2548416,0.0027106876119521017
0.2548624,-0.040195842632071516
0.25488320000000003,0.015528416491829511
0.254904,0.014890000809386806
0.2549248,0.026333191915261095
0.2549456,-0.006447546587420277
0.2549664,0.03723218651656244
0.2549872,0.012265455361558129
0.255008,0.018143067121864868
0.2550288,0.011981274244418376
0.2550496,-0.0043636806371915955
0.25507040000000003,-0.02128246012436981
0.2550912,0.0013523439698171075
0.255112,-0.013869878449289802
0.2551328,0.018500986155811448
0.25515360000000004,-0.024451444042460517
0.2551744,-0.025976054691308762
0.2551952,0.004487642595821238
0.255216,-0.01885465912866196
0.2552368,0.00938189711320483
0.25525760000000003,0.003549767341380022
0.2552784,0.014097039594971295
0.2552992,0.007940440938338922
0.25532,-0.006806714883101616
0.25534080000000003,-0.012824395133799571
0.2553616,-0.00969479270631616
0.2553824,0.009388634446755004
0.2554032,-0.007368296013823404
0.255424,0.02859822888598307
0.2554448,0.033267306491845644
0.2554656,-0.019434840281089317
0.2554864,0.011439334808950905
0.2555072,-0.03148524792063026
0.25552800000000003,-0.01411264382513316
0.2555488,0.023050791230605022
0.2555696,-0.030128371093211436
0.2555904,-0.012673360206414156
0.2556112,-0.008979605378868275
0.255632,-0.0367802886637484
0.2556528,-0.025978125224797987
0.2556736,0.008297179662658298
0.2556944,-0.0015189098971931255
0.25571520000000003,0.017719721107245907
0.255736,-0.010988816436355728
0.2557568,-0.051082439538668714
0.2557776,-0.005480829948611149
0.25579840000000004,-0.028870466681076436
0.2558192,0.01038298270470318
0.25584,-0.022291856874956318
0.2558608,0.03618212371408953
0.2558816,-0.03849596612884092
0.25590240000000003,-0.012399799917313097
0.2559232,0.0432572131238991
0.255944,0.013094626353360412
0.2559648,0.003782660034547651
0.25598560000000004,0.015569058940511013
0.2560064,0.027073111978618877
0.2560272,-0.019042393347382645
0.256048,0.0032155737339966363
0.2560688,0.02920158686775848
0.25608960000000003,0.01982777797314059
0.2561104,-0.012247791572567855
0.2561312,0.007748157048062475
0.256152,0.015867893612037897
0.25617280000000003,-0.024376763282601435
0.2561936,0.02491580107816029
0.2562144,0.026872333461564812
0.2562352,-0.029051924499217778
0.256256,-0.007816260127755867
0.2562768,-0.015019438252471994
0.2562976,-0.02746116948196378
0.2563184,-0.01326385168838133
0.2563392,-0.03279107206510053
0.25636000000000003,0.017668074783253804
0.2563808,0.00991474049357821
0.2564016,-0.030543260819053474
0.2564224,-0.027597788104694206
0.2564432,0.017702414922377785
0.256464,-0.007727734830607912
0.2564848,0.029809718750054906
0.2565056,-0.008364299170558549
0.2565264,-0.004375222409246731
0.25654720000000003,0.005026252274055936
0.256568,-0.017742435488538093
0.2565888,-0.004983008015076012
0.2566096,0.010591459582435537
0.25663040000000004,0.05391737372175131
0.2566512,-0.002862720910985023
0.256672,0.008439132735078077
0.2566928,-0.01736477378606225
0.2567136,-0.0008063703040635441
0.25673440000000003,-0.015417164940438126
0.2567552,-0.014676152498789261
0.256776,-0.013008833913283734
0.2567968,-0.01839387211290556
0.25681760000000003,0.022239833123845545
0.2568384,0.01684750624822441
0.2568592,-0.027166514135022038
0.25688,0.030029140567595317
0.2569008,0.013565825827209584
0.2569216,-0.0020113922384871682
0.2569424,-0.01902371444681269
0.2569632,0.007032719643877236
0.256984,0.012905581343448217
0.25700480000000003,-0.023469528899190843
0.2570256,-0.027706385175761173
0.2570464,0.03050167947063504
0.2570672,-0.012873927761858773
0.257088,0.012222062740151895
0.2571088,-0.007420214509078243
0.2571296,-0.006926078562862052
0.2571504,0.02809490704641689
0.2571712,-0.009679551406992316
0.25719200000000003,0.03949321294804313
0.2572128,0.02055864793515321
0.2572336,0.04956937512871918
0.2572544,0.006887844287770894
0.2572752,0.005229087305480443
0.257296,0.005888353122856061
0.2573168,0.014866638904564921
0.2573376,0.04046192400945795
0.2573584,-0.015752369488953494
0.25737920000000003,0.04808413582352304
0.2574,0.01414352941753855
0.2574208,0.00022151066696238578
0.2574416,-0.0006709116334488339
0.25746240000000004,0.02828559672311579
0.2574832,0.021956770997882506
0.257504,0.0230760221910122
0.2575248,0.014117623320369943
0.2575456,0.03576302252639289
0.25756640000000003,0.01739789733850687
0.2575872,-5.598211946137091e-05
0.257608,0.017925677554793358
0.2576288,0.013560497448422516
0.25764960000000003,0.01313109542901091
0.2576704,0.03372460630472633
0.2576912,0.013613253269142051
0.257712,-0.01505228781334025
0.2577328,-0.02012292444805549
0.2577536,-0.009481753644782149
0.2577744,-0.015566915906712971
0.2577952,-0.0024811040732602915
0.257816,-3.852718787194023e-05
0.25783680000000003,0.04328083622666291
0.2578576,0.022603069421924117
0.2578784,0.03508363494933399
0.2578992,0.010133792056339942
0.25792,0.0038831506971004565
0.2579408,-0.026212560705326203
0.2579616,-0.00027278630231686654
0.2579824,0.02346956769649574
0.2580032,-0.010894157579317854
0.25802400000000003,0.031181859086127695
0.2580448,0.025004444140504692
0.2580656,0.008708829985527753
0.2580864,0.007643770418164419
0.25810720000000004,0.03658866095800942
0.258128,0.0010124469548655002
0.2581488,0.0007602845313104687
0.2581696,0.0014353756525293214
0.2581904,-0.02005931485947979
0.25821120000000003,-0.0005284896645267132
0.258232,-0.014673468659921592
0.2582528,0.030539907962650242
0.2582736,0.007658509094574703
0.25829440000000004,-0.024674331592633922
0.2583152,0.032743307024947176
0.258336,-0.001944091172292852
0.2583568,-0.0021210733462859923
0.2583776,-0.0015543596843049477
0.25839840000000003,-0.01717623081405215
0.2584192,0.0003262776700149574
0.25844,0.01860453129455181
0.2584608,-0.019976689186795786
0.25848160000000003,0.0023884036411572487
0.2585024,-0.0069519787376607495
0.2585232,0.01731607917321157
0.258544,0.006219251846175431
0.2585648,-0.04178371336846199
0.2585856,0.014898739111752006
0.2586064,0.01947780134584226
0.2586272,-0.015655957244259187
0.258648,-0.004980721416122658
0.25866880000000003,0.0006368000842795684
0.2586896,-0.0017214873382308832
0.2587104,-0.009401910393294095
0.2587312,0.040351365349941166
0.258752,-0.00460334896846713
0.2587728,0.0004759877390688814
0.2587936,0.004323403483783633
0.2588144,0.004766508624111248
0.2588352,0.04183060480086316
0.25885600000000003,0.021492366631641904
0.2588768,0.04278559822110128
0.2588976,-0.006976555717350683
0.2589184,0.026717258921671372
0.25893920000000004,0.010490244670152592
0.25896,0.015605255637951503
0.2589808,-0.028378871950145157
0.2590016,-0.005635971798759212
0.2590224,0.0022244986291479803
0.25904320000000003,-0.0049422318293926544
0.259064,0.01077165137173796
0.2590848,0.013930051611991325
0.2591056,0.018022602507166034
0.25912640000000003,0.010263808124643371
0.2591472,-0.019543857384802903
0.259168,0.014645878326198836
0.2591888,-0.01678120546064003
0.2592096,0.02304035015372509
0.2592304,-0.018311573877691965
0.2592512,0.019260538502850543
0.259272,-0.04813474179681508
0.2592928,0.029881966411758262
0.25931360000000003,0.0035476740657375055
0.2593344,0.010618026883581648
0.2593552,-0.006616588678372443
0.259376,-0.005780220615700268
0.2593968,-0.012087445825601811
0.2594176,0.018360713385387563
0.2594384,-0.003945005210251946
0.2594592,-0.005629721918857982
0.25948,-0.011851813317157053
0.25950080000000003,-0.029710674818198286
0.2595216,-0.018862624691360623
0.2595424,-0.005620541979525642
0.2595632,-0.025500807209025953
0.25958400000000004,0.02765473557854185
0.2596048,-0.0148252721543925
0.2596256,-0.0017187810175238651
0.2596464,0.004834121845131256
0.2596672,-0.025412953811078724
0.25968800000000003,0.00790755361654872
0.2597088,-0.009155515240193765
0.2597296,0.00039070222487592467
0.2597504,-0.006657544522642357
0.25977120000000004,-0.0013957956946910395
0.259792,0.014274752460244643
0.2598128,0.001562899380324197
0.2598336,-0.005579283936714506
0.2598544,0.04048775272338594
0.25987520000000003,-0.0009832202390089918
0.259896,0.0025815976387031972
0.2599168,-0.00418207004928009
0.2599376,0.004459591941226654
0.25995840000000003,-0.027994950275872208
0.2599792,0.020681937907483287
0.26,0.03176476154027983
0.2600208,-0.02157425898975049
0.2600416,0.019621351163698092
0.2600624,0.009776196733327157
0.2600832,-0.0052796267476023576
0.260104,-0.027929763403838157
0.2601248,-0.030713432460524097
0.26014560000000003,-0.0015025182280251647
0.2601664,0.03111007181549396
0.2601872,0.01951372811604432
0.260208,0.028528199494718822
0.2602288,-0.022068687851943977
0.2602496,-0.017656780076235248
0.2602704,-0.012897385276704034
0.2602912,0.02608618314504845
0.260312,-0.022205639668024062
0.26033280000000003,-0.021316374333423396
0.2603536,0.0075709508066592384
0.2603744,-0.006333674990669299
0.2603952,-0.029692424056144837
0.26041600000000004,0.014950380115969416
0.2604368,-0.046824054391555125
0.2604576,-0.012925050642560849
0.2604784,-0.007766274066994291
0.2604992,-0.01836364070926858
0.26052000000000003,-0.008273770671507068
0.2605408,0.0019170116671962155
0.2605616,-0.02821383436219263
0.2605824,0.0014946864423126
0.26060320000000003,-0.016776391947955157
0.260624,-0.013176732502205215
0.2606448,-0.022449700998108536
0.2606656,-0.009299695490108591
0.2606864,-0.012262807561723866
0.26070720000000003,-0.00859723561103148
0.260728,-0.027153372044013614
0.2607488,-0.009906436658676637
0.2607696,-0.007740226638951321
0.26079040000000003,0.024393540973279462
0.2608112,0.0020698622562304566
0.260832,-0.014279016289843552
0.2608528,0.0074663887620145765
0.2608736,0.006813217330991059
0.2608944,-0.012094779041477682
0.2609152,-0.015662083940942758
0.260936,0.031224261154719057
0.2609568,-0.0061610837203744905
0.26097760000000003,0.0013897879462013603
0.2609984,-0.02688337818954782
0.2610192,-0.0093852239333577
0.26104,-0.039674131964185136
0.2610608,-0.006319684093517335
0.2610816,0.004617317173244185
0.2611024,-0.03435926349380008
0.2611232,-0.027252442768637416
0.261144,-0.009170795940921213
0.26116480000000003,0.004512830633415915
0.2611856,-0.006606311740016384
0.2612064,-0.029623456930004656
0.2612272,-0.023555322234144645
0.26124800000000004,-0.011808705356554025
0.2612688,-0.0059521503545893455
0.2612896,-0.02123346374875315
0.2613104,-0.02400786170821778
0.2613312,-0.0045502680638500725
0.26135200000000003,0.0011428253228153414
0.2613728,-0.008606642937814164
0.2613936,-0.019212645953595668
0.2614144,-0.04835419388551676
0.26143520000000003,-0.005803336548711382
0.261456,-0.007071344707063168
0.2614768,-0.017960215422339526
0.2614976,-0.03220675196421038
0.2615184,-0.013413211790980838
0.2615392,0.03256917155557847
0.26156,-0.04157346480389326
0.2615808,-0.027958027943025317
0.2616016,-0.0038073582328061956
0.26162240000000003,-0.03478155717019816
0.2616432,-0.021262794191141222
0.261664,-0.005734155399323537
0.2616848,-0.016857895317791027
0.2617056,-0.01629681312338848
0.2617264,-0.010692231053784041
0.2617472,-0.025969388860734688
0.261768,0.009063347602952233
0.2617888,-0.025472031220475488
0.26180960000000003,-0.024952705419500145
0.2618304,-0.014475024806942623
0.2618512,-0.013452336691205588
0.261872,0.010287169055257128
0.26189280000000004,-0.0006393934334544037
0.2619136,-0.012584606396859937
0.2619344,-0.016561664893003574
0.2619552,-0.02723625940654876
0.261976,0.010964953012372512
0.26199680000000003,-0.02247216750027197
0.2620176,0.012084263741310098
0.2620384,-0.03509977845048917
0.2620592,0.00340474466307114
0.26208000000000004,-0.015459185635363647
0.2621008,-0.03201237133715852
0.2621216,-0.05528810927413924
0.2621424,-0.002493968090293721
0.2621632,0.00948255265025381
0.26218400000000003,-0.004967695817484349
0.2622048,-0.03875514386298191
0.2622256,0.031082854272970018
0.2622464,-0.013698171579176908
0.26226720000000003,-0.02244014262698805
0.262288,0.004603060610643877
0.2623088,-0.021099060290748848
0.2623296,0.022885788929334187
0.2623504,-0.004257485364967206
0.2623712,-0.01028984014941956
0.262392,-0.00377971584564197
0.2624128,-0.01406926403991431
0.2624336,-0.0019927470887020947
0.26245440000000003,0.029388222364509345
0.2624752,0.019717833940548136
0.262496,0.01870828318007889
0.2625168,0.012192906270244339
0.2625376,-0.0035569048633361266
0.2625584,0.027407614892030044
0.2625792,0.001697390430583535
0.2626,0.01941208191180498
0.2626208,0.00014799398608463226
0.26264160000000003,-0.01373244851774016
0.2626624,-0.02701870393629194
0.2626832,0.009720424573265201
0.262704,-0.024711697451138815
0.26272480000000004,-0.0014759661328269855
0.2627456,0.019096738578604368
0.2627664,0.006969087048938297
0.2627872,-0.013022702080683759
0.262808,-0.00029755436045101604
0.26282880000000003,0.03489049116705496
0.2628496,-0.005790358844830013
0.2628704,0.020436215676177705
0.2628912,0.011084610878513911
0.26291200000000003,0.029961892487360038
0.2629328,-0.003080986833208513
0.2629536,0.02337104094285186
0.2629744,0.00482643636883323
0.2629952,0.01362089733014535
0.263016,-0.01899977792760681
0.2630368,-0.010977345014352522
0.2630576,-0.006622950836988731
0.2630784,0.0011606984247797662
0.26309920000000003,0.00149013564699735
0.26312,-0.006515038579993601
0.2631408,0.013580718319499866
0.2631616,-0.008182663749859924
0.2631824,0.013623990003558736
0.2632032,-0.017732031118530712
0.263224,0.001000916523690301
0.2632448,-0.002300973194044823
0.2632656,0.013128982425234382
0.26328640000000003,-0.02656081748946483
0.2633072,0.0052903958491646984
0.263328,-0.02373532275861716
0.2633488,0.015644906904188422
0.26336960000000004,-0.012838040169848719
0.2633904,0.034705373636534885
0.2634112,0.00907988205123309
0.263432,0.02799993249717718
0.2634528,0.012976465340155258
0.26347360000000003,0.018996156175664008
0.2634944,-0.015034421858133088
0.2635152,-0.0012410142317869858
0.263536,-0.02243719652475912
0.26355680000000004,0.011154683961363144
0.2635776,-0.006072701392231714
0.2635984,0.019610795539511658
0.2636192,0.01832487927207753
0.26364,0.011529378013063939
0.26366080000000003,-0.0014185979678059822
0.2636816,0.012886219464847429
0.2637024,0.003645522442103293
0.2637232,-0.00014219636920561295
0.26374400000000003,0.005805221984895442
0.2637648,0.021059479492798683
0.2637856,0.00889462330644102
0.2638064,0.005882984421666777
0.2638272,-0.001937832242644582
0.263848,-0.015812875381823802
0.2638688,0.0033753095903567296
0.2638896,0.006708313342024962
0.2639104,0.01621785910255031
0.26393120000000003,-0.00911739319176039
0.263952,-0.010334454556956854
0.2639728,-0.022184659257374506
0.2639936,0.012911638782518381
0.2640144,-0.01574120536575195
0.2640352,0.02849011241370926
0.264056,-0.010021496165057339
0.2640768,-0.005180935995274279
0.2640976,-0.001005254212935975
0.26411840000000003,0.01133632259464765
0.2641392,0.03560592731485643
0.26416,-0.008729211195996858
0.2641808,-0.007971791867485976
0.26420160000000004,0.0415715405573492
0.2642224,0.04225004701058789
0.2642432,0.041069788898718644
0.264264,-0.0033313285132062402
0.2642848,0.048090793596642804
0.26430560000000003,0.005382226479122006
0.2643264,0.038302062801156236
0.2643472,-0.01079918165797491
0.264368,0.005092444388392801
0.26438880000000003,-0.01922459519168696
0.2644096,0.009736895298094789
0.2644304,0.034437168812650194
0.2644512,0.02020551618566617
0.264472,0.02356134998298007
0.26449280000000003,0.029350675284433567
0.2645136,0.025971978746998296
0.2645344,-0.0015629585186615188
0.2645552,0.00022564957241044768
0.26457600000000003,0.005502001818555265
0.2645968,0.0011766901539156669
0.2646176,0.02657805095646882
0.2646384,0.01875206821410053
0.2646592,0.014011646609630153
0.26468,0.021117654426988753
0.2647008,0.013697295701286069
0.2647216,0.0006863099032429184
0.2647424,0.02747733083345206
0.26476320000000003,0.018352347489449958
0.264784,0.029324800912649836
0.2648048,0.0028232094958993478
0.2648256,0.05553883624301842
0.2648464,0.025843576368893263
0.2648672,0.017756411563643437
0.264888,0.032360501681020816
0.2649088,-0.014228848173960654
0.2649296,-0.03093480062373575
0.26495040000000003,-0.0063509017874583806
0.2649712,0.030935507107432196
0.264992,0.003055206135054671
0.2650128,-0.03168754828212428
0.26503360000000004,-0.006860219880109534
0.2650544,-0.003345397862181432
0.2650752,0.03655264421186559
0.265096,0.006740875005297404
0.2651168,0.03739545268558417
0.26513760000000003,-0.001272982259100574
0.2651584,0.003929893275627632
0.2651792,0.006870940116087856
0.2652,-0.0017732961831064872
0.26522080000000003,-0.052433191581328115
0.2652416,-0.022241622440312747
0.2652624,0.03526029381266259
0.2652832,-0.003345685042450447
0.265304,0.022856823844341005
0.2653248,-0.029340889350605158
0.2653456,0.010366061123718916
0.2653664,-0.007088522412149054
0.2653872,-0.04371822812424575
0.26540800000000003,0.011802509401120362
0.2654288,-0.006353117012054105
0.2654496,-0.006173014654610048
0.2654704,0.03532895017929209
0.2654912,0.022050220919280716
0.265512,-0.00667037750245043
0.2655328,0.03519996182358334
0.2655536,-0.024981652838517734
0.2655744,-0.004617477109225954
0.26559520000000003,-0.018260566154210796
0.265616,-0.010328145838100818
0.2656368,0.020674659771073686
0.2656576,0.01553881163435719
0.26567840000000004,0.029831916372597578
0.2656992,0.024976879006562723
0.26572,0.010178649728192688
0.2657408,-0.009878606890049447
0.2657616,0.004193847674156417
0.26578240000000003,-0.005709311348230967
0.2658032,-0.0014713365583219644
0.265824,-0.0021982792993275905
0.2658448,0.018320881217309674
0.26586560000000004,-0.009174263537744354
0.2658864,0.024353644430884686
0.2659072,0.01730520246823936
0.265928,0.006063522461446546
0.2659488,0.01590416573235119
0.26596960000000003,-0.014858508948007283
0.2659904,0.029906775975400462
0.2660112,0.011050318018398108
0.266032,0.011996255991242344
0.26605280000000003,0.007304445843548856
0.2660736,0.005620660815310241
0.2660944,-0.016138020255966577
0.2661152,-0.026063309460489674
0.266136,-0.007396945049983967
0.2661568,0.025890498588908503
0.2661776,-0.011433825209079176
0.2661984,-0.011285667332889588
0.2662192,0.004379704877256416
0.26624000000000003,-0.03283612388193043
0.2662608,0.00400463969387002
0.2662816,0.010759284663669075
0.2663024,0.02643701796139905
0.2663232,0.004315646155745504
0.266344,0.012244928620538479
0.2663648,-0.010217631154435507
0.2663856,-0.014091835858432248
0.2664064,-0.039456339680040614
0.26642720000000003,0.03346910739842493
0.266448,-0.010805264045934779
0.2664688,-0.015776180635867925
0.2664896,-0.006371703945813071
0.26651040000000004,0.006537773848055162
0.2665312,0.003616003758547548
0.266552,0.009950610771436465
0.2665728,0.016071748839428846
0.2665936,0.04787278813242946
0.26661440000000003,-0.02138306266895528
0.2666352,0.01995981291203203
0.266656,-0.03615239609603682
0.2666768,0.014767631214329134
0.26669760000000003,0.01166872823578781
0.2667184,0.017053551025530845
0.2667392,-0.0172440079497182
0.26676,-0.008119986579937042
0.2667808,0.015153164451633354
0.2668016,-0.054757782265280136
0.2668224,-0.011891612752449012
0.2668432,-0.006693902774181545
0.266864,-0.02980283257967875
0.26688480000000003,0.00953696170169746
0.2669056,-0.011151742265780001
0.2669264,0.020637986601108216
0.2669472,0.005671508698406033
0.266968,0.0005967811814857511
0.2669888,0.009216209133593275
0.2670096,-0.00018454737332727206
0.2670304,-0.020022062922879037
0.2670512,-0.044196933025997795
0.26707200000000003,0.0094731314247372
0.2670928,0.0010761781098087022
0.2671136,-0.01928146664914572
0.2671344,-0.007237725818558315
0.26715520000000004,-0.022048102942963273
0.267176,-0.006970060387890227
0.2671968,-0.0068794663924082
0.2672176,-0.012192783935958039
0.2672384,-0.026583059350053798
0.26725920000000003,-0.0048164638407440985
0.26728,-0.033206868916370647
0.2673008,-0.024317714140990265
0.2673216,0.006444647686821429
0.26734240000000004,-0.003300264777061755
0.2673632,0.007388996224320364
0.267384,0.021587716811886724
0.2674048,0.007904224645903528
0.2674256,0.01636254170077291
0.26744640000000003,0.007279477680840131
0.2674672,-5.42711737721276e-05
0.267488,-0.00588933642121307
0.2675088,0.01307029667623474
0.26752960000000003,0.014191619502021155
0.2675504,-0.025800913601338474
0.2675712,0.0029205645494125914
0.267592,0.012251960636266884
0.2676128,-0.004413111284253447
0.2676336,-0.0410577890098193
0.2676544,-0.005476738047380315
0.2676752,-0.04291731448755848
0.267696,0.0019803889096779836
0.26771680000000003,-0.023370225336729437
0.2677376,0.00971590444684664
0.2677584,-0.02384944444450188
0.2677792,0.017747838428502055
0.2678,0.021051442874252386
0.2678208,-0.02469648441049373
0.2678416,0.00415652076655921
0.2678624,0.018559877617402555
0.2678832,-0.02404943131706625
0.26790400000000003,-0.04474657808399867
0.2679248,-0.00017112080382737562
0.2679456,-0.013790126986482392
0.2679664,-0.007148313668056967
0.26798720000000004,0.005231360031443728
0.268008,-0.041673970249037726
0.2680288,0.017430880708404362
0.2680496,-0.016124019303629587
0.2680704,-0.007129512209189377
0.26809120000000003,0.028396585364271074
0.268112,0.007711517493424675
0.2681328,-0.003430512821883904
0.2681536,-0.03948829653907465
0.26817440000000003,0.024171856978462216
0.2681952,-0.020065258491117188
0.268216,0.008143283763648694
0.2682368,-0.008774092519283171
0.2682576,0.017611679056220384
0.26827840000000003,-0.029503489847676496
0.2682992,-0.010419554698632316
0.26832,-0.005120474414117156
0.2683408,-0.016538402770909476
0.26836160000000003,-0.0496722477051798
0.2683824,0.014846086805591956
0.2684032,0.009415903511739588
0.268424,-0.020827602559137837
0.2684448,-0.002841847789767759
0.2684656,0.009781112230077472
0.2684864,0.008919456837694389
0.2685072,0.024635922718960892
0.268528,-0.00036601945847728086
0.26854880000000003,-0.009033453686974027
0.2685696,-0.025458461355978575
0.2685904,-0.0030144748485552387
0.2686112,-0.008500514727089696
0.26863200000000004,0.020431752150179606
0.2686528,-0.028545911077133414
0.2686736,-0.008502483734413997
0.2686944,0.01716591782695754
0.2687152,0.01953917044681529
0.26873600000000003,-0.011057092940649665
0.2687568,0.013378004063249672
0.2687776,-0.026823369024410036
0.2687984,0.030929288476340633
0.26881920000000004,-0.020185318863252498
0.26884,0.009947931709729147
0.2688608,-0.008804525459037966
0.2688816,-0.04263572594841451
0.2689024,-0.017043641457602798
0.26892320000000003,0.036641270061053596
0.268944,0.0013662616680352362
0.2689648,-0.030067515401286164
0.2689856,-0.02816957523559727
0.26900640000000003,0.004255218072385013
0.2690272,-0.0018864804057564131
0.269048,0.00046144952222399805
0.2690688,-0.006371846722465763
0.2690896,0.0041928836179125715
0.2691104,0.0026974747131490446
0.2691312,-0.005758006576111886
0.269152,-0.04272481359067494
0.2691728,-0.008641675397365208
0.26919360000000003,0.0016804248360827324
0.2692144,0.016829262537867005
0.2692352,0.029532152419351566
0.269256,0.0021745890042362747
0.2692768,0.03104348292811522
0.2692976,0.0013844537504278218
0.2693184,0.025989858601668678
0.2693392,0.005361420396555267
0.26936,0.012286086355838468
0.26938080000000003,-0.025549510244917507
0.2694016,-0.010240922774851412
0.2694224,0.020108248986835896
0.2694432,0.019026549692363635
0.26946400000000004,0.014283216391530702
0.2694848,-0.007593921961464677
0.2695056,-0.01585620648695034
0.2695264,-0.011859039588350712
0.2695472,-0.005638957683682701
0.26956800000000003,0.005519265275340518
0.2695888,-0.01747118609387945
0.2696096,-0.003082178495434255
0.2696304,-0.01165790737510943
0.26965120000000004,-0.055036506377052714
0.269672,-0.02703190852422383
0.2696928,6.941390743972327e-05
0.2697136,-0.007763922305770375
0.2697344,0.009129966904831808
0.26975520000000003,-0.054058896258557636
0.269776,0.008059193259355233
0.2697968,-0.014750500760901472
0.2698176,-0.006016337495266644
0.26983840000000003,-0.027714418591251008
0.2698592,0.012149412514084282
0.26988,-0.005883217824320675
0.2699008,0.0199315921757489
0.2699216,-0.024232772016366297
0.2699424,0.005581822081872681
0.2699632,0.015593357318255993
0.269984,0.02670320534221122
0.2700048,0.02323911679074152
0.27002560000000003,0.011203215247454597
0.2700464,0.008744041372340245
0.2700672,-0.018605019861047793
0.270088,-0.02537978207036046
0.2701088,0.03846039247204249
0.2701296,0.030751865019916357
0.2701504,-0.005968303818653813
0.2701712,-0.029941045076435253
0.270192,0.02620714906904913
0.27021280000000003,0.01971656583261631
0.2702336,-0.00508849326298492
0.2702544,0.00482896408833838
0.2702752,0.001338947167507875
0.27029600000000004,0.02160018594632266
0.2703168,0.0006908839723588954
0.2703376,0.02808387733309217
0.2703584,0.014117705570656584
0.2703792,0.02353927412526293
0.27040000000000003,-0.009363877439185798
0.2704208,0.012816855193872307
0.2704416,-0.03914903844280331
0.2704624,0.022441513976458848
0.27048320000000003,-0.03245964638464333
0.270504,0.007660423739126161
0.2705248,0.003862364468503805
0.2705456,0.025000192851523172
0.2705664,-0.001851449288102873
0.2705872,0.03143481432515648
0.270608,0.024756166278363925
0.2706288,-0.005640633199770796
0.2706496,0.015903673677568415
0.27067040000000003,0.015626475515228135
0.2706912,0.012365630228513506
0.270712,-0.029751373107301658
0.2707328,0.00649440095842488
0.2707536,0.00258546684737587
0.2707744,-0.006384901878596393
0.2707952,-0.025133832828093648
0.270816,0.011766942276907652
0.2708368,0.01252432491664112
0.27085760000000003,-0.02195524360356958
0.2708784,-0.02052489955824447
0.2708992,0.0033729908679680344
0.27092,0.01197693511073356
0.27094080000000004,0.0014642105034284297
0.2709616,-0.016825329444270818
0.2709824,-0.0020298453164610307
0.2710032,0.00570261199953677
0.271024,-0.01075419577094559
0.27104480000000003,-0.012068311750081034
0.2710656,0.022692715520314648
0.2710864,0.029405263161542336
0.2711072,0.02823778832455729
0.27112800000000004,0.020767006410056698
0.2711488,0.012667706345607616
0.2711696,0.020302765512672176
0.2711904,0.013638745915119072
0.2712112,-0.0003222584738859849
0.27123200000000003,0.030598348772990024
0.2712528,0.01948410684267069
0.2712736,-0.009416579876788608
0.2712944,-0.005213965267684663
0.27131520000000003,0.004243315318012331
0.271336,0.013939901072215086
0.2713568,-0.023657981173438015
0.2713776,-0.005323480399527204
0.2713984,0.018761340243870935
0.2714192,0.006240191727519633
0.27144,0.03519947464312147
0.2714608,0.01484067609105192
0.2714816,-0.03774787484359938
0.27150240000000003,-0.04719454839669503
0.2715232,0.044761070438625206
0.271544,-0.005921542712718555
0.2715648,-0.025293317694901795
0.2715856,0.007312753266618295
0.2716064,-0.00479705780492327
0.2716272,0.011578281226407399
0.271648,0.017644090444037152
0.2716688,-0.002816262095948658
0.27168960000000003,0.04549621278454057
0.2717104,-0.002382315889950801
0.2717312,-0.0037348962822947654
0.271752,-0.02435451272076778
0.27177280000000004,0.01110014804305872
0.2717936,0.001188582080126903
0.2718144,0.010903553815868635
0.2718352,0.014928350823341523
0.271856,0.008680094823864478
0.27187680000000003,0.025327479485045136
0.2718976,-0.01698612493661099
0.2719184,-0.02940488535892632
0.2719392,-0.02205601437279222
0.27196000000000004,0.0017914553749562784
0.2719808,0.0530328028770995
0.2720016,0.004836077584477077
0.2720224,0.02464279205385613
0.2720432,0.018471876747561598
0.27206400000000003,-0.0046119707997083585
0.2720848,0.00876976676489117
0.2721056,0.024473319201142846
0.2721264,-0.01971842241725461
0.27214720000000003,-0.016651481766450107
0.272168,0.02890337563228698
0.2721888,0.0012283322161316
0.2722096,0.0038777258980775336
0.2722304,-0.001961421851570951
0.2722512,-0.026680476053416866
0.272272,0.01355858580355021
0.2722928,-0.009878614395896485
0.2723136,-0.010618373045806557
0.27233440000000003,0.034359134355924824
0.2723552,0.03500242158717389
0.272376,-0.009034854983058178
0.2723968,-0.022140261851615325
0.27241760000000004,0.008043191282981765
0.2724384,-0.020216791857937906
0.2724592,0.007709443861884645
0.27248,-0.02233207476687929
0.2725008,0.010742486169535175
0.27252160000000003,-0.003179377438702999
0.2725424,0.027435313123719295
0.2725632,0.027017546665588858
0.272584,0.042551083173013926
0.27260480000000004,0.001507075975142613
0.2726256,-0.016467803786754644
0.2726464,-0.008272078759749817
0.2726672,-0.008244190119828104
0.272688,-0.01495139936155609
0.27270880000000003,0.007359561672379734
0.2727296,0.008464684006511273
0.2727504,-0.008087393741898383
0.2727712,-0.015167499050986473
0.27279200000000003,0.009874181031308065
0.2728128,-0.027622707275165456
0.2728336,-0.0019879299025731072
0.2728544,-0.024052950468918248
0.2728752,-0.006464792914792396
0.272896,0.024658031198099402
0.2729168,-0.007437612487820184
0.2729376,0.004147334916287009
0.2729584,0.008130902349819856
0.27297920000000003,0.021017994692669538
0.273,-0.013899850377498461
0.2730208,0.00030901909828548837
0.2730416,-0.028723022726001905
0.2730624,0.010379992352751184
0.2730832,0.0030069933966940738
0.273104,9.545010027721184e-05
0.2731248,-0.004995889021296794
0.2731456,-0.024003625132568387
0.27316640000000003,0.03640053946936804
0.2731872,-0.02488803869338429
0.273208,-0.0103145665372538
0.2732288,-0.011329506118497269
0.27324960000000004,0.00407142343816563
0.2732704,-0.04295686953477185
0.2732912,0.03788915806967225
0.273312,-0.015873160766053118
0.2733328,-0.006643563411595292
0.27335360000000003,-0.0071535089416762156
0.2733744,-0.010195293087382219
0.2733952,0.030259205355938283
0.273416,0.04282251488259213
0.27343680000000004,0.02207497230553369
0.2734576,-0.050757212544576984
0.2734784,0.005211040736186667
0.2734992,0.015802853760644223
0.27352,-0.020336430003078675
0.27354080000000003,0.028104482044565924
0.2735616,0.01275757228640452
0.2735824,-0.026017590386239058
0.2736032,-0.014008362823319333
0.27362400000000003,-0.011146071194043823
0.2736448,-0.03209972072874417
0.2736656,-0.02857541780214171
0.2736864,0.01644356894768502
0.2737072,0.037139223207612204
0.273728,0.022934010321132563
0.2737488,0.014479392545751996
0.2737696,0.04174484233925864
0.2737904,0.03421360047376672
0.27381120000000003,0.006486150785099033
0.273832,-0.0050516908298431544
0.2738528,0.016938764481136296
0.2738736,-0.03926226560124875
0.2738944,-0.02329504828908707
0.2739152,-0.014667574211798338
0.273936,-0.008667610359662304
0.2739568,0.042954177106651156
0.2739776,-0.002274039953594723
0.27399840000000003,-0.02642842866051867
0.2740192,-0.001138244159642537
0.27404,-0.03286332909599601
0.2740608,0.011985703970369797
0.27408160000000004,0.05054800988951196
0.2741024,0.026544752542511225
0.2741232,0.02782958418519413
0.274144,-0.008793532431568262
0.2741648,-0.011061698501586633
0.27418560000000003,0.01114178182492592
0.2742064,-0.016121776001265718
0.2742272,-0.039132099691362256
0.274248,0.012473932232040505
0.27426880000000003,-0.013177839074965777
0.2742896,-0.03027278693812546
0.2743104,-0.011072648438562167
0.2743312,0.016751953686559136
0.274352,-0.008047056115043924
0.27437280000000003,-0.011049357198493637
0.2743936,-0.020941152973663654
0.2744144,-0.028085905800762017
0.2744352,0.012896336462037413
0.27445600000000003,-0.004096285721749878
0.2744768,0.0007108534145438246
0.2744976,-0.003845992274194387
0.2745184,-0.007501189743056106
0.2745392,-0.025226371391380915
0.27456,-0.014694839229465052
0.2745808,0.008293469928194332
0.2746016,0.0030287380196804964
0.2746224,0.0027508104522913825
0.27464320000000003,0.01078211764200958
0.274664,0.04687667789141492
0.2746848,-0.01489815481485463
0.2747056,0.01626116201384524
0.27472640000000004,-0.03773030901905316
0.2747472,0.005634637871783156
0.274768,-0.009090170924164993
0.2747888,-0.02027620380634067
0.2748096,-0.004142139892823354
0.27483040000000003,-0.010271359169932404
0.2748512,-0.041346483818734577
0.274872,-0.0035649404436750836
0.2748928,-0.00754106487292765
0.27491360000000004,0.012038131772470527
0.2749344,0.005918273943397638
0.2749552,0.020546960188920486
0.274976,-0.014718325583560203
0.2749968,0.0366594884715207
0.27501760000000003,0.007891792779725817
0.2750384,0.00453591087089543
0.2750592,-0.0022404015294630853
0.27508,-0.0112752106757853
0.27510080000000003,0.010013717235332387
0.2751216,0.015861548576792783
0.2751424,0.03320821240136791
0.2751632,0.015083447124675034
0.275184,-0.0010276224600979868
0.2752048,0.002308383006125339
0.2752256,-0.005296748939583644
0.2752464,-0.00860088031172005
0.2752672,0.0013713457681612407
0.27528800000000003,0.04056458047077544
0.2753088,-0.024125814646084546
0.2753296,-0.008289758241383841
0.2753504,-0.006262826963584595
0.2753712,-0.027703801813037627
0.275392,0.028253238362047635
0.2754128,-0.019863881459838903
0.2754336,0.018164854316881023
0.2754544,0.03933317591306672
0.27547520000000003,-0.010928083404605585
0.275496,0.003288169041134009
0.2755168,-0.029860392305237293
0.2755376,-0.00021632004333215502
0.27555840000000004,-0.02330056146156239
0.2755792,0.0073816878644761535
0.2756,-0.03245413109690747
0.2756208,-0.012535468374547205
0.2756416,-0.016835709350468114
0.27566240000000003,-0.0034829976590803344
0.2756832,0.015554201999767262
0.275704,0.014504021999716368
0.2757248,-0.013015308745029115
0.27574560000000004,0.022355109029995338
0.2757664,0.0055407619858016365
0.2757872,0.012055711608677834
0.275808,0.013533990537681612
0.2758288,0.033247437134597164
0.27584960000000003,-0.007382135784709975
0.2758704,-0.03662784499783064
0.2758912,0.005573114711382909
0.275912,-0.017175989959369566
0.27593280000000003,-0.024401110378332633
0.2759536,-0.023992533470790185
0.2759744,0.023293646232857193
0.2759952,0.0082070471126152
0.276016,-0.03459001406088955
0.2760368,-0.026709758613566847
0.2760576,-0.02699943048971415
0.2760784,-0.006015454122505392
0.2760992,0.02147723551892373
0.27612000000000003,-0.011080200077196439
0.2761408,0.016673497636593038
0.2761616,0.007721174728247248
0.2761824,0.003464124298738236
0.27620320000000004,0.017834295591876187
0.276224,-0.008879045634159947
0.2762448,-0.018840212578130646
0.2762656,-0.01752853717493956
0.2762864,0.0012521183768316921
0.27630720000000003,0.006900447405894395
0.276328,-0.026380168848841735
0.2763488,-0.017824023230916072
0.2763696,-0.02592580031475117
0.27639040000000004,0.005208051965783533
0.2764112,0.015888841697951406
0.276432,-0.02969421624604753
0.2764528,0.027234877422643744
0.2764736,-0.010506799325756176
0.27649440000000003,-0.0014980487695965645
0.2765152,-0.007474129522978292
0.276536,0.009295068821851462
0.2765568,-0.0044397147808729704
0.27657760000000003,-0.002520484093510838
0.2765984,0.008743126783165096
0.2766192,0.006253583041515528
0.27664,-0.002073586418089724
0.2766608,-0.013333657445814402
0.2766816,-0.0045294468823130355
0.2767024,0.01653700217392353
0.2767232,-0.0070935788017700875
0.276744,-0.023157181559924953
0.27676480000000003,5.024013816503736e-05
0.2767856,0.024645838524003157
0.2768064,0.019703019026919916
0.2768272,-0.02399031980768582
0.276848,0.009922078407466044
0.2768688,0.026763996464127922
0.2768896,0.016463577088773208
0.2769104,-0.036511897077501285
0.2769312,-0.01589390554675279
0.27695200000000003,-0.020334243094093166
0.2769728,0.021646785141032663
0.2769936,0.0003113550119404026
0.2770144,-0.008060196661952287
0.27703520000000004,0.026707403056175628
0.277056,0.005748504525543846
0.2770768,0.006801933639788384
0.2770976,0.027848972110634945
0.2771184,0.03419666481607443
0.27713920000000003,-0.007598236143393369
0.27716,-0.028846297475573733
0.2771808,-0.024043106319411166
0.2772016,0.002945872450944598
0.27722240000000004,0.0019537664249698787
0.2772432,-0.00017362916896197572
0.277264,0.023966217297409914
0.2772848,-0.0006794174320869967
0.2773056,-0.018680997390303232
0.27732640000000003,0.026475769780144452
0.2773472,-0.029609400501677468
0.277368,-0.03502318729243864
0.2773888,0.023398596624552778
0.27740960000000003,0.028372463907043528
0.2774304,0.028437602811627903
0.2774512,-0.01404731138175939
0.277472,0.015181763776167272
0.2774928,0.007490753540114272
0.2775136,0.029374862656179532
0.2775344,0.02646048212760279
0.2775552,-0.001888340642504633
0.277576,-0.006438694668737449
0.27759680000000003,-0.015991247069861252
0.2776176,-0.0008442364428416522
0.2776384,-0.012057062776356046
0.2776592,0.016339735154425078
0.27768,0.023077479912711068
0.2777008,0.05201373366891666
0.2777216,0.018838770005385218
0.2777424,0.004896744135924685
0.2777632,0.0032454891398839896
0.27778400000000003,0.021662691314174552
0.2778048,-0.02283602027046277
0.2778256,-0.00787884673502622
0.2778464,0.008308392763048626
0.27786720000000004,0.0023454235431323413
0.277888,-0.015406732288045538
0.2779088,0.034045097590046175
0.2779296,0.012435173786266792
0.2779504,0.012949939210929707
0.27797120000000003,0.02000576467044621
0.277992,0.012414383871228181
0.2780128,0.017326770491304887
0.2780336,0.0385450504801821
0.27805440000000003,-0.00519707440448712
0.2780752,0.013127947692539796
0.278096,-0.007052004511341867
0.2781168,0.02276450649928137
0.2781376,0.025835821783831068
0.27815840000000003,-0.03249451891424547
0.2781792,0.0075043608771789855
0.2782,0.0069123789679781215
0.2782208,0.02228892535195259
0.27824160000000003,-0.0024886999251688365
0.2782624,0.01827261808244356
0.2782832,-0.006962376260694492
0.278304,-0.004794646929304803
0.2783248,-0.027517583557376882
0.2783456,0.004569810436138069
0.2783664,0.005707541604260196
0.2783872,-0.013518388102660237
0.278408,0.022744868620713978
0.27842880000000003,0.0313145792934233
0.2784496,0.019719626582355508
0.2784704,-0.0010527889368204856
0.2784912,0.010901365264306637
0.27851200000000004,0.024241819246541722
0.2785328,0.004625872410758717
0.2785536,0.009934634550325356
0.2785744,-0.004327603448603423
0.2785952,0.008414149550884008
0.27861600000000003,0.026529644567179798
0.2786368,-0.0050044680070147965
0.2786576,0.007992140459253231
0.2786784,-0.011224791294955908
0.27869920000000004,-0.017319006159183303
0.27872,0.0018363423088423878
0.2787408,-0.005494750872153573
0.2787616,0.007510465080142872
0.2787824,0.013917503702006492
0.27880320000000003,-0.01977204608271583
0.278824,0.001864360160396564
0.2788448,0.009810895761451081
0.2788656,0.003122922872220566
0.27888640000000003,0.0297525964769188
0.2789072,-0.041707473491009055
0.278928,0.02714786744401692
0.2789488,0.027505772035438532
0.2789696,0.008855746640408895
0.2789904,-0.04336835055529577
0.2790112,0.02430238450034062
0.279032,-0.007203670019170541
0.2790528,0.033780292995752255
0.27907360000000003,0.01714305555423217
0.2790944,-0.015846831091728
0.2791152,-0.015878781158081286
0.279136,0.00017853433981151177
0.2791568,0.026588487090958048
0.2791776,0.009676935366534198
0.2791984,-0.008931918362403502
0.2792192,-0.03004327582827676
0.27924,-0.015117997287936136
0.27926080000000003,0.009747407826718934
0.2792816,-0.0004190724321245598
0.2793024,-0.030025688335732447
0.2793232,0.00465735775562222
0.27934400000000004,0.004523551365055133
0.2793648,-0.0006193894166649975
0.2793856,0.0006149395178465551
0.2794064,-0.0012723444272804956
0.2794272,0.013193772988483926
0.27944800000000003,0.006962582020732855
0.2794688,-0.03185240994782963
0.2794896,-0.01577921307949353
0.2795104,-0.01483354178378327
0.27953120000000004,0.02244686002013839
0.279552,-0.026149486090366957
0.2795728,0.024355082766681153
0.2795936,-0.04116575795613725
0.2796144,0.02348105529631749
0.27963520000000003,0.009296949907030118
0.279656,-0.024271237771437925
0.2796768,0.02133685075485779
0.2796976,-0.017762819563896186
0.27971840000000003,-0.006877177809703554
0.2797392,-0.024425396341160057
0.27976,0.0046987132464079455
0.2797808,0.011211326194315209
0.2798016,0.020033974645503362
0.2798224,-0.0042151728154097385
0.2798432,-0.017267539209478933
0.279864,-0.001981541992799934
0.2798848,-0.009112094868981901
0.27990560000000003,0.02399094529790584
0.2799264,0.007785377743450005
0.2799472,-0.03458739050342709
0.279968,0.025725253908417546
0.27998880000000004,-0.01112573559250106
0.2800096,-0.02462996657820356
0.2800304,-0.011058701377148254
0.2800512,-0.03280904344185415
0.280072,0.006330201070670333
0.28009280000000003,-0.039986062099350544
0.2801136,-0.020329102719196777
0.2801344,-0.02534167331839101
0.2801552,0.02305098983966675
0.28017600000000004,0.007201338732860867
0.2801968,-0.017538852132990904
0.2802176,0.01496303981293874
0.2802384,0.028892369986553673
0.2802592,0.01806113187083363
0.28028000000000003,0.013935401620271026
0.2803008,0.0021949210514124948
0.2803216,-0.01658414355570599
0.2803424,-0.010093903850613522
0.28036320000000003,-0.007613357826611605
0.280384,0.013641049232638503
0.2804048,0.0009910225524701914
0.2804256,0.012917440153975406
0.2804464,0.027241822212501137
0.2804672,-0.027352699479782205
0.280488,-0.00013406677726561077
0.2805088,-0.022592105149458756
0.2805296,-0.048190410609425444
0.28055040000000003,0.011656456839270898
0.2805712,0.0008143022658154593
0.280592,-0.019037290780012598
0.2806128,0.0062904253057764585
0.2806336,-0.04292429571261387
0.2806544,0.05001155037166711
0.2806752,0.012653973111075793
0.280696,-0.014652706653481062
0.2807168,-0.00011887245860735772
0.28073760000000003,-0.012813954150334757
0.2807584,-0.04355219237523204
0.2807792,-0.008999710720381015
0.2808,-0.008669612099217423
0.28082080000000004,-0.030401523676532705
0.2808416,0.013369791172852882
0.2808624,0.02092839566166396
0.2808832,0.0052283760314433825
0.280904,0.033835547176160316
0.28092480000000003,0.006520863913822525
0.2809456,-0.018261145043347703
0.2809664,0.03622585366855722
0.2809872,0.005241564282929706
0.28100800000000004,0.0066395558170307106
0.2810288,-0.016897653684344385
0.2810496,-0.03040616641675669
0.2810704,-0.0028628216105744207
0.2810912,-0.009369859923308275
0.28111200000000003,0.006431253022315524
0.2811328,-0.02099764179650202
0.2811536,-0.029108099350794968
0.2811744,-0.024004491415262612
0.28119520000000003,-0.012398890588136233
0.281216,-0.024652414588825278
0.2812368,0.013686717837342825
0.2812576,0.00011665262129198451
0.2812784,-0.025811434573372167
0.2812992,-0.0006336059010222808
0.28132,-0.01822927966272709
0.2813408,0.01584430737282191
0.2813616,0.001854047904847464
0.28138240000000003,-0.02196057517079612
0.2814032,-0.012560384605177026
0.281424,0.0043489217684791436
0.2814448,-0.02625397810076471
0.2814656,-0.006453070488257422
0.2814864,0.024788232295401513
0.2815072,-0.0022174617675448675
0.281528,-0.004833458879136808
0.2815488,-0.00013042701942940754
0.28156960000000003,-0.002497133068103242
0.2815904,-0.0004808852813224826
0.2816112,-0.052274422401045774
0.281632,-0.0268744775825012
0.28165280000000004,-0.029172490176905062
0.2816736,-0.027179723849802398
0.2816944,-0.025928902114126576
0.2817152,0.035363490400939696
0.281736,0.0007829732039529988
0.28175680000000003,-0.0001287575495671038
0.2817776,-0.013536791167465886
0.2817984,-0.019806323357244675
0.2818192,-0.004833001600575984
0.28184000000000003,0.006806680953206148
0.2818608,-0.006370895926465144
0.2818816,0.02517515360459342
0.2819024,0.010297956203874737
0.2819232,-0.05174039987732179
0.28194400000000003,0.047673327584212825
0.2819648,-0.022485536338508912
0.2819856,0.0011069330940577265
0.2820064,0.013469414493577133
0.28202720000000003,-0.022022809516963428
0.282048,-0.025163697540505108
0.2820688,0.02793546756121734
0.2820896,-0.024018089458078845
0.2821104,0.044395143310085004
0.2821312,0.022663108131257596
0.282152,-0.002980012146506985
0.2821728,0.02281436837744283
0.2821936,0.026832897623337137
0.28221440000000003,-0.00432503980730617
0.2822352,-0.03681214809170172
0.282256,0.01981906069012215
0.2822768,0.013604841488705065
0.28229760000000004,-0.03896252851611526
0.2823184,0.026298110757754713
0.2823392,-0.013843341199143485
0.28236,-0.026946317246434284
0.2823808,-0.019390890901050548
0.28240160000000003,0.02099269964798196
0.2824224,0.032797542582752706
0.2824432,0.026369267190862605
0.282464,0.0033282513186592665
0.28248480000000004,-0.0068245018015211795
0.2825056,0.01115795510954095
0.2825264,-0.004599269207585317
0.2825472,-0.0016036008564713326
0.282568,-0.004198921880268132
0.28258880000000003,-0.00030725450890763703
0.2826096,-0.028115470717707716
0.2826304,-0.021402784615361225
0.2826512,-0.0036182921523039125
0.28267200000000003,0.01429657925711591
0.2826928,-0.013551429989519295
0.2827136,0.030774996272304223
0.2827344,0.03161205211577321
0.2827552,-0.027060377083061818
0.282776,4.491776788683171e-05
0.2827968,0.008229302141155958
0.2828176,-0.014267498784762534
0.2828384,0.04629276641691859
0.28285920000000003,-0.04794758586753529
0.28288,-0.001623958636054389
0.2829008,-0.0004851843410153924
0.2829216,-0.012764621631286752
0.2829424,-0.01140952962295486
0.2829632,-0.026934923803792803
0.282984,0.0006964310542834551
0.2830048,0.026608521525895632
0.2830256,-0.02598571822595445
0.28304640000000003,0.0015280544914839434
0.2830672,0.019677019932363194
0.283088,0.02845938958554793
0.2831088,-0.008726053284195658
0.28312960000000004,0.01974271892698581
0.2831504,-0.03683400792026895
0.2831712,0.021461872559261224
0.283192,-0.02669798626533067
0.2832128,0.018638189477791268
0.28323360000000003,0.022678129218255936
0.2832544,-0.00010815058832502119
0.2832752,-0.008728741458858089
0.283296,0.0037585476192922647
0.28331680000000004,0.002155018190524758
0.2833376,-0.005010930102182091
0.2833584,-0.004742135634107852
0.2833792,-0.00976144561884422
0.2834,0.025728158580019846
0.28342080000000003,0.005790574124634044
0.2834416,-0.007048756834560822
0.2834624,0.022546081875882393
0.2834832,-0.005531135215302097
0.28350400000000003,-0.002518615243039798
0.2835248,0.003953049470688195
0.2835456,-0.00470818165780152
0.2835664,0.017833458772575486
0.2835872,0.013405175021438941
0.283608,0.04420360894244087
0.2836288,0.002139334571486055
0.2836496,0.046169889104094676
0.2836704,-0.019773845675709764
0.28369120000000003,0.0029073209694927514
0.283712,0.011419324938010424
0.2837328,-0.041954636558987145
0.2837536,0.025168190498596466
0.28377440000000004,0.0020709827316860267
0.2837952,-0.026090933494232423
0.283816,0.027334530900526097
0.2838368,0.02171958819042549
0.2838576,-0.01487999947611672
0.28387840000000003,0.007127455497825471
0.2838992,0.004549187582132669
0.28392,-0.012157479817372915
0.2839408,0.02099397675685691
0.28396160000000004,-0.027298843925199198
0.2839824,0.018596395689981088
0.2840032,-0.01108535111546315
0.284024,0.023758529457389207
0.2840448,0.0500577539145427
0.28406560000000003,0.027565713277534657
0.2840864,-0.01963871566137733
0.2841072,0.016111757529258065
0.284128,-0.004101882000463573
0.28414880000000003,0.019933084868321647
0.2841696,0.03482125900932908
0.2841904,-0.023790418605123
0.2842112,-0.03922436608338164
0.284232,-0.005097600508619747
0.2842528,-0.004362575769638522
0.2842736,-0.019639865458082766
0.2842944,0.004815850055647233
0.2843152,0.00012939861870389733
0.28433600000000003,0.00548982313667013
0.2843568,0.002612644141230599
0.2843776,-0.02135996383479598
0.2843984,0.03335723371952301
0.2844192,0.012138473854752429
0.28444,-0.010859259012184784
0.2844608,0.02692161223506185
0.2844816,-0.014991743907952767
0.2845024,-0.0361361149845596
0.28452320000000003,0.005971972265059713
0.284544,-0.014730711097491888
0.2845648,-0.0213729082258532
0.2845856,0.022512743768739844
0.28460640000000004,-0.002792181434260684
0.2846272,0.007543218402251273
0.284648,0.027029696375079793
0.2846688,-0.020506139793492688
0.2846896,0.01642469698694117
0.28471040000000003,0.0047690389050592235
0.2847312,0.026067125907365388
0.284752,0.011799157303185936
0.2847728,0.007591831025956036
0.28479360000000004,0.015172488692739522
0.2848144,-0.0007408849088919077
0.2848352,-0.02229161978427504
0.284856,-0.012759552739320763
0.2848768,-0.011063257446826085
0.28489760000000003,-0.003574436379881492
0.2849184,-0.00023859938762901085
0.2849392,0.0011092668713888617
0.28496,0.020655754428098517
0.28498080000000003,-0.007918425059831017
0.2850016,-0.007970436644594143
0.2850224,0.0019079280327808416
0.2850432,-0.002433260844482411
0.285064,-0.01006187640578437
0.2850848,0.026256706878694476
0.2851056,0.005770970228837293
0.2851264,0.03205016456266533
0.2851472,0.012856688640871685
0.28516800000000003,-0.0027159955727307948
0.2851888,0.029728327569245285
0.2852096,-0.008850995051839606
0.2852304,0.011280149692926966
0.28525120000000004,0.030700256474807706
0.285272,0.02225263729417349
0.2852928,-0.013186962620879083
0.2853136,0.006059030502755911
0.2853344,0.007105682128372875
0.28535520000000003,-0.0024516149068672956
0.285376,-0.006407206732640542
0.2853968,0.0034931193939166097
0.2854176,-0.038396146750234596
0.28543840000000004,0.031039661869840175
0.2854592,0.026355414174580052
0.28548,0.021868605955860806
0.2855008,0.01923102034444131
0.2855216,-0.020070096919272227
0.28554240000000003,0.00505061784302897
0.2855632,0.06658092433628979
0.285584,-0.01552879973449315
0.2856048,0.031388359164157394
0.28562560000000004,-0.007996670661564849
0.2856464,-0.03235276992517894
0.2856672,-0.0043444423368620535
0.285688,0.021920769353457048
0.2857088,-0.012290370641094636
0.28572960000000003,0.013084601222254745
0.2857504,0.010076887417360457
0.2857712,0.02139751290533476
0.285792,-0.005630830373686838
0.28581280000000003,0.010948344436070685
0.2858336,0.005783056917631026
0.2858544,0.008369634803336273
0.2858752,0.010696431493483677
0.285896,-0.023421354545328458
0.2859168,-0.0115322968399629
0.2859376,0.019259579548151193
0.2859584,0.025873499514249783
0.2859792,0.017859060065567357
0.28600000000000003,0.019861615616273257
0.2860208,0.007598353525420112
0.2860416,-0.006812835448873334
0.2860624,0.02597407136885979
0.28608320000000004,0.013407601230728476
0.286104,0.006047768857743352
0.2861248,-0.0022994060983925536
0.2861456,0.006311614358529639
0.2861664,-0.026393434705027842
0.28618720000000003,-0.02083903167285088
0.286208,-0.0016465806262790377
0.2862288,-0.03266820662439234
0.2862496,0.006005263737522326
0.28627040000000004,-0.015476548621531652
0.2862912,-0.006073695050466836
0.286312,0.012343948641918928
0.2863328,-0.02073921383382056
0.2863536,0.009825690548447584
0.28637440000000003,-0.006665724573668494
0.2863952,0.015420875468013157
0.286416,0.02073327609782578
0.2864368,0.03967539710496299
0.28645760000000003,0.03163471144132335
0.2864784,0.0030986021052642914
0.2864992,-0.029726669632290304
0.28652,0.013570490792383105
0.2865408,0.03437534074713531
0.2865616,-0.004296859534294497
0.2865824,-0.008689957269247565
0.2866032,-0.015843967973561874
0.286624,0.008941359738135281
0.28664480000000003,0.0042601475297255045
0.2866656,-0.011147094693574397
0.2866864,-0.03655925065950617
0.2867072,-0.011271967652719461
0.286728,-0.006716250866401702
0.2867488,0.009846414339380844
0.2867696,-0.005162048824277368
0.2867904,0.0004603598119536879
0.2868112,-0.00962896435193919
0.28683200000000003,-0.009429626617914251
0.2868528,0.0026926067593079353
0.2868736,0.010567779708324612
0.2868944,-0.021429675423397493
0.28691520000000004,-0.035413515595107276
0.286936,0.008864606259100882
0.2869568,-0.0023525648861091528
0.2869776,0.025250027287261185
0.2869984,0.015455116135760004
0.28701920000000003,0.01041384294466459
0.28704,-0.003805490019679917
0.2870608,0.01871552167108236
0.2870816,0.00676931613533766
0.28710240000000004,-0.01058773481017745
0.2871232,-0.04155523775811255
0.287144,-0.030390032406019295
0.2871648,0.006840868620558901
0.2871856,0.04730911977571043
0.28720640000000003,0.019902455008023474
0.2872272,-0.004779498803222707
0.287248,0.0009028928450531867
0.2872688,0.005415654679863027
0.28728960000000003,-0.01527710769581815
0.2873104,0.006631881679089306
0.2873312,-0.015958204359924275
0.287352,-0.00921850356117707
0.2873728,0.01958090251640752
0.2873936,0.031141285835887215
0.2874144,0.008156572957062548
0.2874352,-0.02148270929246123
0.287456,0.0028686854246132588
0.28747680000000003,-0.024474468259323746
0.2874976,0.030849879006359833
0.2875184,-0.025703985061803738
0.2875392,-0.010693735202167678
0.28756000000000004,-0.03492287291664137
0.2875808,0.008761928844985438
0.2876016,-0.011873442715768673
0.2876224,-0.026253022374572808
0.2876432,-0.02487447361962693
0.28766400000000003,-0.027783510406655814
0.2876848,-0.024630424592471105
0.2877056,-0.0071953502043398026
0.2877264,-0.03234414675696563
0.28774720000000004,-0.025173942356587126
0.287768,-0.004599268509048819
0.2877888,0.014322683982459847
0.2878096,-0.0015714525310139929
0.2878304,0.04016606307139387
0.28785120000000003,0.01864095303023201
0.287872,0.013286656156518585
0.2878928,0.04641460884455286
0.2879136,-0.011679611744613448
0.28793440000000003,0.029152659625245776
0.2879552,-0.018216782437766692
0.287976,-0.021674289369651687
0.2879968,0.012150737190662722
0.2880176,-0.016980407158638158
0.2880384,-0.02318644907605185
0.2880592,0.002352982610354159
0.28808,-0.01881111107970464
0.2881008,0.022351673698000337
0.28812160000000003,0.045941247854243625
0.2881424,0.03044029892229321
0.2881632,0.0029658550992689133
0.288184,-0.012930736041473608
0.2882048,-0.011747900388774934
0.2882256,0.007698963452700025
0.2882464,-0.04216174758483394
0.2882672,0.019779970962088587
0.288288,-0.04070902913964237
0.28830880000000003,-0.016059522487621804
0.2883296,-0.010901090505529953
0.2883504,0.00454960425367171
0.2883712,0.0053803982386902436
0.28839200000000004,0.017596550540927486
0.2884128,-0.010876708719620647
0.2884336,0.026106591471146627
0.2884544,-0.025136503192978648
0.2884752,0.009793716657996306
0.28849600000000003,-0.024423214712814733
0.2885168,0.02429898645202852
0.2885376,-0.014979419976319066
0.2885584,-0.004684215687856758
0.28857920000000004,0.02107361383432927
0.2886,-0.0009900735375327702
0.2886208,-0.0005842780262059266
0.2886416,0.00926737234567385
0.2886624,-0.036528869175485125
0.28868320000000003,-0.0021534096409488307
0.288704,-0.013189794878199892
0.2887248,-0.015881717445936742
0.2887456,-0.003874541601825582
0.28876640000000003,-0.023674645265377225
0.2887872,-0.005783058458440415
0.288808,0.019701598731200684
0.2888288,0.0033462380440122865
0.2888496,0.022640183034887972
0.2888704,0.005591726689219962
0.2888912,-0.013165668117572199
0.288912,-0.013797584381553473
0.2889328,-0.024217253733422168
0.28895360000000003,-0.015260896422108565
0.2889744,0.01883016079320106
0.2889952,-0.004155444312081314
0.289016,0.010371378889122172
0.28903680000000004,0.025994893406238853
0.2890576,-0.02783442430370625
0.2890784,-0.011074349949372196
0.2890992,-0.028912351832745084
0.28912,0.016551315802913486
0.28914080000000003,0.009569604347356476
0.2891616,0.011495302263161356
0.2891824,-0.0043832063654288735
0.2892032,-0.0010537492922323148
0.28922400000000004,-0.0011876104806621355
0.2892448,0.025844398330147806
0.2892656,-0.04601978621715524
0.2892864,0.005448929030720491
0.2893072,0.022951772286095122
0.28932800000000003,-0.018394035137344524
0.2893488,2.5664309673249395e-06
0.2893696,0.008148884653503403
0.2893904,0.008316122720321291
0.28941120000000004,-0.03532195147553239
0.289432,-0.00011832642298021306
0.2894528,0.009000628666059017
0.2894736,-0.035955668679578036
0.2894944,-0.0022129254566171258
0.28951520000000003,-0.014532238888348863
0.289536,-0.0002820367501189401
0.2895568,0.006294881403810986
0.2895776,-0.02914440082067291
0.28959840000000003,0.019616193269130312
0.2896192,-0.011886255150410176
0.28964,0.0031336952828179506
0.2896608,-0.009461532919840908
0.2896816,0.021503277314469237
0.2897024,0.032555944213832996
0.2897232,-0.003394916924371378
0.289744,-0.012253248799853268
0.2897648,0.02090678786163587
0.28978560000000003,0.024300820324271638
0.2898064,0.011645760855495778
0.2898272,-0.013824799685800719
0.289848,6.218571076869751e-05
0.28986880000000004,-0.008352107185630132
0.2898896,0.02591710818018276
0.2899104,0.00891337646215375
0.2899312,0.03239959448522616
0.289952,0.010097283634455624
0.28997280000000003,0.025059700706885214
0.2899936,0.0377451020641117
0.2900144,0.008596205039512235
0.2900352,0.027005794611619217
0.29005600000000004,-0.02796185496445707
0.2900768,0.0004836374022877661
0.2900976,-0.010808087676133737
0.2901184,-0.022028386104497328
0.2901392,-0.01296298337088575
0.29016000000000003,0.00892865527243449
0.2901808,0.0016189485534739683
0.2902016,0.017262671842339608
0.2902224,-0.024902111778564336
0.29024320000000003,-0.0010280486439841244
0.290264,-0.0028143471022156297
0.2902848,0.02062577693817075
0.2903056,-0.008081759657762732
0.2903264,0.0024962103040855606
0.2903472,0.008837719960939067
0.290368,-0.02315465065668251
0.2903888,0.00538379744406285
0.2904096,-0.012801589388490705
0.29043040000000003,0.0011899608940689266
0.2904512,0.02218998238526247
0.290472,0.0210864302423631
0.2904928,0.00011553954249363617
0.2905136,0.004186564855006514
0.2905344,-0.0005809042634427849
0.2905552,-0.013607585766677996
0.290576,0.030313292502873762
0.2905968,-0.00026920417504047744
0.29061760000000003,-0.006570479357479984
0.2906384,0.015019227031403919
0.2906592,-0.009655969058505694
0.29068,0.02538492339689174
0.29070080000000004,-0.03256971580553254
0.2907216,-0.019863536266666686
0.2907424,-0.014184159086237245
0.2907632,-0.000623099375380563
0.290784,-0.007543918582960767
0.29080480000000003,-0.003288708406987856
0.2908256,0.017323775794565198
0.2908464,-0.006211558604430771
0.2908672,0.025585626555856483
0.29088800000000004,0.009827872561208055
0.2909088,0.0046485748514673
0.2909296,-0.01368321934358968
0.2909504,0.000890020955371438
0.2909712,0.0037155849596614953
0.29099200000000003,-0.005913954919167037
0.2910128,-0.0035716486768123694
0.2910336,0.012081332608919792
0.2910544,0.03244223829928175
0.29107520000000003,-0.004937870244552048
0.291096,-0.0284154197987375
0.2911168,0.024171989591485553
0.2911376,-0.021916595743546215
0.2911584,0.017861375209358786
0.2911792,0.011469566638252826
0.2912,0.0021631406586341273
0.2912208,-0.0007426560178335089
0.2912416,-0.028644821069119596
0.29126240000000003,0.029664735763491976
0.2912832,-0.007559538388913328
0.291304,0.022912789623343813
0.2913248,-0.006829528574386122
0.29134560000000004,0.00027760046897704125
0.2913664,-0.028002508188353675
0.2913872,0.0027231938939726264
0.291408,-0.03887290217221903
0.2914288,-0.01094344872587441
0.29144960000000003,0.03970446560434816
0.2914704,0.0028793329922227415
0.2914912,-0.017583514984287722
0.291512,0.01100311070931073
0.29153280000000004,-0.00654270294048081
0.2915536,0.0016228002214385493
0.2915744,-0.0176733247181799
0.2915952,0.007524493157727409
0.291616,-0.010660610174753608
0.29163680000000003,0.01312449619388876
0.2916576,0.003494329678521933
0.2916784,-0.01419756690309099
0.2916992,-0.012694542684639777
0.29172000000000003,0.0028188375992958324
0.2917408,-0.022737692048912943
0.2917616,0.004042986245633238
0.2917824,0.020083538448564874
0.2918032,0.026793509730940364
0.29182400000000003,-0.03040829989690578
0.2918448,0.006253335817749723
0.2918656,0.025136139918930288
0.2918864,0.038247635672192797
0.29190720000000003,-0.02108088516563411
0.291928,-0.013002142776337702
0.2919488,0.006448342787394587
0.2919696,0.036889870585071524
0.2919904,0.00259150767107556
0.2920112,0.0026623134852293354
0.292032,0.006810334340626832
0.2920528,0.04098514545639501
0.2920736,-0.04930749438538292
0.29209440000000003,0.011682641924750319
0.2921152,-0.02004529021950644
0.292136,6.682701637704164e-05
0.2921568,0.01691445027212472
0.29217760000000004,0.02368088219805395
0.2921984,-0.008901752419931585
0.2922192,-0.017898614622993803
0.29224,0.011221398476614871
0.2922608,-0.006013908272645344
0.29228160000000003,-0.006367202298947038
0.2923024,0.013663407465337028
0.2923232,0.012700645671247736
0.292344,0.04037147545968423
0.29236480000000004,0.0003430927257436485
0.2923856,-0.011438017636391505
0.2924064,-0.006994657997670485
0.2924272,0.013762314885300608
0.292448,0.03547012098953883
0.29246880000000003,-0.007504261903120131
0.2924896,-0.025486776085660405
0.2925104,0.010989106635258492
0.2925312,-0.0016218519236606247
0.29255200000000003,0.0015116157261099352
0.2925728,-0.005407965484926674
0.2925936,0.024959442072131906
0.2926144,0.01381379201390835
0.2926352,0.01935585294331209
0.292656,-0.025141115287184247
0.2926768,0.018026864070102663
0.2926976,0.04391194002102167
0.2927184,0.006206595894746661
0.29273920000000003,-7.332926823648729e-05
0.29276,-0.00416773987664221
0.2927808,-0.00024315194659789516
0.2928016,-0.007093782685856753
0.29282240000000004,3.60563296205023e-05
0.2928432,0.008882815637220518
0.292864,-0.026439981328716555
0.2928848,0.00334454153969512
0.2929056,0.001373827339609016
0.29292640000000003,0.008004655239298464
0.2929472,0.00018753429829033877
0.292968,-0.010542427504648406
0.2929888,0.01769247425429239
0.29300960000000004,-0.005536932144399361
0.2930304,-0.026755752066670337
0.2930512,-0.017740049254851745
0.293072,0.004566905994774433
0.2930928,-0.02378845825692723
0.29311360000000003,0.02701834130171509
0.2931344,0.018297492825126795
0.2931552,-0.015961685092826243
0.293176,-0.01791793577311092
0.29319680000000004,0.0024322003341984495
0.2932176,0.005933124231350882
0.2932384,0.02010738675419457
0.2932592,0.024045741696131665
0.29328,0.02692272194592628
0.29330080000000003,-0.014621524352093738
0.2933216,-0.012070821627845065
0.2933424,-0.005880143144092334
0.2933632,-0.002842666028536856
0.29338400000000003,-0.031148137833370997
0.2934048,-0.024474046871816077
0.2934256,0.0030909730922172992
0.2934464,0.003040413533069333
0.2934672,0.006449025023506958
0.293488,0.03179540803462595
0.2935088,0.018829525040244065
0.2935296,-0.010559194138788931
0.2935504,-0.0028683866705217225
0.29357120000000003,-0.0050272415364827055
0.293592,0.009417540778240053
0.2936128,-0.015919789247072692
0.2936336,0.0011528165647875844
0.29365440000000004,-0.041356387345093504
0.2936752,0.010989089030075868
0.293696,0.01977999252131731
0.2937168,-0.011130903487857257
0.2937376,0.01883833860280673
0.29375840000000003,-0.0035588167323546095
0.2937792,-0.018689355085174317
0.2938,-0.01583693324193042
0.2938208,-0.013307642989895558
0.29384160000000004,0.004356855040272078
0.2938624,-0.010761211701501015
0.2938832,0.012395639560829627
0.293904,0.008997974727328559
0.2939248,-0.01171741348473831
0.29394560000000003,-0.005176147061802066
0.2939664,-0.0204796023358726
0.2939872,-0.007474617270383845
0.294008,-0.004496788677570605
0.29402880000000003,0.020082376200216013
0.2940496,-0.029043723825805275
0.2940704,0.0011094737238078285
0.2940912,0.01268639892351535
0.294112,0.008442442726352223
0.2941328,0.0017300124473005978
0.2941536,0.003776682931820004
0.2941744,-0.028333071702681435
0.2941952,-0.0007759120069774663
0.29421600000000003,0.01684838213634931
0.2942368,0.009551818602399719
0.2942576,0.02392104818027389
0.2942784,0.02456313588041017
0.2942992,-0.017251799869822823
0.29432,0.0013435720419903876
0.2943408,-0.02127035501136741
0.2943616,0.00972471287352785
0.2943824,-0.024780540519191395
0.29440320000000003,-0.0009383959339030215
0.294424,-0.002225501876667384
0.2944448,0.014298159840133762
0.2944656,-0.020078992506069183
0.29448640000000004,-0.0140020115222444
0.2945072,-0.013513166182568266
0.294528,-0.02138498559105669
0.2945488,-0.04306806855310797
0.2945696,-0.03481723372747328
0.29459040000000003,0.010266011225892713
0.2946112,-0.009461392657938043
0.294632,0.003228081682401133
0.2946528,-0.01797386159862738
0.29467360000000004,-0.015287684164608874
0.2946944,-0.011785751252139938
0.2947152,0.016067131161492925
0.294736,0.022663227720046794
0.2947568,-0.020730068100316176
0.29477760000000003,0.028602987654362803
0.2947984,0.002555367260295116
0.2948192,0.021691109741818693
0.29484,-0.0036860238945867836
0.29486080000000003,-0.021079494980393205
0.2948816,-0.022592049770586993
0.2949024,-0.025193924501150607
0.2949232,0.03073753447089437
0.294944,-0.03395335372123267
0.2949648,0.00854671423154424
0.2949856,-0.015277342605798475
0.2950064,0.0198270012378575
0.2950272,0.013153108280609564
0.29504800000000003,0.013026913951910435
0.2950688,0.00012282087240009514
0.2950896,0.006980071977671422
0.2951104,0.020345269326279676
0.29513120000000004,-0.01656015466903485
0.295152,-0.011880914765929921
0.2951728,-0.01603512275574563
0.2951936,-0.05185961891250535
0.2952144,4.0845784172946487e-05
0.29523520000000003,-0.006848682457620318
0.295256,0.03959486862790724
0.2952768,-0.007455938732486316
0.2952976,-0.005978878941964007
0.29531840000000004,-0.03423843219620916
0.2953392,0.008293034798081847
0.29536,0.0036625720472964083
0.2953808,0.013393782334026461
0.2954016,-0.016109580282996003
0.29542240000000003,-0.017021580317760795
0.2954432,0.0016167489675290615
0.295464,-0.0005831994356884894
0.2954848,-0.030628129961166664
0.29550560000000003,-0.015523078499398824
0.2955264,0.02501779127309356
0.2955472,-0.0009455509149923094
0.295568,-0.01525074790858142
0.2955888,-0.003995228407918057
0.29560960000000003,0.016249910684086898
0.2956304,-0.02740975604743976
0.2956512,-0.009825576645745234
0.295672,0.016378779049842317
0.29569280000000003,-0.026142467110793367
0.2957136,0.019871736404983964
0.2957344,-0.017549423971932872
0.2957552,0.002001016601245304
0.295776,-0.015598971820501701
0.2957968,0.023999390492903592
0.2958176,-0.02862190112618022
0.2958384,-0.020052942418452752
0.2958592,-0.026612911519142354
0.29588000000000003,-0.0022606477965898962
0.2959008,-0.019868410987505265
0.2959216,0.023088102112721904
0.2959424,-0.0245559530101149
0.29596320000000004,0.018552064348066364
0.295984,-0.01440375212244952
0.2960048,0.012568134850246208
0.2960256,-0.014596969548247102
0.2960464,-0.02679420428521233
0.29606720000000003,-0.005148776845528699
0.296088,-0.03565104209598729
0.2961088,-0.01322172840330771
0.2961296,0.019041084602945547
0.29615040000000004,0.03257848645024314
0.2961712,-0.020630764543412578
0.296192,-0.015171693734248162
0.2962128,-0.010190234935277936
0.2962336,-0.02876363292230791
0.29625440000000003,0.021697113569672074
0.2962752,0.014315816680451796
0.296296,-0.014461887571288167
0.2963168,0.00899116377895484
0.29633760000000003,-0.03416886293509671
0.2963584,0.026139249979632753
0.2963792,0.00505368753215031
0.2964,0.023714786222672056
0.2964208,0.01831672739163259
0.2964416,-0.02548343932876638
0.2964624,0.0028012172645581466
0.2964832,0.0036145227804274065
0.296504,0.01752392751859273
0.29652480000000003,-0.0258780005385365
0.2965456,-0.008427750878764894
0.2965664,-0.023302392468197836
0.2965872,0.014776331039969982
0.29660800000000004,-0.005711044198890333
0.2966288,0.039038918719633345
0.2966496,-0.0021753473330144144
0.2966704,-0.028477265247265765
0.2966912,0.02124274365025967
0.29671200000000003,-0.0014364445769134604
0.2967328,-0.002515723509950501
0.2967536,0.0011885014966063045
0.2967744,0.02201627778005017
0.29679520000000004,-0.0004614197477572624
0.296816,-0.020597451470031645
0.2968368,0.011656367257814491
0.2968576,0.026587181866879358
0.2968784,-0.07235777175918473
0.29689920000000003,0.011508411762607338
0.29692,-0.012312778190441978
0.2969408,-0.001993413682977508
0.2969616,0.04041951869659546
0.29698240000000004,0.03200939419803775
0.2970032,0.05108806350403357
0.297024,0.03706273012572313
0.2970448,-0.03488318960054463
0.2970656,-0.021839080197640425
0.29708640000000003,0.010181066459708954
0.2971072,0.02118643173225347
0.297128,0.009787411797876313
0.2971488,0.02096978409029165
0.29716960000000003,0.061020093038630395
0.2971904,0.026727447408172445
0.2972112,0.018281835887868945
0.297232,-0.016682890901455468
0.2972528,0.039372946073343254
0.2972736,-0.019312611002916008
0.2972944,0.0313845144245202
0.2973152,-0.042977264462955266
0.297336,-0.0342431264480317
0.29735680000000003,0.004015066579159785
0.2973776,0.022293831029158623
0.2973984,-0.019890046748742216
0.2974192,-0.015821338343233435
0.29744000000000004,0.006625745947958466
0.2974608,-0.02273216098930437
0.2974816,-0.0032289343023210104
0.2975024,-0.03307083646701198
0.2975232,0.022166300790965078
0.29754400000000003,-0.007422776232509831
0.2975648,0.024005922884579183
0.2975856,-0.013020845904750769
0.2976064,0.004386927798347581
0.29762720000000004,0.005976937526801401
0.297648,0.009144254972910455
0.2976688,0.0014977447455018665
0.2976896,0.0019406527689443066
0.2977104,0.006828171473426341
0.29773120000000003,-0.031164568047407144
0.297752,0.00764905760682256
0.2977728,-0.009452158470281061
0.2977936,0.008881992515339896
0.29781440000000003,-0.01422937496423606
0.2978352,-0.04639640722332556
0.297856,0.012771421819503186
0.2978768,0.009411222375349575
0.2978976,0.011061924825931843
0.2979184,-0.02627085534195587
0.2979392,0.004811605929366334
0.29796,0.007970171677005661
0.2979808,0.004411479332615054
0.29800160000000003,-0.015389371853372477
0.2980224,0.02464761656837472
0.2980432,0.019154495440663805
0.298064,-0.019406222499579046
0.2980848,0.009130878176615771
0.2981056,0.03291610981912564
0.2981264,-0.01996293889089443
0.2981472,-0.036825223431319706
0.298168,0.0052552044112812455
0.29818880000000003,-0.002334274520347623
0.2982096,-0.018059989679595108
0.2982304,0.008240159182886942
0.2982512,-0.000723421689209107
0.29827200000000004,0.0070631938088698346
0.2982928,0.01765403377036772
0.2983136,-0.025005172195569258
0.2983344,-0.028942814691358856
0.2983552,0.015261137380152388
0.29837600000000003,0.013020362143646658
0.2983968,-0.004276816930585335
0.2984176,-0.0029808892001768617
0.2984384,0.0367575630897172
0.29845920000000004,0.033277553831508405
0.29848,0.01552142929831459
0.2985008,-0.004089412325972109
0.2985216,0.038303116701423105
0.2985424,-0.01489388608900009
0.29856320000000003,-6.224154663046473e-05
0.298584,-0.017203042855825905
0.2986048,0.02062374083670077
0.2986256,0.012068765476448714
0.29864640000000003,0.032492509036696926
0.2986672,-0.004962896377724087
0.298688,0.00970865443787343
0.2987088,-0.01441746557583699
0.2987296,-0.03416783308050698
0.2987504,-0.019692870264580144
0.2987712,0.022719353392526755
0.298792,-0.018981130250582498
0.2988128,-0.026330797732844715
0.29883360000000003,0.00855850189722381
0.2988544,0.011822061117234902
0.2988752,0.006375129346063196
0.298896,0.032319518136081596
0.29891680000000004,-0.009998788567286296
0.2989376,0.007637635384878125
0.2989584,0.02114042847271084
0.2989792,-0.009305943038922772
0.299,0.0023023615751262346
0.29902080000000003,-0.02583567478893422
0.2990416,-0.01498548349585737
0.2990624,-0.0005663891460374051
0.2990832,-0.03065153998678
0.29910400000000004,-0.01978841210070141
0.2991248,-0.027587777029043397
0.2991456,-0.027793249839138546
0.2991664,0.006353036099654919
0.2991872,-0.0019621397316335856
0.29920800000000003,-0.03985031509002853
0.2992288,-0.024282630174205632
0.2992496,0.013172886123644027
0.2992704,0.028097522299940194
0.29929120000000003,-0.03146213242380333
0.299312,-0.001154208642787443
0.2993328,-0.0040909122042810985
0.2993536,-0.017885586536348055
0.2993744,-0.004136272048902892
0.29939520000000003,-0.022423482984032454
0.299416,0.01023955366321592
0.2994368,-0.03292618846304539
0.2994576,-0.006088074715044218
0.29947840000000003,0.007614667331485101
0.2994992,0.0179785586428004
0.29952,-0.01544771500800042
0.2995408,0.0062668395269006
0.2995616,-0.02165676670220177
0.2995824,-0.011276128949368287
0.2996032,-0.0007410695089084794
0.299624,0.008039353707073477
0.2996448,0.012637774112756057
0.29966560000000003,-0.01044638434527047
0.2996864,0.03821391426157911
0.2997072,-0.007118029582564485
0.299728,0.009111562980430605
0.29974880000000004,0.01630447942911219
0.2997696,0.0219162584433212
0.2997904,0.009801771367034815
0.2998112,0.013303170903357732
0.299832,-0.00036591196763937115
0.29985280000000003,-0.001820925888802494
0.2998736,0.01320917222001301
0.2998944,0.011635333451137332
0.2999152,0.01760195947104665
0.29993600000000004,-0.026860010526862543
0.2999568,0.03531256540814669
0.2999776,0.02252205730715936
0.2999984,0.016989872057405674
0.3000192,0.02385552547204812
0.30004000000000003,0.0005639369438180896
0.3000608,0.02924784618883892
0.3000816,0.022748301836673923
0.3001024,0.029062767681293535
0.30012320000000003,-0.00040634607951176607
0.300144,-0.012844163502571445
0.3001648,-0.027508864672268214
0.3001856,0.02094457473053998
0.3002064,-0.017503357296065697
0.3002272,-0.015712070663657367
0.300248,0.020805637933599946
0.3002688,0.004037505918005184
0.3002896,-0.0006113828362935663
0.30031040000000003,-0.017294407884563594
0.3003312,0.006207514420523448
0.300352,-0.036575955591978876
0.3003728,-0.015142230134758567
0.30039360000000004,0.015220091302803858
0.3004144,0.024167537377239135
0.3004352,-0.010533491666830553
0.300456,-0.0005898539441683685
0.3004768,-0.0004416765066759558
0.30049760000000003,-0.02771602085230921
0.3005184,0.018374196670467895
0.3005392,0.009459223880440095
0.30056,0.014874965655639252
0.30058080000000004,0.011323844907229349
0.3006016,-0.012841731760393226
0.3006224,0.007874218654540492
0.3006432,0.03674135544294819
0.300664,0.0002486333498685603
0.30068480000000003,-0.013784266988118719
0.3007056,-0.02912222363991996
0.3007264,0.035382029375172805
0.3007472,-0.04735039072805888
0.30076800000000004,-0.0066142140426918615
0.3007888,0.011650253771446637
0.3008096,-0.022666336969647663
0.3008304,0.033082991296712876
0.3008512,0.016331316202389264
0.30087200000000003,0.02943498679142469
0.3008928,0.007699111739507219
0.3009136,-0.020046813610785297
0.3009344,0.033558449126000714
0.30095520000000003,0.0006657656794100933
0.300976,-0.013537857316441245
0.3009968,-0.005136016393926222
0.3010176,-0.011725848868979026
0.3010384,0.0018082440667770605
0.3010592,-0.03062745330955604
0.30108,0.005305268893703077
0.3011008,-0.010373665081435118
0.3011216,-8.402346314833838e-05
0.30114240000000003,-0.005582822316799418
0.3011632,0.010844461474427466
0.301184,-0.01427521026065639
0.3012048,0.03225730158495711
0.30122560000000004,0.02722326597689207
0.3012464,-0.0006054765032099299
0.3012672,-0.010815213670997276
0.301288,-0.024362890559458356
0.3013088,-0.00579621878819638
0.30132960000000003,0.027076459599848036
0.3013504,-0.022690124737612262
0.3013712,0.019191175691541787
0.301392,0.00029052456673418943
0.30141280000000004,0.006356694547825704
0.3014336,4.635585352390399e-05
0.3014544,-0.010808277059927403
0.3014752,-0.004810105624581324
0.301496,0.004877555282287031
0.30151680000000003,0.009742860167758738
0.3015376,0.01910345190263131
0.3015584,0.0248547155730584
0.3015792,-0.008257495657951069
0.30160000000000003,0.01136359166449077
0.3016208,-0.00222568010875965
0.3016416,-0.02226610452960927
0.3016624,0.005532691259511561
0.3016832,0.005172665276135585
0.301704,-0.02303065615611147
0.3017248,0.021477742037711575
0.3017456,0.02217984285968555
0.3017664,-0.0002934613717399556
0.30178720000000003,-0.007892868580098519
0.301808,0.010722753415745351
0.3018288,-0.010707834070691502
0.3018496,-0.04895144845572416
0.3018704,-0.00037667362867214126
0.3018912,-0.004597231924379523
0.301912,-0.016659675516252432
0.3019328,-0.0032483342540017804
0.3019536,-0.012892634422790102
0.30197440000000003,-0.0042772749836141365
0.3019952,0.020443792562390567
0.302016,0.011520465721120235
0.3020368,-0.014623472205792494
0.30205760000000004,-0.01336069419914826
0.3020784,0.03175069914271163
0.3020992,-0.005405979868597817
0.30212,-0.001314339805041929
0.3021408,0.002979154099637883
0.30216160000000003,-0.0037073270295150586
0.3021824,0.03558794503127977
0.3022032,0.04585055640991717
0.302224,-0.007374340349540919
0.30224480000000004,0.028963858869242347
0.3022656,0.02572609050307183
0.3022864,-0.025611068632836357
0.3023072,-0.012636218246809956
0.302328,0.049247756588440404
0.30234880000000003,0.01815581735253749
0.3023696,-0.007055836737011241
0.3023904,-0.015848699658053418
0.3024112,-0.009440320596763292
0.30243200000000003,-0.003906661887303941
0.3024528,0.023244176012329
0.3024736,0.021485487587375493
0.3024944,0.01324397619701179
0.3025152,0.00665261990277632
0.302536,-0.02183096402210936
0.3025568,-0.021825549286864844
0.3025776,0.031139563051675916
0.3025984,-0.01680274907784275
0.30261920000000003,-0.024705516827307216
0.30264,0.009929028761332564
0.3026608,0.005276806113173692
0.3026816,-0.009392423453108156
0.30270240000000004,0.01996248091834711
0.3027232,0.03292166966197316
0.302744,0.006150933638118873
0.3027648,-0.03721763357678108
0.3027856,-0.013734586247710494
0.30280640000000003,-0.01828119659362937
0.3028272,0.013202779725281498
0.302848,-0.02637317628323827
0.3028688,0.030999932650554736
0.30288960000000004,-0.003505733366488615
0.3029104,-0.029713158790465585
0.3029312,-0.0009545353322880311
0.302952,0.022397337569681642
0.3029728,-9.631120870414973e-05
0.30299360000000003,0.0011360783361253383
0.3030144,-0.01605863407235433
0.3030352,0.021786623386619016
0.303056,-0.018822389652217743
0.30307680000000004,0.017003810842249695
0.3030976,-0.009512114017776074
0.3031184,0.012499932835256404
0.3031392,0.0156370528476831
0.30316,0.010898925200975181
0.30318080000000003,-0.028682133534725297
0.3032016,-0.03535040391596791
0.3032224,-0.014400587134946685
0.3032432,-0.015512762806321074
0.30326400000000003,0.013387556759366235
0.3032848,0.0004235888352787814
0.3033056,0.009503904764863739
0.3033264,-0.01127497877765932
0.3033472,-0.01887730049112192
0.303368,0.0033367435742011836
0.3033888,0.01857055063771616
0.3034096,0.00027803120069748764
0.3034304,-0.021736118929446546
0.30345120000000003,0.014437552378269172
0.303472,-0.004111748988948806
0.3034928,-0.020650872465334008
0.3035136,0.00533817601484013
0.30353440000000004,-0.003613623958864358
0.3035552,0.004923520056268406
0.303576,0.04329390210599312
0.3035968,0.04399232876566961
0.3036176,-7.772647048626417e-05
0.30363840000000003,0.018931024878907566
0.3036592,-0.017719431126131675
0.30368,-0.042410807532061154
0.3037008,0.0033622063571639845
0.30372160000000004,0.014826132753963734
0.3037424,-0.021349794870911595
0.3037632,0.008572962598024881
0.303784,-0.0022585272593797123
0.3038048,-0.028347653007425665
0.30382560000000003,-0.010775565539961098
0.3038464,-0.010098280551123263
0.3038672,-0.012455400871571019
0.303888,0.020000123484158885
0.30390880000000003,0.010536561101569362
0.3039296,0.011518935042442047
0.3039504,-0.012230206366032753
0.3039712,-0.05530983949088903
0.303992,-0.02596103303686674
0.3040128,0.023936594598931837
0.3040336,0.01851278844322324
0.3040544,-0.00331712412668411
0.3040752,-0.03949794670860923
0.30409600000000003,-0.0020744432862947137
0.3041168,-0.0033424794372034295
0.3041376,-0.023576388397963503
0.3041584,-0.009552227880357785
0.30417920000000004,0.01812828954092633
0.3042,0.0005669957443524734
0.3042208,-0.005538116254064626
0.3042416,-0.0036932835666355556
0.3042624,0.018535049624351856
0.30428320000000003,-0.03351928329771908
0.304304,-0.013976179770032763
0.3043248,-0.018939667595836998
0.3043456,-0.032077478268648964
0.30436640000000004,0.02067544755241917
0.3043872,0.047081208002948405
0.304408,-0.0013317310306476056
0.3044288,0.0004287050854829833
0.3044496,0.02752907287773562
0.30447040000000003,-0.011682080781942624
0.3044912,-0.003049628628346095
0.304512,-0.01906298125008053
0.3045328,-0.0005150107731179664
0.30455360000000004,0.05849824510211115
0.3045744,0.009144069968670369
0.3045952,0.002425546113293357
0.304616,0.0001434825009123139
0.3046368,-0.007130970162013217
0.30465760000000003,0.030421774960795563
0.3046784,0.004215040569094404
0.3046992,0.009065518296922993
0.30472,0.005517567219218365
0.30474080000000003,0.013251519527052192
0.3047616,0.005706377233347423
0.3047824,-0.02923380381454789
0.3048032,0.010373798787853161
0.304824,-0.003444397597218366
0.3048448,0.011428400896896491
0.3048656,-0.008800721080944868
0.3048864,-0.02317240549323767
0.3049072,0.0025181259567091576
0.30492800000000003,-0.008629376764014308
0.3049488,-0.010436697087965309
0.3049696,0.021181473071478232
0.3049904,0.008487711188140318
0.30501120000000004,-0.02268449657317397
0.305032,0.0144029626020868
0.3050528,-0.004095219413105511
0.3050736,0.01867764624331938
0.3050944,0.014154451664705798
0.30511520000000003,0.020928743843344623
0.305136,-0.009963329817548406
0.3051568,-0.003379673746101273
0.3051776,0.000594715119825551
0.30519840000000004,-0.04384475226433382
0.3052192,-0.02063576598703139
0.30524,-0.05935719662853772
0.3052608,0.005118429238234995
0.3052816,-0.008959788429607783
0.30530240000000003,0.010629566259349195
0.3053232,-0.00917687819572619
0.305344,-0.033391215003963304
0.3053648,0.02160103810859358
0.30538560000000003,-0.027376966855222947
0.3054064,0.02213619069619029
0.3054272,-0.02575070002949943
0.305448,-0.0010901422543031357
0.3054688,0.019735677113880367
0.30548960000000003,0.011921739838519286
0.3055104,-0.008571946955814976
0.3055312,0.012702979576336463
0.305552,-0.006096449288261925
0.30557280000000003,-0.0195997008246517
0.3055936,0.0038432304476091893
0.3056144,-0.007128757910162125
0.3056352,-0.046915568903231696
0.30565600000000004,0.010235456292473478
0.3056768,0.005573188241851914
0.3056976,-0.015028524557307786
0.3057184,0.010539953709692752
0.3057392,0.006105564745150441
0.30576000000000003,0.027831592922686752
0.3057808,-0.02214747803743713
0.3058016,-0.0174959615361558
0.3058224,0.006127721956703893
0.30584320000000004,0.018493122538702056
0.305864,-0.008735865296730125
0.3058848,0.010621184850374036
0.3059056,0.0027960576844403063
0.3059264,0.003084284647805262
0.30594720000000003,0.01191860479426344
0.305968,-0.03533063167603986
0.3059888,-0.02242073969375001
0.3060096,0.010832258469433857
0.30603040000000004,0.01338506086135651
0.3060512,0.049802061541412014
0.306072,0.000779153343071985
0.3060928,0.023261712098599754
0.3061136,0.006405413676044466
0.30613440000000003,0.030173998682303766
0.3061552,0.008380066106376432
0.306176,-0.025929846149867323
0.3061968,-0.009529417687745475
0.30621760000000003,0.0017737345304924786
0.3062384,0.009853098738279251
0.3062592,-0.027637766497594998
0.30628,0.021937736646062002
0.3063008,0.00889420114881184
0.3063216,0.0014465229346549027
0.3063424,-0.03750935099613901
0.3063632,-0.007821194740391698
0.306384,-0.024497564947868873
0.30640480000000003,0.03074855185044799
0.3064256,-0.0004090862666022235
0.3064464,0.016380291944955723
0.3064672,0.02346124341067422
0.30648800000000004,-0.021482184178868043
0.3065088,-0.010340121434485407
0.3065296,-0.02221880606641741
0.3065504,0.034899453563296295
0.3065712,-0.010602267668643327
0.30659200000000003,-0.019808737230388944
0.3066128,0.007679642538308335
0.3066336,0.008849015049355893
0.3066544,0.006176204922764479
0.30667520000000004,-0.0013232932718856233
0.306696,0.009839693856986673
0.3067168,0.013951386600147346
0.3067376,0.02722261410292892
0.3067584,-0.04133858238164159
0.30677920000000003,-0.02492475754924927
0.3068,0.0058266650982366774
0.3068208,-0.015974374970237733
0.3068416,0.002525199721228324
0.30686240000000004,-0.02639911334312701
0.3068832,0.008338885562197
0.306904,0.014109184744090578
0.3069248,-0.02015002239003502
0.3069456,0.012360600528592022
0.30696640000000003,0.02120723346282614
0.3069872,0.018285045239556236
0.307008,0.004441900477260551
0.3070288,0.011194776532141843
0.30704960000000003,0.010409803620133412
0.3070704,-0.008883506901109313
0.3070912,6.655409561442428e-05
0.307112,0.010929108542318638
0.3071328,0.024576887715341566
0.3071536,-0.019265828172834648
0.3071744,-0.036799276645126076
0.3071952,0.010960209921686923
0.307216,0.025928630593367273
0.30723680000000003,-0.03914969130961629
0.3072576,-0.008408101806425212
0.3072784,0.01735895356697339
0.3072992,0.032615924528796775
0.30732000000000004,-0.009111722981702495
0.3073408,0.02987468064649514
0.3073616,0.014569526894316807
0.3073824,0.021558573536693517
0.3074032,-0.02749740060474797
0.30742400000000003,-0.057577893022843114
0.3074448,-0.005704275484459148
0.3074656,-0.021532401395200546
0.3074864,0.018800923544162247
0.30750720000000004,-0.010448677249270458
0.307528,0.009311664940102663
0.3075488,-0.021008440274758317
0.3075696,0.022451674235986735
0.3075904,9.130603331100964e-05
0.30761120000000003,-0.021270215309113213
0.307632,0.02876231246158977
0.3076528,0.02006967154796299
0.3076736,-0.010317762772664378
0.30769440000000003,-0.006174808469901152
0.3077152,0.013795766702600387
0.307736,0.042364413763596544
0.3077568,0.00047555440620759566
0.3077776,0.003805257520960043
0.3077984,-0.018705437445590202
0.3078192,-0.008204119749845338
0.30784,0.009378673416544648
0.3078608,-0.010198313354082207
0.30788160000000003,0.006484365835094062
0.3079024,-0.002561110260313049
0.3079232,0.002046769590389961
0.307944,-0.016698983671924815
0.30796480000000004,-0.017043487686622304
0.3079856,0.023189700943592052
0.3080064,0.001517062080249923
0.3080272,-0.009863393643136745
0.308048,0.018913256751205865
0.30806880000000003,0.014623883206356509
0.3080896,-0.0044988580222688635
0.3081104,0.0098098096050288
0.3081312,0.0059093169393779725
0.30815200000000004,-0.01893138008339863
0.3081728,-0.006059746630313454
0.3081936,0.010645777226754624
0.3082144,-0.01904928135736548
0.3082352,-0.015530138554398162
0.30825600000000003,-0.00946580632413986
0.3082768,0.012605362268802121
0.3082976,-0.011977726483087826
0.3083184,0.0021089536366847243
0.30833920000000004,0.013535439611998198
0.30836,0.01617511418426506
0.3083808,-0.021834536986154653
0.3084016,0.00209551305154794
0.3084224,-0.004741474160869517
0.30844320000000003,0.0009403843997828651
0.308464,0.014788976938925212
0.3084848,0.02692016568226105
0.3085056,0.005539255103757062
0.30852640000000003,-0.012382032081718316
0.3085472,-0.034197121409751674
0.308568,-0.020785798422038943
0.3085888,0.008276888458850993
0.3086096,0.0012923978967044195
0.3086304,2.0969556803422077e-05
0.3086512,-0.03772233275450315
0.308672,0.0420445821772784
0.3086928,-0.01569853715612388
0.30871360000000003,-0.035582469529667836
0.3087344,0.005311573911197109
0.3087552,-0.04290728313580194
0.308776,0.015401373864925459
0.30879680000000004,-0.005547347356004835
0.3088176,-0.031167174681972075
0.3088384,-0.03667198468996997
0.3088592,-0.00539859700300941
0.30888,-0.012769452956178288
0.30890080000000003,-0.011728719077841463
0.3089216,0.0015623180283107778
0.3089424,-0.02926289462230257
0.3089632,-0.0033968760416996087
0.30898400000000004,0.011589909949784372
0.3090048,-0.0011767696221125423
0.3090256,-0.0010585681101497619
0.3090464,-0.01918697509595412
0.3090672,0.004939093645373124
0.30908800000000003,-0.017291316819133977
0.3091088,-0.03726570981669444
0.3091296,0.03404091822589331
0.3091504,-0.030310003356192255
0.30917120000000003,-0.011130870031962762
0.309192,-0.0033947990481714473
0.3092128,-0.0296568754441487
0.3092336,-0.00020746309198116565
0.3092544,-0.0016956666694005883
0.30927520000000003,0.004340114152199769
0.309296,0.026829449860567713
0.3093168,-0.03804012907077546
0.3093376,0.01359574363369545
0.30935840000000003,0.01240915033148618
0.3093792,-0.005623582620759774
0.3094,-0.003976857536447823
0.3094208,-0.035726901720865366
0.30944160000000004,0.008853355527806897
0.3094624,-0.010303113397967556
0.3094832,-0.0022144647610594015
0.309504,-0.005880084576748174
0.3095248,-0.002654463323544681
0.30954560000000003,-0.015223084786564962
0.3095664,0.014489952159258537
0.3095872,0.005980676443111556
0.309608,-0.006278362057564403
0.30962880000000004,0.044583426927201915
0.3096496,0.03241911020268487
0.3096704,0.00657460528340232
0.3096912,-0.024104597575664247
0.309712,-0.006671432424828258
0.30973280000000003,-0.008004838022054397
0.3097536,-0.011244337840796552
0.3097744,0.011598210235006741
0.3097952,0.005993702650387299
0.30981600000000004,0.0047239492639943054
0.3098368,-0.01431679245471206
0.3098576,0.0432565000864591
0.3098784,-0.003776174060837884
0.3098992,0.019555119850900384
0.30992000000000003,0.02236144810144271
0.3099408,-0.0021687797511063716
0.3099616,-0.007511945543912146
0.3099824,-0.0006639007082198836
0.31000320000000003,-0.07230033222009127
0.310024,0.0057451678793748835
0.3100448,0.0455470662800058
0.3100656,-0.0012640113109281502
0.3100864,-0.0026557241970507147
0.3101072,-0.0214446659649447
0.310128,-0.0011859999757989168
0.3101488,-0.017113919713470992
0.3101696,-0.009847800537284734
0.31019040000000003,0.0014663215926526663
0.3102112,-0.010455987959555105
0.310232,0.012138987020801767
0.3102528,0.0014314763509047483
0.31027360000000004,-0.04141143681147067
0.3102944,-0.0036028153112114803
0.3103152,0.0251808727870683
0.310336,-0.009482469440216896
0.3103568,0.01544618200707993
0.31037760000000003,0.040718512828922866
0.3103984,-0.014323129952445278
0.3104192,-0.01661792853791861
0.31044,0.017461770633758335
0.31046080000000004,0.04168878535354292
0.3104816,-0.03193568149007861
0.3105024,0.013024593103980362
0.3105232,-0.00993607489851229
0.310544,-0.0020537406441148006
0.31056480000000003,-0.02606492153066527
0.3105856,-0.03452562534939507
0.3106064,0.000567139954526187
0.3106272,0.019811129286822028
0.31064800000000004,0.008848506215116073
0.3106688,0.006014049279843319
0.3106896,-0.02351489784849157
0.3107104,-0.04178873891750873
0.3107312,0.009484304208338803
0.31075200000000003,-0.018663682671768378
0.3107728,0.0049278627693445255
0.3107936,0.030218676578719832
0.3108144,0.006147471234228081
0.31083520000000003,-0.01846036255329914
0.310856,-0.011725774670781636
0.3108768,0.004699004696987492
0.3108976,0.007962007134664781
0.3109184,-0.02822474826394209
0.3109392,-0.011950373566604052
0.31096,-0.010270161057147995
0.3109808,0.00358723382765783
0.3110016,0.02645723666727342
0.31102240000000003,0.008185665203202998
0.3110432,0.021122369672517793
0.311064,0.0012125706431246113
0.3110848,-0.0019387794422241148
0.31110560000000004,-0.006729858851591153
0.3111264,-0.01391446428983961
0.3111472,0.02222682627918252
0.311168,-0.0009925099730759635
0.3111888,0.015726951204674693
0.31120960000000003,0.0036265589927907535
0.3112304,0.027582562089865956
0.3112512,-0.012365839855894872
0.311272,0.031301156208639505
0.31129280000000004,-0.020137064735258267
0.3113136,-0.010515028963985026
0.3113344,-0.027960911533203712
0.3113552,-0.016779725055894097
0.311376,-0.008000705289400454
0.31139680000000003,0.03329426574395794
0.3114176,-0.012146470265294423
0.3114384,-0.014651536744133055
0.3114592,-0.0020645174124581276
0.31148000000000003,0.009533500021245494
0.3115008,-0.010629937151405597
0.3115216,0.006277107611646834
0.3115424,-0.0001155213549720866
0.3115632,-0.026445768122727597
0.311584,-0.004239089391992841
0.3116048,-0.01904183946931165
0.3116256,0.013315511119280091
0.3116464,0.01210782504993428
0.31166720000000003,-0.005076712414573276
0.311688,0.02454015589536388
0.3117088,0.0027060009686957856
0.3117296,0.007288911926626054
0.31175040000000004,0.00388676290379705
0.3117712,-0.025191137409240054
0.311792,0.0005688482562491927
0.3118128,0.028084032183294326
0.3118336,-0.02398312514447778
0.31185440000000003,0.008508934188941166
0.3118752,0.002208983753034965
0.311896,0.0291713860201594
0.3119168,0.0342120330417528
0.31193760000000004,-0.005850264959420723
0.3119584,-0.016163696701410313
0.3119792,0.03139727301173807
0.312,0.010089849229538176
0.3120208,-0.011526767110002438
0.31204160000000003,-0.000287865474628867
0.3120624,-0.024690381100421082
0.3120832,0.03281366522974754
0.312104,-0.014689972647550767
0.31212480000000004,0.01182891532212179
0.3121456,-0.02714394172259245
0.3121664,0.01725462345962028
0.3121872,0.00015722280929315074
0.312208,-0.01884935044784073
0.31222880000000003,0.010270506820898565
0.3122496,0.004034901372592143
0.3122704,-0.0055193091494192105
0.3122912,0.010506785967714639
0.31231200000000003,-0.0034168470493644502
0.3123328,-0.0029371997875774804
0.3123536,0.01033963485117144
0.3123744,0.001358121628176611
0.3123952,-0.011565240759972567
0.312416,-0.009245135045382399
0.3124368,-0.011062525405225126
0.3124576,0.026543591634522926
0.3124784,0.05465843547567523
0.31249920000000003,0.036562911941872604
0.31252,-0.02510193148120925
0.3125408,-0.04704571899338578
0.3125616,-0.008168562824955209
0.31258240000000004,-0.003851463989893554
0.3126032,0.010601178344698557
0.312624,-0.0013287350621506628
0.3126448,0.010583154041062099
0.3126656,0.02789658087244967
0.31268640000000003,-0.0030828785621970487
0.3127072,0.001993593443819906
0.312728,-0.010515889072940609
0.3127488,-0.03162298566430236
0.31276960000000004,-0.020231954858459043
0.3127904,0.004919437628303174
0.3128112,0.01750494975895967
0.312832,-0.004107075075902891
0.3128528,0.006618710441294457
0.31287360000000003,-0.030212861451427264
0.3128944,0.013793885384036373
0.3129152,0.016357690753273785
0.312936,-0.02530909032875606
0.31295680000000003,-0.010427743455145893
0.3129776,0.00991316431306244
0.3129984,0.0060608384920866004
0.3130192,0.015295270024616083
0.31304,-0.021641547455184488
0.31306080000000003,0.021689817620441865
0.3130816,-0.02809235375269277
0.3131024,0.023055140863972774
0.3131232,-0.01666859472312699
0.31314400000000003,0.011710820776926503
0.3131648,-0.03342381693792412
0.3131856,0.01318250532945614
0.3132064,0.011860528992329304
0.31322720000000004,0.0063677543837439
0.313248,-0.0018030688169176968
0.3132688,0.006204943226969406
0.3132896,0.04231477203837518
0.3133104,-0.015540456986014422
0.31333120000000003,0.013983952541713062
0.313352,0.011208344911581677
0.3133728,-0.011793467650176059
0.3133936,0.006376414944679527
0.31341440000000004,0.0016635773494060068
0.3134352,-0.002212667519706106
0.313456,0.0023936890362269833
0.3134768,0.01605237332119129
0.3134976,-0.017058093433983068
0.31351840000000003,-0.004797596397590122
0.3135392,-0.015069031110393863
0.31356,-0.009157026398411892
0.3135808,0.0018054775885008808
0.31360160000000004,0.008359470112217583
0.3136224,0.022922606763801708
0.3136432,-0.015561488106458009
0.313664,-0.02389732113941602
0.3136848,-0.005211822801557727
0.31370560000000003,0.024120295635871924
0.3137264,-0.03167305363023589
0.3137472,-0.005722394460961135
0.313768,-0.02492566125635597
0.31378880000000003,0.03261995421682233
0.3138096,0.01730668275510267
0.3138304,-0.022578296297238624
0.3138512,0.013306502296120331
0.313872,-0.011732740213334142
0.3138928,0.010031275305788491
0.3139136,-0.018060690908265124
0.3139344,-0.007964887019414954
0.3139552,-0.0022051780766006303
0.31397600000000003,0.030343272933786126
0.3139968,0.00874747427772347
0.3140176,-0.014348140846332553
0.3140384,-0.020562025915449793
0.31405920000000004,-0.010984064521872238
0.31408,-0.036036834585765176
0.3141008,-0.03758180189120537
0.3141216,-0.0020747060282824983
0.3141424,0.03982440690622151
0.31416320000000003,0.004742771360392993
0.314184,0.03812617335524668
0.3142048,-0.0015686227652925203
0.3142256,-0.01689855771537241
0.31424640000000004,0.007660784074041612
0.3142672,0.01712551047629218
0.314288,0.02385907505861408
0.3143088,0.0005457796316277038
0.3143296,0.002307617905438537
0.31435040000000003,-0.018460455378457995
0.3143712,-0.04263148008761645
0.314392,0.011024660937835835
0.3144128,0.043013490228612006
0.31443360000000004,0.01780860852647587
0.3144544,0.012006095845109128
0.3144752,-0.0037252927290571955
0.314496,4.764352962494567e-05
0.3145168,-0.03347025527083447
0.31453760000000003,-0.010216663261871673
0.3145584,-0.01399904931569259
0.3145792,-0.009088952960860125
0.3146,0.012821728662608138
0.31462080000000003,0.011733086527253746
0.3146416,4.512182031013337e-05
0.3146624,0.02511785828355502
0.3146832,-0.030245191045987333
0.314704,0.022961430936028853
0.3147248,0.0043363717369557485
0.3147456,0.00945834525774271
0.3147664,-0.0028455340779420264
0.3147872,0.012811853431333944
0.31480800000000003,-0.0132398178273436
0.3148288,0.013424417364921446
0.3148496,-0.0016545211069048677
0.3148704,-0.05387912905145298
0.31489120000000004,0.013099649536311585
0.314912,0.014339943184421207
0.3149328,-0.01554657814277808
0.3149536,-0.03294829064418247
0.3149744,0.0018167380880718793
0.31499520000000003,0.03847262492877911
0.315016,0.00677202548588282
0.3150368,0.016320736798510947
0.3150576,-0.01719649355841859
0.31507840000000004,0.0319421769374328
0.3150992,-0.00786649843164295
0.31512,0.007019693233227776
0.3151408,0.024468886440336107
0.3151616,0.040230999990066026
0.31518240000000003,0.004747888784890467
0.3152032,0.015266849106004163
0.315224,-0.024491656608341572
0.3152448,0.02197177265439413
0.31526560000000003,-0.03132745479249037
0.3152864,0.0035641835283142308
0.3153072,-0.03374938767080446
0.315328,0.035218089039785086
0.3153488,0.04241087744343345
0.3153696,0.011696953529055143
0.3153904,0.0011237392588077128
0.3154112,-0.030129301693356043
0.315432,0.0029972562752574256
0.31545280000000003,-0.011883052501922762
0.3154736,0.037180296257488324
0.3154944,-0.005475901081035255
0.3155152,0.005443541119593187
0.31553600000000004,0.029059926763581857
0.3155568,0.019212360033495066
0.3155776,-0.009684814534873595
0.3155984,-0.02214436297772156
0.3156192,0.011193296432735164
0.31564000000000003,-0.007584664120162612
0.3156608,-0.049010196825650235
0.3156816,0.012899469036279589
0.3157024,0.008651589340710104
0.31572320000000004,-0.008003506434102269
0.315744,-0.009858619409059176
0.3157648,0.02604707821332722
0.3157856,-0.004908660195105924
0.3158064,-0.007742963696171693
0.31582720000000003,0.008378643844843141
0.315848,0.021048589311561706
0.3158688,-0.010801368918520654
0.3158896,0.011007177585338913
0.31591040000000004,0.017397738223547617
0.3159312,-0.03283828554746596
0.315952,-0.0020531904785429903
0.3159728,-0.010083658718746426
0.3159936,0.01161442069713121
0.31601440000000003,-0.014744197997500725
0.3160352,0.012394081358830437
0.316056,-0.012491829702117005
0.3160768,-0.012901564372335101
0.31609760000000003,0.0005107099590167834
0.3161184,0.009810589742701901
0.3161392,-0.004468956927302861
0.31616,-0.0037271178445250235
0.3161808,-0.011652165409218606
0.3162016,0.0011857072047564052
0.3162224,0.023553735891343366
0.3162432,-0.0044350450448011015
0.316264,0.016568454908131726
0.31628480000000003,0.007739537099097973
0.3163056,-0.014896562432388948
0.3163264,0.02287404858470921
0.3163472,-0.026892823281672435
0.31636800000000004,0.01577484844500047
0.3163888,0.020015675408986106
0.3164096,0.019163567864653622
0.3164304,-0.0014046390461311374
0.3164512,0.022837145187068572
0.31647200000000003,0.03565109008569895
0.3164928,-0.018032952560511916
0.3165136,-0.023610175944244437
0.3165344,-0.004516583372725618
0.31655520000000004,0.0026191943550192263
0.316576,0.012986251073360003
0.3165968,0.0017669204289807324
0.3166176,-0.016900681968267488
0.3166384,-0.02659837462484603
0.31665920000000003,-0.018261984849867356
0.31668,-0.013778665054848406
0.3167008,-0.004751653319064547
0.3167216,-0.011771519398679556
0.31674240000000004,0.02206001810805012
0.3167632,0.032086209586023096
0.316784,-0.014002108516412978
0.3168048,-0.012991862565485764
0.3168256,0.010753641195305894
0.31684640000000003,0.013582504671455926
0.3168672,0.026342547646226445
0.316888,0.0028923131373397807
0.3169088,-0.0029497453574095053
0.31692960000000003,0.01496455366344739
0.3169504,0.010035117321980317
0.3169712,-0.0065629400142363575
0.316992,-0.017134703048210635
0.31701280000000004,-0.018730373805012617
0.3170336,0.02952388416626379
0.3170544,-0.0021041016912102953
0.3170752,0.050420553690270396
0.317096,-0.014202760187662901
0.31711680000000003,-0.007648318548210987
0.3171376,0.016374035922675816
0.3171584,0.021437530792723862
0.3171792,0.02902693365912661
0.31720000000000004,-0.01182475518682143
0.3172208,0.010487137069504455
0.3172416,-0.019492000897138748
0.3172624,0.05688509713016508
0.3172832,0.04664839747786766
0.31730400000000003,0.004598680765220524
0.3173248,0.011757751423551038
0.3173456,-0.004730191909934323
0.3173664,0.014003660178518049
0.31738720000000004,-0.025877553579198277
0.317408,-0.009669582713259567
0.3174288,-0.024354017724446602
0.3174496,0.007551281791570985
0.3174704,0.03845739940414958
0.31749120000000003,0.0018006523592707106
0.317512,-0.018632085012961073
0.3175328,0.00328972199351102
0.3175536,0.0010285751511760076
0.31757440000000003,0.005919989680624843
0.3175952,-0.04550237270405507
0.317616,-0.005669110829030659
0.3176368,-0.008709938656013876
0.3176576,-0.004705907104239254
0.3176784,0.038463950166362476
0.3176992,-0.01717606943445934
0.31772,-0.032467537957955796
0.3177408,0.009734987349691354
0.31776160000000003,0.009348412496303785
0.3177824,-0.02823729421262343
0.3178032,-0.021132698207474206
0.317824,-0.02198800508549934
0.31784480000000004,0.034860497014704964
0.3178656,0.000335363091896763
0.3178864,0.0012091109810445121
0.3179072,-0.025574009834528958
0.317928,-0.011201909348932265
0.31794880000000003,0.010116909675464322
0.3179696,0.028921410119594947
0.3179904,0.00855584668933631
0.3180112,-0.0006548370552289403
0.31803200000000004,0.013273872199003563
0.3180528,-0.010346574117823274
0.3180736,-0.020565539829394255
0.3180944,-0.006641197759232159
0.3181152,0.017558209138397844
0.31813600000000003,0.02604036438183516
0.3181568,-0.010082432175082083
0.3181776,-0.02612992593688509
0.3181984,0.03325343774411404
0.31821920000000004,0.00797483174192314
0.31824,-0.03100506941696101
0.3182608,-0.02361928433077899
0.3182816,0.012385308480703587
0.3183024,0.0026054436908278713
0.31832320000000003,-0.02053387036156323
0.318344,-0.016581316907981206
0.3183648,0.021965190159834187
0.3183856,0.0219684934236364
0.31840640000000003,0.01847628905335082
0.3184272,0.02160092362371998
0.318448,-0.0013159519079918962
0.3184688,-0.0006612496972429637
0.3184896,-0.023439565069169523
0.3185104,0.018938349867567195
0.3185312,0.017848229223687246
0.318552,-0.012518770167938537
0.3185728,-0.011370726860363946
0.31859360000000003,0.026058916298640593
0.3186144,0.0009231796381690911
0.3186352,0.013425195439512068
0.318656,0.015036861544003053
0.31867680000000004,-0.0006296685229462654
0.3186976,-0.005442020690702658
0.3187184,0.013705242973729397
0.3187392,0.032090812587944606
0.31876,-0.016577666088202044
0.31878080000000003,0.01989396926975616
0.3188016,-0.024407983858085264
0.3188224,-0.005410980609997704
0.3188432,-0.032908784324439666
0.31886400000000004,0.00041503432956139954
0.3188848,0.01966969289288278
0.3189056,-0.002222212351301458
0.3189264,0.011248619196466416
0.3189472,-0.01585949209943289
0.31896800000000003,0.009695054262515764
0.3189888,0.008123151701244193
0.3190096,-0.00383316942890999
0.3190304,0.0005426102725493077
0.31905120000000003,-0.02854916605346993
0.319072,-0.016406359298317366
0.3190928,-0.015027103877370752
0.3191136,0.019170487424896375
0.3191344,-0.0003876372918903062
0.31915520000000003,-0.0015543201144978165
0.319176,0.013423080465665317
0.3191968,0.04561049234271747
0.3192176,0.027500077109808133
0.31923840000000003,0.022337889880255108
0.3192592,-0.01722009738479897
0.31928,0.015747104892778873
0.3193008,-0.022662658302538153
0.31932160000000004,0.01885314260269774
0.3193424,-0.04170187800920706
0.3193632,0.004451758638395548
0.319384,-0.041374590556705095
0.3194048,0.006050547059942873
0.31942560000000003,-0.009395349877966414
0.3194464,0.014720899300251908
0.3194672,0.005447142433158445
0.319488,-0.022029683822084
0.31950880000000004,-0.022000777490158
0.3195296,-0.019635315185134096
0.3195504,0.01910377314020816
0.3195712,-0.003678987157419245
0.319592,0.005732930876123287
0.31961280000000003,-0.01401941049432025
0.3196336,-0.006335845719897121
0.3196544,0.020906445050526655
0.3196752,-0.014737418995250292
0.31969600000000004,0.03056022220706057
0.3197168,0.021198280225181092
0.3197376,-0.005149043004415736
0.3197584,-0.012873373493018855
0.3197792,0.0132744095518021
0.31980000000000003,-0.0450379385398577
0.3198208,-0.020102648043685806
0.3198416,0.01527082923263234
0.3198624,0.028467543366426522
0.31988320000000003,-0.015247059328822633
0.319904,-0.018168166852833133
0.3199248,0.006781433173541862
0.3199456,-0.007098777101383375
0.3199664,0.015205158624490421
0.3199872,-0.02234397661947294
0.320008,0.0032428173622419034
0.3200288,-0.013918434685067895
0.3200496,0.004942487461559995
0.32007040000000003,0.021462033220503638
0.3200912,0.02524881932445949
0.320112,0.008721607557319688
0.3201328,0.008038267586842592
0.32015360000000004,0.029215599237218014
0.3201744,-0.026022207056601698
0.3201952,-0.002200874878670758
0.320216,0.03163104251846448
0.3202368,-0.007475096890242394
0.32025760000000003,0.000623028990162458
0.3202784,-0.021082769034340493
0.3202992,0.014520483194972301
0.32032,-0.0043183146328141945
0.32034080000000004,0.022054055949133154
0.3203616,-0.0005707109572163907
0.3203824,-0.008798437403167894
0.3204032,-0.01990689074844416
0.320424,-0.024219602723397057
0.32044480000000003,0.004727318839672528
0.3204656,-0.027112861829681905
0.3204864,-0.0016694813554658638
0.3205072,-0.0063548711007820275
0.32052800000000004,0.0011437316550893658
0.3205488,0.0180507104840826
0.3205696,-0.024172475299413652
0.3205904,-0.03483814565277525
0.3206112,0.0015728534753765358
0.32063200000000003,-0.013593545891131112
0.3206528,0.005384076291307643
0.3206736,-0.00470176116172717
0.3206944,0.006971332235017283
0.32071520000000003,-0.012319165423430265
0.320736,-0.009297164894399827
0.3207568,-0.0019364782193943854
0.3207776,-0.0017293743944644603
0.32079840000000004,0.05427894441892013
0.3208192,0.003691222249716037
0.32084,-0.02735824097859781
0.3208608,0.013981714328500715
0.3208816,-0.0018047522814030722
0.32090240000000003,0.011268886963970272
0.3209232,0.021538245741373543
0.320944,-0.016481561969100157
0.3209648,0.01751896512290068
0.32098560000000004,-0.01868011249119335
0.3210064,0.02023201179332539
0.3210272,-0.030177764191434482
0.321048,0.006451937838770245
0.3210688,0.00010345684675744935
0.32108960000000003,-0.0063146263249242275
0.3211104,-0.009731346075040951
0.3211312,0.0013828783936415685
0.321152,-0.006832532308059967
0.32117280000000004,0.036420947472090764
0.3211936,0.00504141690861204
0.3212144,-0.008266061113271135
0.3212352,-0.016308708013499637
0.321256,-0.03831136162126426
0.32127680000000003,0.02444564045313413
0.3212976,0.023525451432925108
0.3213184,0.006955763414196926
0.3213392,-0.0004946174027192314
0.32136000000000003,0.011231502849779905
0.3213808,0.026529725709535445
0.3214016,0.031340672081565955
0.3214224,-0.008530513235061703
0.3214432,0.0008337074647030249
0.321464,-0.031028550907059877
0.3214848,-0.003533007090483966
0.3215056,0.03105919270895642
0.3215264,0.020757829559591358
0.32154720000000003,0.004636227313365585
0.321568,0.006642213669656858
0.3215888,-0.012246488889703602
0.3216096,-0.015968344321104395
0.32163040000000004,0.03946248241731801
0.3216512,-0.02251114762211359
0.321672,-0.0022040251952785187
0.3216928,0.008821439236780873
0.3217136,0.007260447176899881
0.32173440000000003,-0.02059536845700858
0.3217552,0.003736690759792916
0.321776,-0.0013179799333750178
0.3217968,0.019585382300538207
0.32181760000000004,-0.029725832946969608
0.3218384,-0.027689327257654012
0.3218592,0.02395686521481064
0.32188,-0.023606275288856123
0.3219008,-0.010303148692790509
0.32192160000000003,-0.006650743128603917
0.3219424,-0.03074672799065349
0.3219632,0.004344700185711331
0.321984,0.0028913152452758424
0.32200480000000004,-0.019241517569203268
0.3220256,-0.0068538301925624556
0.3220464,0.0003849074415475279
0.3220672,-0.014325570032472767
0.322088,0.025155093389348283
0.32210880000000003,-0.02770088092897353
0.3221296,0.005831517024278671
0.3221504,0.0012552779736570525
0.3221712,-0.027950076411216173
0.32219200000000003,-0.026119565835969725
0.3222128,0.0007346114617937062
0.3222336,0.006559221672953924
0.3222544,-0.05036519133757566
0.32227520000000004,-0.010256501135846124
0.322296,0.04512623819382378
0.3223168,-0.0013704752868001588
0.3223376,-0.00210106500279114
0.3223584,-0.005027599599797707
0.32237920000000003,0.005272487578297658
0.3224,0.010268080607947358
0.3224208,0.004465986612060552
0.3224416,0.007028687323424693
0.32246240000000004,-0.02149874907738742
0.3224832,0.015377297752619232
0.322504,0.016848255524831122
0.3225248,0.020965389421467296
0.3225456,0.01994287116422006
0.32256640000000003,-0.005556560191883366
0.3225872,0.02297865462875285
0.322608,-0.014867176944859728
0.3226288,-0.007222348319935418
0.32264960000000004,-0.002363528970754167
0.3226704,-0.032333860049697974
0.3226912,0.022702858370575014
0.322712,0.01583249465878689
0.3227328,-0.013972447024076249
0.32275360000000003,0.026932538873017085
0.3227744,0.028378771197642833
0.3227952,-0.009669743685739076
0.322816,-0.0057719438097820035
0.32283680000000003,-0.018823548350124356
0.3228576,0.02759169707973682
0.3228784,-0.014383892424246392
0.3228992,0.01424423973526008
0.32292,-0.02055074890211764
0.32294080000000003,0.015622692017468735
0.3229616,0.04130387520487294
0.3229824,-0.013845486489174023
0.3230032,0.020214310539837962
0.32302400000000003,-0.019698236040968726
0.3230448,0.002462520939145063
0.3230656,-0.0063594428533333336
0.3230864,0.004108933811355672
0.32310720000000004,0.015466486062703035
0.323128,0.013374026607770637
0.3231488,-0.014564406593475823
0.3231696,-0.012426066041496726
0.3231904,-0.017153335224184336
0.32321120000000003,0.012719376649831433
0.323232,0.012114251391684617
0.3232528,-0.01046833181555255
0.3232736,0.00934944287345568
0.32329440000000004,0.0121545686412262
0.3233152,0.006057152698645794
0.323336,-0.005255369687555678
0.3233568,0.012083899036683119
0.3233776,0.01853821922100794
0.32339840000000003,0.008869572377473137
0.3234192,-0.006956214364238562
0.32344,0.025431387865369446
0.3234608,0.00028183291603479986
0.32348160000000004,0.02088001278780534
0.3235024,-0.03468470727749389
0.3235232,-0.017365960586058136
0.323544,0.007491499730374576
0.3235648,-0.027160932541041745
0.32358560000000003,0.027051616135717164
0.3236064,-0.01024178761475858
0.3236272,-0.008055749647058399
0.323648,0.010185007381022758
0.32366880000000003,0.009187302874589829
0.3236896,-0.010246973841175027
0.3237104,-0.0038365618186478215
0.3237312,0.005479684423386941
0.323752,0.014574036029345224
0.3237728,0.006471568718681266
0.3237936,0.0213399424276574
0.3238144,0.010829149966496218
0.3238352,-0.03730359723084333
0.32385600000000003,0.01684663735425207
0.3238768,0.01150705916784613
0.3238976,-0.0058004098737619945
0.3239184,-0.016988850193024447
0.32393920000000004,-0.02575394826815213
0.32396,-0.011559624708794578
0.3239808,-0.0005022294624872845
0.3240016,0.01409397454992758
0.3240224,-0.01723580961440592
0.32404320000000003,-0.0041968736860119515
0.324064,0.03189046603791062
0.3240848,-0.014913534697656739
0.3241056,-0.008647136787680408
0.32412640000000004,0.03475303285110506
0.3241472,-0.0395276882944436
0.324168,0.013314755456117626
0.3241888,-0.024946613000827317
0.3242096,0.0034216876590555134
0.32423040000000003,-0.02103286801906522
0.3242512,-0.0069327871849362
0.324272,-0.015403001081941153
0.3242928,0.0026475247327571163
0.32431360000000004,0.016804393326513734
0.3243344,0.02370872198579913
0.3243552,-0.001484144034362938
0.324376,-0.01697591691316097
0.3243968,-0.03533636853230027
0.32441760000000003,-0.001292425358653238
0.3244384,-0.027134813491489006
0.3244592,0.020976166997305076
0.32448,-0.0006253021760176756
0.32450080000000003,-0.01792356849745453
0.3245216,-0.025392598594089485
0.3245424,-0.029951927398765406
0.3245632,0.02358503724524034
0.32458400000000004,0.01051590759021323
0.3246048,-0.003384190583166875
0.3246256,-0.01512285611887194
0.3246464,0.006584221403809151
0.3246672,0.008050182564980541
0.32468800000000003,-0.011879031095778028
0.3247088,-0.005993480507483382
0.3247296,-0.003993224646524283
0.3247504,-0.01368233565380329
0.32477120000000004,-0.005334095553130503
0.324792,0.015882808759697793
0.3248128,-0.010745466714857491
0.3248336,0.018641171733950627
0.3248544,0.031133804121981405
0.32487520000000003,-0.03947185827617814
0.324896,0.021747346744530074
0.3249168,-0.0051158565465913505
0.3249376,-0.03702221621094772
0.32495840000000004,-0.014160412049322692
0.3249792,0.010892704075476541
0.325,0.004780878269841207
0.3250208,0.005272704583101482
0.3250416,-0.005631799995842492
0.32506240000000003,0.007513362544825465
0.3250832,0.00026714825418272173
0.325104,0.005928288910803176
0.3251248,-0.02507502724012149
0.32514560000000003,0.04646325638063673
0.3251664,0.01404801298303323
0.3251872,-0.01912472372308858
0.325208,-0.017003655309686175
0.3252288,-0.012316904672545486
0.3252496,0.03825171342237395
0.3252704,-0.006698432804050227
0.3252912,0.006304477731713859
0.325312,0.040788839699572796
0.32533280000000003,0.00841189345563154
0.3253536,-0.012187338394966015
0.3253744,-0.0024028892867537406
0.3253952,-0.0066394621341748904
0.32541600000000004,-0.023269385856870002
0.3254368,0.02427269049854001
0.3254576,0.025370897013558217
0.3254784,-0.031198749556264966
0.3254992,-0.0009796191374135802
0.32552000000000003,0.0043974386800903625
0.3255408,0.01290824860414902
0.3255616,-0.03375122842093459
0.3255824,-0.009504788812881249
0.32560320000000004,-0.03309152243347927
0.325624,-0.00676821877640929
0.3256448,-0.0031742875311407542
0.3256656,0.019382411174939156
0.3256864,0.0035130111506732073
0.32570720000000003,0.0007821848977546421
0.325728,-0.017413226535476556
0.3257488,-0.0053843710654881295
0.3257696,0.016641263697259323
0.32579040000000004,-0.009421168670272491
0.3258112,-0.023776943142351042
0.325832,0.0003860921980916532
0.3258528,-0.0069072719208517945
0.3258736,0.012206634972572229
0.32589440000000003,0.007736870768151255
0.3259152,-0.013722896555409514
0.325936,-0.014319254624604595
0.3259568,-0.03839351278266354
0.32597760000000003,0.012370529583853146
0.3259984,0.019430210274784872
0.3260192,-0.01734777247694213
0.32604,0.007884338709599877
0.32606080000000004,0.0013060999851244508
0.3260816,-0.0023107888133506865
0.3261024,0.022200494550338495
0.3261232,-0.014244425349186044
0.326144,0.021850978604096183
0.32616480000000003,0.0031483462517403983
0.3261856,0.050861998359506465
0.3262064,-0.010176872312462186
0.3262272,-0.012111118069038813
0.32624800000000004,-0.01967383358275596
0.3262688,-0.003718808948553168
0.3262896,0.021845665647574095
0.3263104,-0.020698015000274753
0.3263312,-0.009435958257427279
0.32635200000000003,-0.013027194614025342
0.3263728,-0.00288358271517547
0.3263936,-0.007322023110847129
0.3264144,-0.014762882250304312
0.32643520000000004,-0.023174697240043986
0.326456,0.029881189737700133
0.3264768,-0.007590210585677575
0.3264976,-0.006117919772298735
0.3265184,0.029181907729717946
0.32653920000000003,0.02671826262569693
0.32656,-0.010989325529078829
0.3265808,0.02733335357255526
0.3266016,0.007457700262275547
0.32662240000000003,0.010283755358533085
0.3266432,0.015278333550271932
0.326664,-0.02106463975768245
0.3266848,0.0073045242893406085
0.3267056,0.0013792588610901588
0.32672640000000003,0.013417545901469497
0.3267472,-0.008395136187796368
0.326768,-0.013977256669366975
0.3267888,-0.012106179964797768
0.32680960000000003,0.006549913612115642
0.3268304,0.017877625792606742
0.3268512,-0.030826848919090512
0.326872,-0.0008514347808639368
0.32689280000000004,0.01780539063256181
0.3269136,-0.029880088251285963
0.3269344,0.006327138342782455
0.3269552,-0.02792393318991443
0.326976,-0.02447245079026817
0.32699680000000003,0.006746214765300196
0.3270176,0.01474629838052799
0.3270384,0.025334970375158444
0.3270592,0.009117799707730261
0.32708000000000004,0.007262018979195942
0.3271008,-0.00952963173607808
0.3271216,0.006168110327100628
0.3271424,0.01590255617564032
0.3271632,-0.002731812378879968
0.32718400000000003,-0.006649689361502501
0.3272048,0.02614497466250275
0.3272256,0.0013427751366242087
0.3272464,-0.0287569767145377
0.32726720000000004,0.0053550535261900865
0.327288,-0.010454843718250327
0.3273088,0.012954527819458434
0.3273296,-0.023755476128349804
0.3273504,-0.03607167671142049
0.32737120000000003,0.0012760254692260817
0.327392,0.009558178865795464
0.3274128,-0.04356417245633842
0.3274336,0.04221453674721648
0.32745440000000003,-0.001731128632466667
0.3274752,-0.019640598530832578
0.327496,0.012114764017824223
0.3275168,-0.012345964653503303
0.3275376,-0.00923098985897371
0.3275584,-0.009717834873793076
0.3275792,0.021526678038253953
0.3276,-0.015365466659836177
0.3276208,-0.007197701208717134
0.32764160000000003,-0.015066085169542241
0.3276624,-0.013599994304212173
0.3276832,-0.014908867829663816
0.327704,-0.012875361830534086
0.32772480000000004,-0.024887908860746235
0.3277456,-0.0034029684950682916
0.3277664,0.0039001149474837604
0.3277872,-0.0061125789464596715
0.327808,-0.026006073120585376
0.32782880000000003,-0.030087500898820306
0.3278496,-0.014831259042259343
0.3278704,-0.01866627641241349
0.3278912,-0.00408968119113344
0.32791200000000004,0.010077546796607901
0.3279328,-0.006871005662831528
0.3279536,0.027097062432717624
0.3279744,-0.020832449047135965
0.3279952,-0.008738112633303279
0.32801600000000003,0.026978881732573637
0.3280368,0.0311548417230305
0.3280576,-0.008727526809971017
0.3280784,-0.02335923797064742
0.32809920000000004,0.03162748446563639
0.32812,0.0027211209023468574
0.3281408,-0.01878730402850053
0.3281616,-0.005802864494287297
0.3281824,0.048351421238418624
0.32820320000000003,-0.005001242538825154
0.328224,0.013021871351773918
0.3282448,-0.01624051452322865
0.3282656,0.004729914361148879
0.32828640000000003,0.018188398289070894
0.3283072,0.007231520554846448
0.328328,0.005278648391582345
0.3283488,-0.00515373132346524
0.32836960000000004,0.0074045948692064096
0.3283904,-0.04683432906090756
0.3284112,-0.009877406793941624
0.328432,0.011614329104791031
0.3284528,0.007374620054534145
0.32847360000000003,-0.004795988162798354
0.3284944,0.022981902674684786
0.3285152,-0.00560925507223168
0.328536,0.053686056413991365
0.32855680000000004,0.0367052412607347
0.3285776,0.046553074942324434
0.3285984,0.03302762851788727
0.3286192,0.00451282751707831
0.32864,-0.0395622516006517
0.32866080000000003,0.030762254213454746
0.3286816,0.011663153389418531
0.3287024,-0.010926715948921764
0.3287232,-0.008078632153499538
0.32874400000000004,-0.01895369398585226
0.3287648,0.013684391434170901
0.3287856,-0.030195694752653227
0.3288064,0.01641277068424846
0.3288272,0.00706023520653652
0.32884800000000003,0.012949630054132237
0.3288688,-0.014810445911809978
0.3288896,0.007201304851018427
0.3289104,-0.006835237430735533
0.32893120000000003,0.004736883501763704
0.328952,-0.019607837129020103
0.3289728,-0.0062230489389496985
0.3289936,-0.006188471145509077
0.3290144,0.012497313065489074
0.3290352,-0.02012919195034146
0.329056,-0.03908807176999207
0.3290768,-0.010123239831972273
0.3290976,-0.015202511519085882
0.32911840000000003,-0.009001139615239342
0.3291392,0.009957279327220027
0.32916,-0.0153813822076583
0.3291808,-0.00022356222633143578
0.32920160000000004,-0.014413954605333552
0.3292224,-0.007082513504113969
0.3292432,0.003815138145753658
0.329264,-0.008142252826059343
0.3292848,0.0199798068906129
0.32930560000000003,0.01108850317014546
0.3293264,0.008664511217273112
0.3293472,-0.02148191264402109
0.329368,-0.0032881419340546427
0.32938880000000004,0.016598961879202102
0.3294096,0.03398232684085651
0.3294304,-0.03358248818475099
0.3294512,0.002240315172602448
0.329472,-0.005131935277086141
0.32949280000000003,-0.008014611930286193
0.3295136,0.022920573952250212
0.3295344,-0.0014995277723938148
0.3295552,-0.02779619526879621
0.32957600000000004,0.021361326827924867
0.3295968,-0.010007840780378521
0.3296176,-0.008850291981547867
0.3296384,-0.0018739191224876012
0.3296592,-0.0005494159706055257
0.32968000000000003,0.008576310305106803
0.3297008,0.006048572207281282
0.3297216,0.0015148330524710897
0.3297424,0.015495398404824355
0.32976320000000003,0.002378521959013988
0.329784,0.011246944284384696
0.3298048,0.001178126604626939
0.3298256,-0.002158580824314543
0.32984640000000004,-0.01068411776732039
0.3298672,0.028513205527913685
0.329888,-0.0072588879565866895
0.3299088,0.017156529463489792
0.3299296,0.01997607412067071
0.32995040000000003,0.008946835758529878
0.3299712,0.013789264877398451
0.329992,0.031322664554204044
0.3300128,0.009709297357201042
0.33003360000000004,0.004649631112104675
0.3300544,0.019461179992540305
0.3300752,0.0003916524390896749
0.330096,-0.0022852239283093056
0.3301168,0.030399641522472442
0.33013760000000003,0.03122929144749477
0.3301584,0.015387692909563875
0.3301792,-0.0021231895019926863
0.3302,-0.017612116670808052
0.33022080000000004,-0.005428613274111075
0.3302416,-0.006342132581974852
0.3302624,-0.007123668798655628
0.3302832,0.01643985334145747
0.330304,0.004296589735707756
0.33032480000000003,0.009975283629445693
0.3303456,-0.01200776506600013
0.3303664,-0.020966502119495255
0.3303872,-0.014862015548168486
0.33040800000000004,-0.009263469587215904
0.3304288,-0.002085449311918706
0.3304496,0.00392602855353883
0.3304704,0.013264595873994518
0.3304912,0.034066555403880684
0.33051200000000003,-0.01449661605898488
0.3305328,0.007911269991883666
0.3305536,0.04232682489356903
0.3305744,-0.0042373333525647615
0.33059520000000003,-0.007448529496947405
0.330616,0.008580967392920717
0.3306368,-0.027198811549104272
0.3306576,-0.031453835524406865
0.33067840000000004,-0.017314473834141638
0.3306992,0.0053841383385973655
0.33072,-0.023428155893329423
0.3307408,-0.019205803993666906
0.3307616,0.002890884001660437
0.33078240000000003,0.0290995445203439
0.3308032,-0.005981036943402639
0.330824,-0.01013379212904767
0.3308448,0.003762339630815879
0.33086560000000004,-0.01621411867655905
0.3308864,-0.005749768277208907
0.3309072,0.030798057391636352
0.330928,0.009681330317705565
0.3309488,-0.017562885915187607
0.33096960000000003,-0.019543400348742287
0.3309904,0.014831347570199547
0.3310112,-0.028758973162570055
0.331032,0.018396787840213657
0.33105280000000004,0.006574512548202423
0.3310736,0.004137918306557776
0.3310944,-0.015513412927136514
0.3311152,0.03715577612260125
0.331136,-0.02334468055956187
0.33115680000000003,0.016969048165235343
0.3311776,0.009088409735635756
0.3311984,0.02413144800373387
0.3312192,-0.01846349464261691
0.33124000000000003,-0.0020237250649211094
0.3312608,-0.018550675572195526
0.3312816,-0.004652185850485691
0.3313024,0.007668316395129118
0.3313232,0.01599969665200607
0.331344,-0.008616370227954149
0.3313648,0.04414203799667612
0.3313856,-0.03473501859075713
0.3314064,-0.011883039313778697
0.33142720000000003,-0.02815512974714188
0.331448,0.002804604305816991
0.3314688,-0.017656290610521975
0.3314896,0.005143155958362382
0.33151040000000004,-0.027715727224795306
0.3315312,-0.01460522945272549
0.331552,0.03155552927859179
0.3315728,0.010453677247347188
0.3315936,-0.0007808347378691226
0.33161440000000003,0.002577261353447511
0.3316352,0.024858604429420065
0.331656,0.008871510668644214
0.3316768,-0.015378947047692966
0.33169760000000004,-0.01620757780027903
0.3317184,0.021046299165603587
0.3317392,-0.001947529051983308
0.33176,0.00645943443804624
0.3317808,-0.007556251874654151
0.33180160000000003,0.031542381694014014
0.3318224,-0.02121419106274276
0.3318432,0.01142007399331363
0.331864,-0.013221376295747047
0.33188480000000004,0.021839175596495904
0.3319056,-0.001685245169896459
0.3319264,0.003971537738985264
0.3319472,0.0182669498131978
0.331968,-0.0017008780961290109
0.33198880000000003,0.019838148771384945
0.3320096,-0.04308064926550264
0.3320304,-0.013623915416823068
0.3320512,0.012396802374211976
0.33207200000000003,-0.004477960237054055
0.3320928,0.006310688046277113
0.3321136,0.03662173020713031
0.3321344,-0.03221142507054666
0.33215520000000004,0.000846601050319576
0.332176,-0.038632675887618324
0.3321968,0.00965222087139378
0.3322176,-0.012060184233567953
0.3322384,0.011859728767899825
0.33225920000000003,0.019391074968463262
0.33228,0.018693623486535808
0.3323008,-0.012825571631543563
0.3323216,0.04661194623330801
0.33234240000000004,-0.0061517257549902095
0.3323632,0.001243122644263294
0.332384,-0.01012800029948523
0.3324048,-0.0011971077041836187
0.3324256,0.009114288990153391
0.33244640000000003,0.019603755048396624
0.3324672,0.0025380267812000435
0.332488,-0.02103101605305484
0.3325088,0.006612928521594925
0.33252960000000004,-0.006217700013404676
0.3325504,0.01784627565689699
0.3325712,-0.021310966515809736
0.332592,0.005742156220089244
0.3326128,-0.01580552763881466
0.33263360000000003,0.004673389866474242
0.3326544,-0.010048851778295223
0.3326752,0.04097760635909509
0.332696,0.009618178622740775
0.33271680000000003,-0.03502015388242569
0.3327376,0.02811795758710527
0.3327584,-0.007710703918843341
0.3327792,0.007183224013152647
0.3328,-0.01671581022881036
0.3328208,0.00841777605015113
0.3328416,0.0005894222908572522
0.3328624,-0.019138467350934177
0.3328832,0.006346998249681862
0.33290400000000003,0.006360179000435538
0.3329248,0.0066893411292248675
0.3329456,-0.022686407341089777
0.3329664,-0.023976007418373205
0.33298720000000004,-0.007000224345550697
0.333008,0.011307848567883904
0.3330288,-0.03000536504780708
0.3330496,-0.00042995156065528406
0.3330704,-0.02384566187702457
0.33309120000000003,0.01961997465216429
0.333112,0.007234780690931153
0.3331328,-0.005596790084639213
0.3331536,0.026562737790395263
0.33317440000000004,0.004711124641986344
0.3331952,-0.03542483434396464
0.333216,-0.030457443929763975
0.3332368,-0.007785247516173333
0.3332576,0.03593907680326194
0.33327840000000003,0.000943579588316009
0.3332992,-0.012922485576511367
0.33332,-0.014981114150350104
0.3333408,0.004871972736793201
0.33336160000000004,-0.01927492224791124
0.3333824,-0.008777857040877352
0.3334032,-0.0026056241618600366
0.333424,-0.00019501040222933617
0.3334448,-0.0008356461438967657
0.33346560000000003,0.02794321142282038
0.3334864,0.025501185479548195
0.3335072,0.01926774289947058
0.333528,-0.02450124133698788
0.33354880000000003,0.015152351153912495
0.3335696,0.0041789712278139995
0.3335904,0.006871929670637003
0.3336112,0.007183784854019937
0.33363200000000004,-0.0007946409611990788
0.3336528,0.03632414024120182
0.3336736,0.005766840846067646
0.3336944,0.0120721416896814
0.3337152,0.013628366678292324
0.33373600000000003,0.005986327813993272
0.3337568,0.008369678229634652
0.3337776,-0.0022224177319082254
0.3337984,-0.004531058076624714
0.33381920000000004,-0.009399585518804857
0.33384,-0.005269579122728618
0.3338608,-0.01080557476252879
0.3338816,-0.0029719242117964523
0.3339024,-0.0020641092348606875
0.33392320000000003,-0.03276169602187919
0.333944,0.0055677989088933275
0.3339648,0.008991092789383169
0.3339856,-0.01601170910240822
0.33400640000000004,0.03573615177604987
0.3340272,-0.008255968085947293
0.334048,0.024111368589784236
0.3340688,-0.01118676913510652
0.3340896,-0.012879854641072276
0.33411040000000003,-0.02188956806794999
0.3341312,-0.004656396528218198
0.334152,-0.0006609680221066263
0.3341728,-0.03179847487346409
0.33419360000000004,0.022969311269055135
0.3342144,0.013310672926912908
0.3342352,0.012369103948640988
0.334256,0.0010083687436029706
0.3342768,0.011644167676328181
0.33429760000000003,-0.0018537032478539047
0.3343184,0.05053559506555773
0.3343392,0.006386316139656213
0.33436,0.008911717648345667
0.33438080000000003,0.019396649963326594
0.3344016,-0.0037149935663220897
0.3344224,-0.004806953917688316
0.3344432,-0.0037284068885068983
0.33446400000000004,-0.01864848488754364
0.3344848,-0.0070644892966468965
0.3345056,0.010954864747788548
0.3345264,0.00432512335221994
0.3345472,0.007743938368785353
0.33456800000000003,0.037623235027857416
0.3345888,0.0022812634487628567
0.3346096,-0.0010503584508142118
0.3346304,-0.020752757084742876
0.33465120000000004,-0.021846400444007572
0.334672,-0.008814202193966206
0.3346928,0.004898250197621862
0.3347136,0.0028649641856525352
0.3347344,0.0032321378479374554
0.33475520000000003,0.02242187592299299
0.334776,0.010942991481068292
0.3347968,-0.01145621559525227
0.3348176,0.013643174840513816
0.33483840000000004,-0.013117049917413267
0.3348592,-0.0025282289900835173
0.33488,-0.010290441293715114
0.3349008,-0.012312402968475921
0.3349216,0.009174549169304996
0.33494240000000003,-0.005402017707548586
0.3349632,-0.029643280117842268
0.334984,-0.01196866790532663
0.3350048,0.005346691017450223
0.33502560000000003,-0.0020039316361105636
0.3350464,0.021313736253791116
0.3350672,-0.023133121998336857
0.335088,0.01608747468777649
0.3351088,-0.012040296309969441
0.3351296,-0.037981853600134126
0.3351504,0.03047990178077204
0.3351712,0.015873150792336636
0.335192,-0.0021091162929607527
0.33521280000000003,0.0012541140038763578
0.3352336,-0.021544738697086837
0.3352544,-0.015167611462021094
0.3352752,0.03548465838569346
0.33529600000000004,-0.034802427466039676
0.3353168,0.008800776514839225
0.3353376,-0.02300441429474738
0.3353584,-0.007665741481067151
0.3353792,0.006059529814338407
0.33540000000000003,0.02191414888509131
0.3354208,-0.007186349416394111
0.3354416,-0.02836081330849869
0.3354624,0.015613983353116697
0.33548320000000004,-0.015288743701015779
0.335504,0.021762820514141325
0.3355248,-0.019299998894722416
0.3355456,-0.008007837558435548
0.3355664,0.021400125951706244
0.33558720000000003,-0.0002666097336336872
0.335608,-0.055400802841306135
0.3356288,0.021252745031634896
0.3356496,0.009035436532410013
0.33567040000000004,-0.00434217204435851
0.3356912,-0.03324512793550902
0.335712,-0.022736701608336726
0.3357328,-0.00033332437222938487
0.3357536,-0.008907559762545708
0.33577440000000003,-0.03901706531965039
0.3357952,-0.006065232030884394
0.335816,0.005675951150000432
0.3358368,0.018276202890862736
0.33585760000000003,-0.004196341386790096
0.3358784,-0.027420307685664433
0.3358992,-0.008287721300783596
0.33592,-0.030220023036552534
0.33594080000000004,0.006982474336953716
0.3359616,0.025095610766815348
0.3359824,-0.011158299001966836
0.3360032,-0.03499287231969192
0.336024,0.003950586118929979
0.33604480000000003,-0.0061480513088289545
0.3360656,0.007014699701538978
0.3360864,-0.026463581960343978
0.3361072,-0.002937917488820747
0.33612800000000004,-0.01733951246715851
0.3361488,-0.02018593576514038
0.3361696,0.01515818652760658
0.3361904,0.0017151389878102361
0.3362112,0.02330583440501753
0.33623200000000003,-0.011536828170384624
0.3362528,-0.0007630963693823784
0.3362736,0.00905550998495894
0.3362944,0.013253986291003937
0.33631520000000004,-0.00833939453197107
0.336336,0.028799295018505196
0.3363568,-0.02260159345509027
0.3363776,0.037346440829837936
0.3363984,0.045775283186569315
0.33641920000000003,0.029211789238833382
0.33644,-0.0025090874853466913
0.3364608,-0.021199503702606953
0.3364816,-0.02513602748326303
0.33650240000000003,0.03070639976433234
0.3365232,0.018393845769948926
0.336544,0.014794425968422523
0.3365648,-0.013204146121224626
0.3365856,0.02504739280380694
0.33660640000000003,0.05512382888349829
0.3366272,-0.03947966863355016
0.336648,0.001047978039411872
0.3366688,-0.012174409524339668
0.33668960000000003,-0.012387316133575044
0.3367104,0.006530843201549532
0.3367312,0.018030196777389255
0.336752,0.01775267737010433
0.33677280000000004,-0.009134751290441827
0.3367936,0.0348584824270493
0.3368144,-0.002950571015544136
0.3368352,-0.0013897064461654736
0.336856,0.022345922854725506
0.33687680000000003,-0.011353297468278518
0.3368976,0.0026999372142030684
0.3369184,-0.02550055445239441
0.3369392,-0.00282263271831818
0.33696000000000004,0.0403703881645183
0.3369808,0.02893193125083841
0.3370016,-0.00048450177090111635
0.3370224,-0.010746769619999041
0.3370432,0.00374866619147458
0.33706400000000003,0.018013789362724606
0.3370848,0.07233817970467445
0.3371056,-0.023270740376087094
0.3371264,0.0059205641036457505
0.33714720000000004,0.004389769033892505
0.337168,-0.028156281331482652
0.3371888,0.005085858045863424
0.3372096,0.0006476657022456997
0.3372304,0.007570464879389804
0.33725120000000003,0.0011991887571164745
0.337272,-0.02877800196617884
0.3372928,-0.001394403773072729
0.3373136,0.021477042302752065
0.33733440000000003,0.0052790350501214075
0.3373552,0.04177125120526488
0.337376,-0.01686457463498836
0.3373968,0.014603858232919879
0.33741760000000004,-0.006255101496451116
0.3374384,0.02401556064197462
0.3374592,-0.004998236085883733
0.33748,0.026040878622911646
0.3375008,0.008677127053609152
0.33752160000000003,0.01568780187344483
0.3375424,-0.039399027097591015
0.3375632,0.0072640811462217235
0.337584,0.005437705328716449
0.33760480000000004,0.0016110742677601544
0.3376256,-0.003768722587601569
0.3376464,0.018269809061032507
0.3376672,-0.03000204519704818
0.337688,-0.013092948219279593
0.33770880000000003,0.014145060253426519
0.3377296,0.017661241169509716
0.3377504,0.01866014418739647
0.3377712,-0.02615290812653379
0.33779200000000004,-0.014593017848734034
0.3378128,0.003181281309640603
0.3378336,-0.010120722262827253
0.3378544,-0.027427561341417942
0.3378752,0.0013930235541198034
0.33789600000000003,-0.005728669339190077
0.3379168,0.0017395641634760449
0.3379376,0.02138781059260971
0.3379584,-0.018372138077538073
0.33797920000000004,-0.013298493645125975
0.338,-0.013107853201484195
0.3380208,0.014765758146539772
0.3380416,-0.0005928225839917792
0.3380624,-0.0017411803328842071
0.33808320000000003,-0.014822602544216622
0.338104,-0.0261011897841284
0.3381248,0.022402932736073217
0.3381456,0.008082251106178662
0.33816640000000003,0.03246867860970764
0.3381872,-0.016116535774530576
0.338208,-0.014914678859885946
0.3382288,0.015352098328972373
0.33824960000000004,-0.013291882252809816
0.3382704,0.005047954203059912
0.3382912,-0.01854360909518985
0.338312,-0.01892850425812596
0.3383328,0.012288220983789198
0.33835360000000003,-0.006888134792840816
0.3383744,0.012838545509159745
0.3383952,0.02296190704324043
0.338416,0.0015855039283943757
0.33843680000000004,-0.048512774697759276
0.3384576,-0.05028832602985195
0.3384784,0.007790171601618526
0.3384992,0.002993003228980836
0.33852,0.00026433202086287245
0.33854080000000003,0.012433671140649893
0.3385616,-0.012938929082144486
0.3385824,-0.005233803892705681
0.3386032,-0.040266052857614365
0.33862400000000004,0.035485054104542856
0.3386448,0.008691237392885439
0.3386656,0.029822455409711894
0.3386864,0.009081491431532116
0.3387072,-0.01071325158803327
0.33872800000000003,0.03390650965397419
0.3387488,-0.016985514558524553
0.3387696,0.013131500006979263
0.3387904,0.0005013962446589683
0.33881120000000003,-0.004633288059721539
0.338832,-0.021689681823450296
0.3388528,-0.0205943547282312
0.3388736,0.0023051328789014773
0.3388944,0.028330770788634493
0.3389152,0.021818614899131616
0.338936,-0.011031870148750445
0.3389568,-0.03528706762378348
0.3389776,0.022330168179655132
0.33899840000000003,-0.006165467325416328
0.3390192,0.001289354818825364
0.33904,-0.049022975403670024
0.3390608,0.02087375934336306
0.33908160000000004,0.029716736574320335
0.3391024,0.030831111067925694
0.3391232,-0.017103481858131556
0.339144,-0.005922493363639522
0.3391648,0.02392091900698782
0.33918560000000003,-0.026352151043792685
0.3392064,-0.006163897801163996
0.3392272,0.019125710293285064
0.339248,0.012883271490291722
0.33926880000000004,-0.023041275218150387
0.3392896,0.013130989211367348
0.3393104,-0.005851575365738942
0.3393312,0.004653060286011593
0.339352,-0.02095413795337875
0.33937280000000003,-0.024476626171658456
0.3393936,0.01753514768869677
0.3394144,-0.020363172229254337
0.3394352,-0.006954199834965682
0.33945600000000004,0.014437502304238646
0.3394768,-8.645395630915831e-05
0.3394976,-0.022877958752775464
0.3395184,-0.03233121134221441
0.3395392,0.01815091312727934
0.33956000000000003,0.028240479536475835
0.3395808,0.03337517648516764
0.3396016,-0.019392402352466396
0.3396224,0.006896144912208933
0.33964320000000003,0.000899439925527429
0.339664,0.021774548605812936
0.3396848,-0.007118733718108333
0.3397056,0.0021885196775231273
0.33972640000000004,-0.019034768694556163
0.3397472,0.0043404370850980145
0.339768,0.016200311691369297
0.3397888,-0.007890568107477128
0.3398096,-0.03048906628145217
0.33983040000000003,-0.03829587625342377
0.3398512,0.01721443801512392
0.339872,0.02112162732861918
0.3398928,-0.004070420981683165
0.33991360000000004,-0.003625770148181589
0.3399344,-0.06565900380993726
0.3399552,-0.0019196152200410032
0.339976,0.0161628502232534
0.3399968,0.023057933315699032
0.34001760000000003,0.012055027860955784
0.3400384,-0.006360181166917051
0.3400592,0.02619218718668243
0.34008,0.013607003918456094
0.34010080000000004,-0.02306293646179821
0.3401216,-0.014302369913401381
0.3401424,-0.0162226184432014
0.3401632,0.018878108146226216
0.340184,-0.0022304873027622777
0.34020480000000003,0.0076351643150563515
0.3402256,-0.01464999478647994
0.3402464,-0.0446265771965704
0.3402672,-0.03481328486028111
0.34028800000000003,0.012053518411443817
0.3403088,0.015404155583193729
0.3403296,-0.02050359060277736
0.3403504,0.005717212042979237
0.3403712,-0.011717055672619993
0.34039200000000003,-0.03630600631610496
0.3404128,0.01055187796737062
0.3404336,-0.05569135682834302
0.3404544,-0.017653891140919788
0.34047520000000003,0.033365459951988564
0.340496,-0.03965120351523829
0.3405168,-0.011769493992396646
0.3405376,-0.0022611974037227596
0.34055840000000004,0.0037276588662125076
0.3405792,-0.021840233219465127
0.3406,-0.00875858390332855
0.3406208,0.020248778049958085
0.3406416,-0.006889978959301213
0.34066240000000003,0.01664877951920214
0.3406832,-0.014494150334887603
0.340704,-0.02446242820317308
0.3407248,0.009444231464993808
0.34074560000000004,-0.002495082098530203
0.3407664,0.03326259743631858
0.3407872,0.009074127355646012
0.340808,0.007501766821790129
0.3408288,-0.03260728047469025
0.34084960000000003,0.014055249526353605
0.3408704,0.004887314813961353
0.3408912,0.01902128551392543
0.340912,0.02224216326615659
0.34093280000000004,0.010061364627034488
0.3409536,0.00045083318923395824
0.3409744,0.004208101838586884
0.3409952,-0.018536981814144045
0.341016,0.003188025320785403
0.34103680000000003,-0.027553634492820046
0.3410576,-0.04410250017531596
0.3410784,-0.003300346766235679
0.3410992,-0.028567773635024492
0.34112000000000003,-0.0086719561511054
0.3411408,-0.033330537156809274
0.3411616,-0.0041405243548793295
0.3411824,-0.00201885241394374
0.34120320000000004,0.011079933320122741
0.341224,-0.03143535239193461
0.3412448,-0.03176578259382162
0.3412656,0.02839258650830464
0.3412864,0.013210126109542406
0.34130720000000003,-0.034601727824883695
0.341328,-0.02893783402959844
0.3413488,0.016138816666573064
0.3413696,-0.022641943172783972
0.34139040000000004,0.01613602810696306
0.3414112,0.016339094531387762
0.341432,0.030405465571350477
0.3414528,-0.0061542209278459565
0.3414736,-0.018483963832356773
0.34149440000000003,-0.005082650206613416
0.3415152,0.015466555142740332
0.341536,-0.026007020279977158
0.3415568,-0.010332627877066783
0.34157760000000004,0.006169657655587393
0.3415984,-0.005685931687844396
0.3416192,-0.00465733719385789
0.34164,0.0004924505283820884
0.3416608,0.006745712515522521
0.34168160000000003,0.0026729641196195655
0.3417024,0.03462930380298664
0.3417232,-0.02575094293646528
0.341744,0.025274858833626273
0.34176480000000004,-0.002190644104982088
0.3417856,0.0005556437222155632
0.3418064,-0.012508459088740806
0.3418272,0.03275541319094774
0.341848,-0.034178245483750556
0.34186880000000003,-0.010953411504961435
0.3418896,-0.020912456947458805
0.3419104,0.00012672979341607192
0.3419312,-0.01985347419733296
0.34195200000000003,0.024435974756265733
0.3419728,0.016289704031493057
0.3419936,0.009350493287169451
0.3420144,0.018143194927104075
0.34203520000000004,-0.017470809021131135
0.342056,0.02290465188032188
0.3420768,-0.019403666680178924
0.3420976,0.01104765316341118
0.3421184,-0.007920124665213947
0.34213920000000003,-0.03003741736121885
0.34216,-0.04575717741866809
0.3421808,-0.016448344913473415
0.3422016,-0.03299468706470289
0.34222240000000004,-0.01201191368084741
0.3422432,0.024303473385536428
0.342264,-0.01424615927483467
0.3422848,-0.028722132279737234
0.3423056,-0.026880707682673168
0.34232640000000003,-0.006145433555099485
0.3423472,0.013369635556266515
0.342368,-0.005896713590326742
0.3423888,0.008284848788039843
0.34240960000000004,0.003439738815413352
0.3424304,-0.006725316254546006
0.3424512,0.025656687208566026
0.342472,-0.022647351114697106
0.3424928,0.030135537881005276
0.34251360000000003,-0.017999268862017814
0.3425344,0.0005852141466863275
0.3425552,0.0016469249075732877
0.342576,0.011514541791725657
0.34259680000000003,0.052507334985889186
0.3426176,0.0386248333068775
0.3426384,-0.011299500786811911
0.3426592,0.009251378730679898
0.34268000000000004,-0.000644591772256567
0.3427008,0.010124444596138036
0.3427216,0.0008415981956668832
0.3427424,-0.018858862613212252
0.3427632,-0.00889907052079603
0.34278400000000003,0.009476584195116647
0.3428048,0.027960349253540597
0.3428256,-0.007213419724373982
0.3428464,-0.00764593933302528
0.34286720000000004,-0.016199118860225556
0.342888,0.006164251555046718
0.3429088,-0.025519278388009388
0.3429296,-0.02816608141040178
0.3429504,0.0194356160462718
0.34297120000000003,0.003085271278228971
0.342992,-0.021715502172880517
0.3430128,-0.03362239463882966
0.3430336,0.01611519664834305
0.34305440000000004,-0.0008362462455695433
0.3430752,0.020197419123398064
0.343096,-0.015460168831815002
0.3431168,-0.019536995286133115
0.3431376,-0.0006937207494441722
0.34315840000000003,-0.013571836716013808
0.3431792,0.011270348012712504
0.3432,0.0036533456160093313
0.3432208,0.057865357146314175
0.34324160000000004,0.03472344501609987
0.3432624,-0.005285191475148863
0.3432832,-0.003757555812829566
0.343304,-0.04903199783512116
0.3433248,0.008069971110197902
0.34334560000000003,0.018705598499203835
0.3433664,-0.023704811257310866
0.3433872,-0.01693442437750965
0.343408,-0.004535380865842341
0.34342880000000003,-0.019400244101138307
0.3434496,0.041945882089797784
0.3434704,0.0042246694268267045
0.3434912,-0.01820290072694335
0.34351200000000004,0.0057293106887846236
0.3435328,-0.0003993363171587801
0.3435536,-0.007611039713269808
0.3435744,0.0001674115105176085
0.3435952,0.0022748458998402923
0.34361600000000003,0.032637148469939425
0.3436368,-0.00586074952927649
0.3436576,0.009518707483054068
0.3436784,0.008717482253425632
0.34369920000000004,-0.016347264712810696
0.34372,0.02977484905252954
0.3437408,0.0007230923050665379
0.3437616,-0.030084149854157072
0.3437824,0.003177145867478821
0.34380320000000003,0.00850457202837135
0.343824,0.009546662610350587
0.3438448,0.024033250257109468
0.3438656,0.038098973599826357
0.34388640000000004,-0.021327044802930316
0.3439072,-0.01963605310301395
0.343928,-0.014653782817411087
0.3439488,-0.016204460425080124
0.3439696,-0.01747129194596031
0.34399040000000003,0.005612445140285586
0.3440112,-0.022067279694290145
0.344032,-0.0006388950991323032
0.3440528,0.00319833150751404
0.34407360000000003,-0.007802276435989655
0.3440944,-0.02505517766643263
0.3441152,0.016169805016827216
0.344136,-0.01076680811983195
0.3441568,-0.01062064823644203
0.34417760000000003,-0.0004728550831284515
0.3441984,-0.07471739625062192
0.3442192,0.0038440407366461364
0.34424,-0.0006170095072252678
0.34426080000000003,0.020124293168954054
0.3442816,0.005313921966277665
0.3443024,0.009742869743261611
0.3443232,0.0051796545102090604
0.34434400000000004,-0.007620152934873133
0.3443648,-0.006599557185374758
0.3443856,0.004777095198548888
0.3444064,3.0112908120845638e-05
0.3444272,0.006160060449049411
0.34444800000000003,-0.0074706417784294425
0.3444688,-0.006451765500198998
0.3444896,-0.004237990592044794
0.3445104,0.004555616015549163
0.34453120000000004,-0.001560582373944928
0.344552,0.03447165748928424
0.3445728,-0.004634556862057194
0.3445936,0.008743085596366126
0.3446144,0.0008430754696103818
0.34463520000000003,0.0018815237120933595
0.344656,0.005421693541950635
0.3446768,-0.017699489503054385
0.3446976,-0.013904320277143573
0.34471840000000004,-0.029039641019869906
0.3447392,-0.004497964965478864
0.34476,0.01004734230674728
0.3447808,-0.05684175891643224
0.3448016,-0.026635899025487526
0.34482240000000003,0.011278256778005882
0.3448432,-0.005992185976678355
0.344864,-0.017119798538399792
0.3448848,0.01179914401851372
0.34490560000000003,0.000802336670497379
0.3449264,-0.007208546260279828
0.3449472,-0.013691355724421123
0.344968,-0.02678273898764661
0.34498880000000004,0.01622671151036716
0.3450096,0.013970591626370824
0.3450304,-0.009524090411045079
0.3450512,-0.009105689207352283
0.345072,-0.01629005318713822
0.34509280000000003,-0.022990626829558304
0.3451136,0.02628348416103406
0.3451344,0.01784692677731988
0.3451552,-0.030943498694963198
0.34517600000000004,0.013639666893363777
0.3451968,-0.03150925075677322
0.3452176,-0.016203377473354704
0.3452384,-0.013331655167369526
0.3452592,0.0007773825925584225
0.34528000000000003,0.009807111715370425
0.3453008,0.01493459013789395
0.3453216,-0.02067457920947914
0.3453424,0.006289799421026745
0.34536320000000004,0.014061306468776623
0.345384,0.0013986593407117867
0.3454048,-0.020175919897870945
0.3454256,0.013769392299908773
0.3454464,0.03851671555849362
0.34546720000000003,0.007988892299395011
0.345488,0.0007801466557230466
0.3455088,0.008921619199473096
0.3455296,0.019544846105975337
0.34555040000000004,-0.028477155470875214
0.3455712,-0.00375455010979295
0.345592,-0.015827307661481334
0.3456128,0.005841897536681012
0.3456336,-0.027803335377213596
0.34565440000000003,-0.009546261776885107
0.3456752,0.01622916604983903
0.345696,0.02432936600956511
0.3457168,-0.03706058957641573
0.34573760000000003,0.014883032413423513
0.3457584,-0.03197163696756965
0.3457792,-0.038481481922377735
0.3458,-0.0067657752386416255
0.34582080000000004,-0.016112809931701406
0.3458416,-0.008508128518410027
0.3458624,-0.01784995737806551
0.3458832,-0.003150740534238941
0.345904,0.0065298168109621385
0.34592480000000003,0.0033633377697393748
0.3459456,0.027905009342065135
0.3459664,0.005618846029098957
0.3459872,0.02251404070128294
0.34600800000000004,-0.0015573239228781424
0.3460288,0.006134976202160128
0.3460496,0.004683056909799921
0.3460704,-0.00013634309825263645
0.3460912,-0.035579712909986794
0.34611200000000003,0.029761361939454486
0.3461328,-0.0011131002663288742
0.3461536,-0.019094525211681364
0.3461744,-0.005519517116834094
0.34619520000000004,0.0007165828706151571
0.346216,-0.009896255635899453
0.3462368,-0.03933923628312597
0.3462576,-0.024674418399174804
0.3462784,0.014196557506964587
0.34629920000000003,0.025428119214110128
0.34632,0.015330613093790519
0.3463408,-0.007317659882925667
0.3463616,-0.013405206631967665
0.34638240000000003,0.01690371570027457
0.3464032,-0.0031113968128252648
0.346424,0.031097733016028077
0.3464448,0.007772518324493368
0.34646560000000004,0.0058438919863444145
0.3464864,0.013392400850163048
0.3465072,0.009447615086820214
0.346528,0.0006527804481791088
0.3465488,-0.0009152941842402957
0.34656960000000003,0.04377091935942796
0.3465904,-0.010935663225472242
0.3466112,0.01718793321104028
0.346632,0.020380529051844766
0.34665280000000004,-0.01870839632425253
0.3466736,-0.009930384301751296
0.3466944,0.004226956886727734
0.3467152,-0.0022849500970663923
0.346736,0.0191530220152751
0.34675680000000003,-0.03749668643835549
0.3467776,0.011209508283753172
0.3467984,0.012830115854720624
0.3468192,0.011636488951034167
0.34684000000000004,0.02761339691317894
0.3468608,0.01531242104677543
0.3468816,-0.017715055817363084
0.3469024,0.014976431479151982
0.3469232,-0.007067321209871601
0.34694400000000003,-0.018681713662692348
0.3469648,0.008600454640214472
0.3469856,0.016021230284252185
0.3470064,0.0030017027817798095
0.34702720000000004,0.029791018727395605
0.347048,-0.028664564126807193
0.3470688,-0.010363684098689416
0.3470896,-0.023142023338368362
0.3471104,0.016514950986665063
0.34713120000000003,-0.022176436484849574
0.347152,-0.03908367428102959
0.3471728,-0.015639071593951358
0.3471936,-0.019437815431939974
0.34721440000000003,-0.005145593411585294
0.3472352,-0.026455558824579617
0.347256,-0.00037873980941621787
0.3472768,-0.00857976495659934
0.34729760000000004,-0.005517866193555686
0.3473184,-0.019761962312244422
0.3473392,-0.002778934315874461
0.34736,-0.003349389347931341
0.3473808,-0.005081415407475626
0.34740160000000003,0.02172139594914164
0.3474224,0.027983117054083677
0.3474432,-0.05156788253631659
0.347464,0.002292372037808395
0.34748480000000004,-0.008983181907036843
0.3475056,-0.036696301760111
0.3475264,0.008811665699267952
0.3475472,0.021125165972412544
0.347568,-0.00332001252007303
0.34758880000000003,0.01739309725495438
0.3476096,-0.016308226527452074
0.3476304,0.006303360497659204
0.3476512,0.0007550413999325042
0.34767200000000004,0.017955139879610196
0.3476928,0.002085282559234671
0.3477136,-0.005064453583757555
0.3477344,0.02999407504691736
0.3477552,0.01040255665441006
0.34777600000000003,-0.013125646802932087
0.3477968,0.011372917645612723
0.3478176,-0.02683092671223147
0.3478384,-0.007987052728293248
0.34785920000000004,-0.020203649288933135
0.34788,0.0024565041352907144
0.3479008,-0.06573039856323436
0.3479216,0.019329115382772297
0.3479424,0.04044430015505638
0.34796320000000003,0.00885210892073332
0.347984,0.031706712114937245
0.3480048,-0.0038275334574901527
0.3480256,0.010304625604416879
0.34804640000000003,-0.05307378516945766
0.3480672,-0.004419233383108533
0.348088,-0.01377915526620003
0.3481088,0.01827105197040722
0.34812960000000004,-0.0031486800892257774
0.3481504,-0.04204712653838886
0.3481712,-0.014933840155218106
0.348192,-0.010482356712249704
0.3482128,-0.012109187975506853
0.34823360000000003,-0.018427139749104298
0.3482544,0.021121040203948695
0.3482752,0.01039488218131928
0.348296,0.012137476316054904
0.34831680000000004,-0.004995544865813782
0.3483376,0.0019601311954624548
0.3483584,-0.0030396223834452197
0.3483792,-0.03453883759559879
0.3484,-0.031570861559947865
0.34842080000000003,-0.007927139866336027
0.3484416,0.012237450320848864
0.3484624,-0.03984800059377171
0.3484832,-0.005382909878509607
0.34850400000000004,0.003630802164749534
0.3485248,0.013641295891676283
0.3485456,0.010690377971277256
0.3485664,0.004171802292251478
0.3485872,0.010065497725605273
0.34860800000000003,-0.015926842129327715
0.3486288,-0.0013652973462894413
0.3486496,0.007901212866110223
0.3486704,0.028886720369452227
0.34869120000000003,0.020752199419553384
0.348712,0.0068021379720164706
0.3487328,0.019533267812737405
0.3487536,-0.017202731008864575
0.34877440000000004,-0.02580235893063561
0.3487952,-0.005385848950722578
0.348816,-0.010484811291506385
0.3488368,-0.020720417643282075
0.3488576,-0.015402861007011614
0.34887840000000003,-0.031043714133634135
0.3488992,0.010369200077796497
0.34892,-0.006162355907384526
0.3489408,-8.69108545709522e-05
0.34896160000000004,-0.025310505660502646
0.3489824,-0.006058256769306398
0.3490032,-0.013092859129465026
0.349024,-0.014401446423231852
0.3490448,-0.001778138062276297
0.34906560000000003,-0.006927296441988819
0.3490864,0.01048023891815744
0.3491072,-0.039778772327135725
0.349128,0.0030716011062565042
0.34914880000000004,-0.008973247552020797
0.3491696,-0.00573557946364379
0.3491904,0.046126164820269835
0.3492112,0.019151313774877107
0.349232,-0.023186607707080576
0.34925280000000003,-0.007102250349567925
0.3492736,0.009007372607812836
0.3492944,0.028176045126062057
0.3493152,-0.00918996542015391
0.34933600000000004,-0.0010143339403899932
0.3493568,-0.000794731532551292
0.3493776,-0.004325673445727752
0.3493984,0.0015244929366964135
0.3494192,-0.03391708729672657
0.34944000000000003,0.0022494001559211054
0.3494608,-0.009474517184478457
0.3494816,-0.008188387954515812
0.3495024,0.0010914336431178458
0.34952320000000003,0.0031258515994237158
0.349544,0.024725051107016085
0.3495648,-0.011721109899216098
0.3495856,-0.03232823281749961
0.34960640000000004,-0.023068719350355874
0.3496272,-0.016171280631757403
0.349648,-0.004151842115031289
0.3496688,0.00754417275209095
0.3496896,0.01837294699792183
0.34971040000000003,0.014352170144116494
0.3497312,0.02646592944039085
0.349752,-0.0011783975184833223
0.3497728,-0.01713798917720817
0.34979360000000004,-0.014385748987621905
0.3498144,0.006277057204758211
0.3498352,-0.018575087833099958
0.349856,-0.032633716934724964
0.3498768,0.019902552068920568
0.34989760000000003,0.02782304908649895
0.3499184,0.003221536057959281
0.3499392,0.0020848546866995077
0.34996,-0.011272097270188637
0.34998080000000004,-0.0021757386716683385
0.3500016,-0.03456424154325559
0.3500224,-0.008751528494244418
0.3500432,-0.026159973624233716
0.350064,0.008299911353376063
0.35008480000000003,0.021410401260299913
0.3501056,-0.024351982973766725
0.3501264,0.027144046580381616
0.3501472,0.031219556476987584
0.35016800000000003,-0.00037705334808460614
0.3501888,0.0018968174767435594
0.3502096,-0.020968673354893008
0.3502304,-0.03570336740078789
0.35025120000000004,0.027522978827406206
0.35027200000000003,0.0036876638793360813
0.3502928,0.01892621704375277
0.3503136,0.02786598474263352
0.3503344,0.005220973769431818
0.35035520000000003,0.013370741208855792
0.350376,-0.011514318818106155
0.3503968,0.006935294068179169
0.3504176,-0.00293454552559206
0.35043840000000004,-0.008635480434127964
0.3504592,-0.023642472670390286
0.35048,-0.02003798570902706
0.3505008,0.004111633653597039
0.3505216,0.002098885508105282
0.35054240000000003,0.014954952991804556
0.3505632,-0.0027451564919951745
0.350584,0.010511213385361236
0.3506048,0.007656754074704248
0.35062560000000004,-0.017809367793409123
0.3506464,-0.02559642217161595
0.3506672,-0.032559597022264616
0.350688,0.024272631950440493
0.3507088,-0.0006711611752807673
0.35072960000000003,0.02696268937844343
0.3507504,-0.011220429526312583
0.3507712,0.010478430362934428
0.350792,-0.029982239275160225
0.35081280000000004,-0.03014987248263531
0.3508336,-0.03311104010759719
0.3508544,-0.010161766140052856
0.3508752,-0.030862341506018978
0.350896,-0.015022825048323996
0.35091680000000003,-0.010823356443468223
0.3509376,-0.01547528811454749
0.3509584,-0.030390492703572865
0.3509792,-0.0027963082291280737
0.35100000000000003,0.004669130017715937
0.3510208,-0.0004516780723978264
0.3510416,0.010998123611724015
0.3510624,-0.005986189038681087
0.35108320000000004,-0.014795158917522575
0.351104,-0.030640297227873915
0.3511248,0.012802013701927257
0.3511456,0.007182580589926933
0.3511664,0.016971257873494197
0.35118720000000003,-0.032702009866826254
0.351208,0.016169675134906594
0.3512288,0.025312267736791
0.3512496,0.00934676557100214
0.35127040000000004,0.009049014233534923
0.3512912,-0.001951250361415495
0.351312,0.0073835792805822505
0.3513328,0.011092842095845218
0.3513536,-0.0011698159325957559
0.35137440000000003,-0.0006672668571167929
0.3513952,0.031074465098594024
0.351416,-0.040547174407104106
0.3514368,-0.008734416617541098
0.35145760000000004,0.005941377124215599
0.3514784,0.010072952346647398
0.3514992,-0.012444155749159502
0.35152,0.020837603631034124
0.3515408,0.013338320178702323
0.35156160000000003,-0.011469409722326667
0.3515824,0.007071739946976484
0.3516032,-0.0005940454368782106
0.351624,-0.0016293841198456026
0.35164480000000004,-0.005864069158179969
0.3516656,0.0011031217446899522
0.3516864,0.003736656140299606
0.3517072,-0.01260793213543478
0.351728,0.04076919204431622
0.35174880000000003,-0.05947188859485759
0.3517696,0.005219391235857138
0.3517904,0.03623353017216497
0.3518112,0.033700490343372136
0.35183200000000003,0.03093200025680431
0.3518528,-0.022189651264737844
0.3518736,0.0009704230286671364
0.3518944,-0.004939802984177718
0.35191520000000004,-0.007414474702251579
0.351936,0.007474670894421703
0.3519568,0.014230259643137422
0.3519776,-0.0011588396593762641
0.3519984,-0.013042677404034015
0.35201920000000003,0.015019098070386178
0.35204,-0.014257858134337767
0.3520608,0.002084376803585779
0.3520816,-0.015405055339237746
0.35210240000000004,-0.01487117609137499
0.3521232,-0.001228998086513543
0.352144,0.024925616102238105
0.3521648,-0.019195097240592426
0.3521856,0.0054327277749771355
0.35220640000000003,-0.00931727927936511
0.3522272,0.011355646679094028
0.352248,-0.04383923981346868
0.3522688,0.0466204166450045
0.35228960000000004,-0.020526524743123813
0.3523104,-0.0132205475332034
0.3523312,-0.02703353903807318
0.352352,0.01702479985146708
0.3523728,-0.009920284680638613
0.35239360000000003,-0.010799337270285718
0.3524144,0.002738292292931958
0.3524352,-0.006300172038727186
0.352456,0.011255490946270008
0.35247680000000003,0.013996799438773046
0.3524976,0.0019089790097614125
0.3525184,-0.01844205256443708
0.3525392,-0.018222319496983216
0.35256000000000004,-0.049504211280548535
0.3525808,0.04963806682773865
0.3526016,0.008130959905208963
0.3526224,0.01873726674372711
0.3526432,-0.0016478108259208235
0.35266400000000003,0.009037491537225745
0.3526848,0.017222594671666064
0.3527056,0.01423862290114357
0.3527264,0.02033043465914467
0.35274720000000004,-0.021807554725425997
0.352768,0.02626186253910976
0.3527888,-0.009903049030942496
0.3528096,0.035181174282469314
0.3528304,0.014088769201039368
0.35285120000000003,-0.028403473174319092
0.352872,0.024866999042867773
0.3528928,0.024789291881878617
0.3529136,0.020814021991612464
0.35293440000000004,0.029705544198333367
0.3529552,0.050345316709510333
0.352976,0.04695329293503516
0.3529968,-0.008469128271671579
0.3530176,-0.005439287283669191
0.35303840000000003,-0.004112626462208726
0.3530592,0.0023874311962556205
0.35308,-0.026102153422005142
0.3531008,-0.01713369948059701
0.35312160000000004,0.00508836087033731
0.3531424,-0.01761601747259307
0.3531632,0.006971535096953298
0.353184,-0.012698915708332235
0.3532048,0.02737340478216553
0.35322560000000003,0.031091069696919254
0.3532464,0.012396150778333321
0.3532672,-0.021364604169123908
0.353288,-0.007321537269421704
0.35330880000000003,-0.03134369929806893
0.3533296,-0.014736452629686703
0.3533504,0.03536958065822376
0.3533712,0.033134547673718685
0.35339200000000004,-0.008436657678157603
0.3534128,0.019109431441548287
0.3534336,0.025993957087549806
0.3534544,0.01813854090336743
0.3534752,0.01568972230736661
0.35349600000000003,-0.0021018853261469783
0.3535168,-0.010880686348834889
0.3535376,-0.004656748113196706
0.3535584,-0.0137240281863836
0.35357920000000004,0.010174372446034146
0.3536,-0.014719868683654784
0.3536208,-0.008819224243855204
0.3536416,-0.024541363882458055
0.3536624,0.0069399964192571025
0.35368320000000003,-0.0026695219209027115
0.353704,-0.03193539444825866
0.3537248,-0.00030161989016649286
0.3537456,-0.045326189015671974
0.35376640000000004,0.022918106703236893
0.3537872,-0.004274761351523784
0.353808,0.027780261141448742
0.3538288,0.055408574336298734
0.3538496,-0.00970076181166808
0.35387040000000003,-0.022177846167848257
0.3538912,0.006332659275217783
0.353912,0.024153631697168734
0.3539328,-0.03685935381278518
0.35395360000000003,0.03311764412622608
0.3539744,-0.00522671844442036
0.3539952,0.030262707040434836
0.354016,0.0002002897182953951
0.35403680000000004,0.0002448274385418062
0.35405760000000003,-0.019051626723129055
0.3540784,-0.016093285354690852
0.3540992,0.022968048030663716
0.35412,0.003189729471918723
0.35414080000000003,-0.028392872113611637
0.3541616,0.010671108470542753
0.3541824,-0.01008123867333121
0.3542032,-0.010413684442076007
0.35422400000000004,-0.011151481532142824
0.3542448,0.007977116568118248
0.3542656,-0.009980765128084058
0.3542864,0.030237536387384238
0.3543072,-0.013987113932743649
0.35432800000000003,0.00304400744342504
0.3543488,-0.015723158978473564
0.3543696,0.011276515385048105
0.3543904,0.020506246213091498
0.35441120000000004,-0.03706384702885926
0.354432,0.010338358920932374
0.3544528,-0.010414320020635028
0.3544736,0.002243722429466428
0.3544944,0.022019817371628145
0.35451520000000003,-0.010784225978217741
0.354536,0.03877642886754602
0.3545568,-0.0009306829064273293
0.3545776,-0.03820698023125418
0.35459840000000004,0.021463473927112897
0.3546192,0.01239583341262224
0.35464,-0.02385401252046207
0.3546608,0.0005592163802982794
0.3546816,-0.023278679261257935
0.35470240000000003,0.01760927512625085
0.3547232,-0.01209725001858315
0.354744,0.017189928935686088
0.3547648,-0.005967081850501757
0.35478560000000003,0.009510901718514351
0.3548064,0.019260574145463692
0.3548272,0.01141659112844667
0.354848,-0.005616444531903705
0.35486880000000004,0.0012871305093064289
0.3548896,-0.02495011920988573
0.3549104,-0.017549647696279674
0.3549312,-0.01166607491878338
0.354952,0.011575635644144442
0.35497280000000003,0.005695592399717744
0.3549936,-0.01847740739498865
0.3550144,-0.005995785359621822
0.3550352,0.010109293307842772
0.35505600000000004,0.02767537195159162
0.3550768,0.04167837718851072
0.3550976,0.011573869445611019
0.3551184,-0.006623578159588299
0.3551392,0.011002915151758613
0.35516000000000003,0.03308633984221687
0.3551808,0.03386348929524978
0.3552016,-0.007163418787655097
0.3552224,0.005144111679572697
0.35524320000000004,0.01422407657382543
0.355264,0.027928603158913077
0.3552848,0.02315600953428787
0.3553056,0.002070552021120912
0.3553264,0.017501938498024106
0.35534720000000003,-0.0034372260929118256
0.355368,-0.01516955689920298
0.3553888,0.0038362182649375885
0.3554096,-0.012078576867868073
0.35543040000000004,0.022779985646025125
0.3554512,-0.04271310575603743
0.355472,-0.02331153261525347
0.3554928,0.0022508283963894337
0.3555136,0.023269694419546166
0.35553440000000003,0.00746641843098357
0.3555552,0.002927426085066219
0.355576,-0.000997724259837055
0.3555968,0.03274158749891784
0.35561760000000003,-0.05045944965980999
0.3556384,-0.030947277145479467
0.3556592,-0.010314550675390147
0.35568,0.013513119907454267
0.35570080000000004,0.009173618767734591
0.3557216,-0.01672158033066638
0.3557424,0.008015647549009524
0.3557632,0.03411321836263465
0.355784,0.007977590704211043
0.35580480000000003,0.0019324285119015608
0.3558256,-0.010770473125620546
0.3558464,0.004461396721394671
0.3558672,-0.02412423392321824
0.35588800000000004,-0.010166355025940692
0.3559088,0.014150054366254222
0.3559296,-0.0005610280622318093
0.3559504,-0.015162852566089553
0.3559712,0.033102606208479504
0.35599200000000003,0.0035593466491799517
0.3560128,-0.006602851311049322
0.3560336,0.0102763497316013
0.3560544,0.04326077133901013
0.35607520000000004,-0.003715002577258415
0.356096,-0.006077965086742176
0.3561168,0.02771651132779116
0.3561376,0.00738725448878591
0.3561584,0.011260746803525769
0.35617920000000003,-0.016944328388844784
0.3562,0.02893070429398649
0.3562208,-0.0019763413169824194
0.3562416,0.0033915127224378645
0.35626240000000003,-0.021770310231196043
0.3562832,0.016938979431614865
0.356304,-0.0059569285589787906
0.3563248,-0.011601834620586155
0.35634560000000004,0.011803621212577317
0.3563664,0.003264356457383187
0.3563872,-0.01885739661198333
0.356408,-0.017737244651621954
0.3564288,-0.0015641730678735597
0.35644960000000003,0.04941674452591736
0.3564704,-0.001994350651556714
0.3564912,0.04458087583613855
0.356512,0.00626508766653599
0.35653280000000004,-0.00986668436605723
0.3565536,0.00937644154669405
0.3565744,0.009079122551068408
0.3565952,0.023747635938787925
0.356616,-0.025379095014545397
0.35663680000000003,0.00510812929617969
0.3566576,-0.0005782796025257614
0.3566784,-0.0036505094345472516
0.3566992,-0.011098641862785448
0.35672000000000004,-0.010287436953705717
0.3567408,0.002962582292874933
0.3567616,0.013996654915129653
0.3567824,-0.003648547625532803
0.3568032,0.0125583389566506
0.35682400000000003,-0.0284049472961656
0.3568448,0.04328890561893084
0.3568656,-0.006621881557920532
0.3568864,-0.0008822608439097335
0.35690720000000004,0.008570775881162134
0.356928,-0.03028915185898742
0.3569488,-0.002703352071955748
0.3569696,-0.010701970409213763
0.3569904,-0.004473623010383725
0.35701120000000003,0.008132379381952236
0.357032,0.011064039506018095
0.3570528,-0.028559628019853532
0.3570736,0.009230074225745212
0.35709440000000003,0.004901502865511124
0.3571152,0.00525457660672739
0.357136,0.017331763136953577
0.3571568,-0.026265780916813943
0.35717760000000004,0.004871990890731195
0.3571984,0.014206324732889757
0.3572192,-0.009758003614510537
0.35724,-0.0012359863058913954
0.3572608,-0.003948982865689948
0.35728160000000003,0.0032653613950108626
0.3573024,-0.024626552315789776
0.3573232,0.0018629788173168001
0.357344,-0.0035821284509906367
0.35736480000000004,0.0007966692462222238
0.3573856,-0.007113460477502975
0.3574064,-0.0024715678554826223
0.3574272,-0.009252468792139385
0.357448,0.002886978424805093
0.35746880000000003,0.021275772597027114
0.3574896,-0.007993658216378999
0.3575104,-0.01589989559964107
0.3575312,-0.0182929065003994
0.35755200000000004,-0.0016784488678731728
0.3575728,-0.013274946410953559
0.3575936,0.008840042158173106
0.3576144,-0.002410764061709574
0.3576352,0.02357153437477865
0.35765600000000003,-0.00384618222479126
0.3576768,0.03870429701142127
0.3576976,0.03179203433938902
0.3577184,-0.018512075853417763
0.35773920000000003,0.02271002447022085
0.35776,0.014083299017810412
0.3577808,0.027149600000167317
0.3578016,-0.009114073689124869
0.35782240000000004,0.02665331647386126
0.35784320000000003,-0.010293513580821631
0.357864,0.0001158924507117159
0.3578848,0.006117254412347267
0.3579056,0.018186054482580538
0.35792640000000003,-0.005928120899422484
0.3579472,-0.014803138792774248
0.357968,0.0011610956676952736
0.3579888,-0.0017114433619888506
0.35800960000000004,-0.04299360313243086
0.3580304,0.003695319597828931
0.3580512,0.022007847261103563
0.358072,0.01582535774081106
0.3580928,-0.011748310870926142
0.35811360000000003,0.03153315874828709
0.3581344,-0.017494157581287955
0.3581552,0.00684052972636614
0.358176,0.006051265592345058
0.35819680000000004,0.01754019819098133
0.3582176,-0.01649751680694253
0.3582384,0.006742404974437368
0.3582592,0.001838922533402756
0.35828,0.007126956176372215
0.35830080000000003,-0.016387844845765016
0.3583216,-0.02522407176950093
0.3583424,-0.0031205776267261005
0.3583632,-0.012994094248582866
0.35838400000000004,0.00337317505698856
0.3584048,-0.04076916382801625
0.3584256,0.004887306183045607
0.3584464,-0.06321103118884375
0.3584672,-0.012936887390565255
0.35848800000000003,0.009530166641544754
0.3585088,-0.0026974482495285236
0.3585296,-0.0014495241752472184
0.3585504,-0.015557591256713976
0.35857120000000003,0.01461928251247582
0.358592,-0.0060422667707631635
0.3586128,0.03825886822846461
0.3586336,-0.03787085592702613
0.35865440000000004,-0.007651090321156851
0.3586752,0.0032852195683407675
0.358696,0.04578331641733269
0.3587168,0.014590012767880904
0.3587376,-0.010799039411739264
0.35875840000000003,0.042848162017720334
0.3587792,0.04842802208446426
0.3588,0.009101175666774538
0.3588208,0.05004179058902206
0.35884160000000004,-0.008425202955004266
0.3588624,-0.008199599561256142
0.3588832,0.026212742251927077
0.358904,0.0017729049610299005
0.3589248,-0.012769329952917295
0.35894560000000003,-0.011019699680524976
0.3589664,-0.010180800330606463
0.3589872,-0.0014333773764978043
0.359008,0.005556674121192456
0.35902880000000004,0.022421407832964847
0.3590496,-0.003390410761451158
0.3590704,0.008231152281731293
0.3590912,0.011033962995219318
0.359112,0.014853160890924018
0.35913280000000003,0.02401551853515856
0.3591536,-0.005472519253845998
0.3591744,0.03495166070524901
0.3591952,-0.013292936744558758
0.35921600000000004,-0.018022905906443492
0.3592368,0.04587756911611789
0.3592576,0.010591516243682365
0.3592784,0.010503432187922034
0.3592992,-0.005370900799979113
0.35932000000000003,0.0014486833821558192
0.3593408,-0.010642816302101357
0.3593616,0.010091165721132783
0.3593824,-0.004754507264458992
0.35940320000000003,-0.011689466468101066
0.359424,0.01114750842967625
0.3594448,0.0030249214771265963
0.3594656,-0.02571656525785047
0.35948640000000004,-0.009567326780017437
0.3595072,0.007938756258534045
0.359528,-0.022222500971373696
0.3595488,-0.03074525748962856
0.3595696,-0.010391434586042289
0.35959040000000003,-0.007431348186462273
0.3596112,0.0026374417898388978
0.359632,-0.015341718920829596
0.3596528,-0.014076977349047467
0.35967360000000004,0.014565925461643044
0.3596944,0.0054601397077938115
0.3597152,-0.0032177517373603746
0.359736,0.027050998244743673
0.3597568,0.020153349892376344
0.35977760000000003,0.004295886919991606
0.3597984,0.0015412310276480669
0.3598192,0.027009015550910054
0.35984,0.013685129335131493
0.35986080000000004,0.0005810638486883335
0.3598816,-0.012304671322698966
0.3599024,0.015345078656205281
0.3599232,-0.0013695096127763092
0.359944,-0.03349885176534941
0.35996480000000003,-0.022559655619861778
0.3599856,0.004763979029804103
0.3600064,0.012368481879619742
0.3600272,0.010275919599118158
0.36004800000000003,0.007821767584596382
0.3600688,-0.03981381338805078
0.3600896,0.03757830947144589
0.3601104,-0.014617924299062505
0.36013120000000004,0.0012064408583893314
0.360152,-0.024817569900041903
0.3601728,0.0005517741595106815
0.3601936,-0.01585700774887296
0.3602144,-0.011422282698375056
0.36023520000000003,-0.0015397154460911025
0.360256,-0.01172028604592129
0.3602768,-0.007808718365792538
0.3602976,0.00861097194164055
0.36031840000000004,0.008856198451356333
0.3603392,-0.004701092602281055
0.36036,-0.027254691555731993
0.3603808,0.0019887949252689516
0.3604016,0.018467025780042726
0.36042240000000003,-0.010942121553598392
0.3604432,0.028443986670412383
0.360464,0.011798618924502544
0.3604848,0.021293777439918678
0.36050560000000004,0.0007479190283310037
0.3605264,9.717354814182792e-05
0.3605472,0.022581736745090876
0.360568,0.009045829282915247
0.3605888,0.018047683553593465
0.36060960000000003,-0.024149236086482104
0.3606304,-0.003115088819037071
0.3606512,0.01724580684503826
0.360672,0.009778895598151793
0.36069280000000004,-0.02874898493836891
0.3607136,0.018945016391274834
0.3607344,0.01675029430400077
0.3607552,-0.018046486522573596
0.360776,0.0043190739237931345
0.36079680000000003,0.017112393629287362
0.3608176,-0.00265330459388579
0.3608384,0.0045279849712459
0.3608592,-0.009814401977351632
0.36088000000000003,-0.021126294870648932
0.3609008,0.0031408545866458137
0.3609216,0.043349392648255505
0.3609424,-0.010974130204696115
0.36096320000000004,-0.012539910630600086
0.360984,-0.009086008210795408
0.3610048,0.0009470850415009002
0.3610256,-0.031526170672469524
0.3610464,0.04210989104531308
0.36106720000000003,-0.011280801435886438
0.361088,-0.003263809175935331
0.3611088,-0.002801621871354949
0.3611296,-0.009092460281770399
0.36115040000000004,-0.00131065305234325
0.3611712,-0.01084558398817173
0.361192,0.026004264911702487
0.3612128,-0.00945814203292882
0.3612336,0.02397056493292458
0.36125440000000003,0.011804573018106612
0.3612752,0.04731499907476844
0.361296,-0.04753648642838084
0.3613168,0.0027105318468690753
0.36133760000000004,-0.01698367613316329
0.3613584,-0.015662637392106504
0.3613792,0.015032997621822195
0.3614,-0.019612887302926457
0.3614208,0.003953710244012814
0.36144160000000003,-0.007893591643847564
0.3614624,-0.0028493893341016148
0.3614832,-0.05353325845512429
0.361504,0.006018726173994093
0.36152480000000004,-0.0012208173616644862
0.3615456,0.03362571096049658
0.3615664,-0.006313957321543567
0.3615872,-0.02721773974425322
0.36160800000000004,-0.01052487930052519
0.36162880000000003,0.011094520250788283
0.3616496,0.0010367794400074032
0.3616704,-0.0008566755437561715
0.3616912,0.029637032538767278
0.36171200000000003,0.03824499899005057
0.3617328,-0.02856315631074111
0.3617536,0.03095501196844903
0.3617744,0.02775090481452565
0.36179520000000004,-0.003999595477964963
0.361816,0.015646347667627295
0.3618368,0.003983382847520001
0.3618576,0.0027266502469841213
0.3618784,0.022465383932937764
0.36189920000000003,0.019731606430101085
0.36192,-0.035445260101750094
0.3619408,0.02347166328264476
0.3619616,0.02270079219802038
0.36198240000000004,-0.011735780341219818
0.3620032,0.003176943197329339
0.362024,-0.01530406528988826
0.3620448,0.014532595336104648
0.3620656,0.031983316538036176
0.36208640000000003,0.0023252588225480403
0.3621072,-0.012425053741772206
0.362128,0.020090214856690655
0.3621488,0.006494505539951921
0.36216960000000004,0.0061557549163705596
0.3621904,-0.010682805214645229
0.3622112,0.010757907965368716
0.362232,0.000983680650912235
0.3622528,0.020175069378931938
0.36227360000000003,0.052622402418409535
0.3622944,-0.010302113731981378
0.3623152,-0.03291550863827236
0.362336,-0.005200833592866918
0.36235680000000003,-0.001710531531194714
0.3623776,-0.014192627432574588
0.3623984,0.001667583589264237
0.3624192,-0.020874679494371873
0.36244000000000004,-0.008014362080330793
0.3624608,-0.022069675508370135
0.3624816,-0.01649338355587927
0.3625024,-0.048318488834871054
0.3625232,0.0009017168203145005
0.36254400000000003,0.03661673630890835
0.3625648,0.009580036813388057
0.3625856,0.015775094883074527
0.3626064,0.00284791201054922
0.36262720000000004,0.005558366439603062
0.362648,0.032660761386104444
0.3626688,0.024463205640534717
0.3626896,-0.016465867494179547
0.3627104,-0.07342600257728893
0.36273120000000003,-0.02197269426338527
0.362752,0.004675690390845202
0.3627728,0.0159924951211663
0.3627936,-0.04258820802762726
0.36281440000000004,-0.001683609855785757
0.3628352,0.0018492350066629207
0.362856,0.012997235420115931
0.3628768,-0.01191091099888508
0.3628976,-0.0033159644078686826
0.36291840000000003,0.02117153356932349
0.3629392,-0.011061270300864791
0.36296,0.011089776794421897
0.3629808,-0.015430303239370861
0.36300160000000004,0.03498829856751574
0.3630224,-0.013612367333333297
0.3630432,0.020807714152560025
0.363064,0.02115786279071315
0.36308480000000004,-0.0020402267222496503
0.36310560000000003,0.002611204668789346
0.3631264,0.006183950540454611
0.3631472,0.00323306210258311
0.363168,-0.03938583052482584
0.36318880000000003,0.025423464717270604
0.3632096,0.008449761430904638
0.3632304,-0.006081901329184434
0.3632512,0.0019291416500980818
0.36327200000000004,-0.024308409694971687
0.3632928,-0.062420400643351324
0.3633136,-0.005105013353786515
0.3633344,-0.006850191593210694
0.3633552,0.03797451389936234
0.36337600000000003,0.010508952627533997
0.3633968,-0.016184665395786963
0.3634176,0.0009366414802216081
0.3634384,-0.02337651201215919
0.36345920000000004,0.023143996454837976
0.36348,0.003986255323420967
0.3635008,0.03863077513365674
0.3635216,-0.02754236877835941
0.3635424,-0.032217261024732526
0.36356320000000003,-0.008612606183669361
0.363584,-0.004070065917707539
0.3636048,-0.007769229823248687
0.3636256,-0.015536848597523637
0.36364640000000004,-0.009752751529943132
0.3636672,-0.026186373069366144
0.363688,0.011992071882853653
0.3637088,-0.010823601149742639
0.3637296,0.022674493278673855
0.36375040000000003,0.00661034560343926
0.3637712,0.012225179180304224
0.363792,0.008933397378761193
0.3638128,0.051966204389328495
0.36383360000000003,-0.00535001459322649
0.3638544,0.021698119328441918
0.3638752,0.012751387969558332
0.363896,0.004049460966140541
0.36391680000000004,-0.015697105265585088
0.3639376,0.0071079912516080175
0.3639584,-0.004044359709047869
0.3639792,-3.270205479391391e-05
0.364,-0.012983920350433378
0.36402080000000003,0.009302083884599343
0.3640416,-0.007507452617468749
0.3640624,-0.03226301471713834
0.3640832,0.005955443753342216
0.36410400000000004,-0.004586999130308602
0.3641248,-0.007945173033095637
0.3641456,-0.018697769759045316
0.3641664,0.0009947216932124328
0.3641872,0.01788271211939979
0.36420800000000003,0.004489889878499498
0.3642288,-0.04445524075285645
0.3642496,0.016014210123453037
0.3642704,0.019674345967310235
0.36429120000000004,0.030923673778417426
0.364312,0.0158477911518855
0.3643328,0.032847657487512436
0.3643536,0.005037079051308372
0.3643744,-0.019794838326061864
0.36439520000000003,0.0016677864067526618
0.364416,0.006783686691752379
0.3644368,-0.005867984958511545
0.3644576,-0.02636186686055174
0.36447840000000004,0.015182863271692605
0.3644992,0.013214963568126988
0.36452,-0.0068966006445097625
0.3645408,-0.013167964800304386
0.3645616,-0.010088517897403003
0.36458240000000003,0.03057301075870156
0.3646032,-0.017432659163375844
0.364624,-0.018205062352970775
0.3646448,0.03202112083638366
0.36466560000000003,0.027069997876085803
0.3646864,0.006018792800888406
0.3647072,-0.013143518330387237
0.364728,-0.029847629367835988
0.36474880000000004,0.002169132401176313
0.3647696,0.0075939173818886955
0.3647904,-0.016911378047839754
0.3648112,-0.014567981494591393
0.364832,-0.022863861292105367
0.36485280000000003,-0.019501452511454447
0.3648736,-0.002807145982578435
0.3648944,0.01228714212192336
0.3649152,0.027391123496629883
0.36493600000000004,0.020383211458457676
0.3649568,0.021400249769048973
0.3649776,-0.018509761208018415
0.3649984,0.018553740699679817
0.3650192,-0.018197549508456406
0.36504000000000003,0.007864856269982613
0.3650608,0.00026671390037536565
0.3650816,-0.014647552576826798
0.3651024,0.0032712832797795544
0.36512320000000004,-0.037567548825293624
0.365144,0.005996534492996694
0.3651648,-0.00714282583741379
0.3651856,0.027982567121177783
0.3652064,0.016255433257230032
0.36522720000000003,0.002871742667848039
0.365248,0.011849682185605956
0.3652688,0.0236962883174522
0.3652896,-0.00956933988021441
0.36531040000000004,0.010755978860205748
0.3653312,0.022417243555422385
0.365352,-0.013363965816483855
0.3653728,0.011764838148268975
0.36539360000000004,-0.03662585077726374
0.36541440000000003,0.038143177858017165
0.3654352,0.008718124284602988
0.365456,0.05130045106838192
0.3654768,0.012431290496440787
0.36549760000000003,-0.017553978726078133
0.3655184,0.009576206386484274
0.3655392,0.003915698479490209
0.36556,0.01657605222387579
0.36558080000000004,0.021796179994637826
0.3656016,0.02239713222020457
0.3656224,-0.020788597246870773
0.3656432,0.0018813377041112058
0.365664,-0.02414731403806559
0.36568480000000003,-0.019390318779546774
0.3657056,0.03466522871982258
0.3657264,0.004866715446977181
0.3657472,0.0063182720471313255
0.36576800000000004,-0.028881124009146192
0.3657888,-0.002303479039817052
0.3658096,-0.024145295155988206
0.3658304,0.005591002880243648
0.3658512,-0.009189407424323675
0.36587200000000003,0.008969226167778779
0.3658928,0.02263710119012959
0.3659136,-0.012578782682271
0.3659344,-0.01638515626388553
0.36595520000000004,0.023941926728743155
0.365976,-0.043097705676707856
0.3659968,-0.008772487974522781
0.3660176,0.02485521207290777
0.3660384,-0.011853599175624535
0.36605920000000003,-0.029460670486015597
0.36608,-0.027236300944153465
0.3661008,-0.003564634149011391
0.3661216,-0.03258934543537165
0.36614240000000003,0.0034399011668776905
0.3661632,-0.01994698824289968
0.366184,-0.0062430592210736355
0.3662048,-0.044141867215968515
0.36622560000000004,0.0029778004335736033
0.3662464,0.032787511179880054
0.3662672,-0.021247168548867764
0.366288,0.0020835720422510357
0.3663088,0.015304388816415888
0.36632960000000003,-0.03689719593203991
0.3663504,0.014797628818068505
0.3663712,0.025489412044960098
0.366392,0.010396035357203577
0.36641280000000004,0.02363707753824656
0.3664336,0.0188157407826878
0.3664544,-0.016490881961805745
0.3664752,0.003423564614872141
0.366496,-0.008693914277543992
0.36651680000000003,0.01700110723946853
0.3665376,0.011570504968719043
0.3665584,0.018040206873340854
0.3665792,-0.01745388048215864
0.36660000000000004,0.00383505098815733
0.3666208,-0.009466148918507562
0.3666416,0.00939299549001508
0.3666624,0.030063060639780082
0.3666832,0.0047363587910862525
0.36670400000000003,0.009302800753197076
0.3667248,-0.02806976703785547
0.3667456,0.01090815277354934
0.3667664,0.019053938456439615
0.36678720000000004,0.00978744803783517
0.366808,0.0026813371368238836
0.3668288,0.01790241833583854
0.3668496,0.008879513895202822
0.36687040000000004,0.029975053261965416
0.36689120000000003,-0.022278930693297026
0.366912,6.44876496500907e-05
0.3669328,0.014754869264458346
0.3669536,0.0012136079807106332
0.36697440000000003,-0.0042625830909938005
0.3669952,-0.002120721739267047
0.367016,-0.006974610160144318
0.3670368,0.009965115210696162
0.36705760000000004,0.01526578862272637
0.3670784,0.06674988021845638
0.3670992,-0.0026384563083598988
0.36712,0.01654948881140387
0.3671408,-0.03180228765531646
0.36716160000000003,0.021658673109994045
0.3671824,-0.019854610446480177
0.3672032,-0.0072674900623202685
0.367224,0.013204215296615477
0.36724480000000004,-0.008847855398238989
0.3672656,-0.006332188703657683
0.3672864,0.009852418933454364
0.3673072,0.0010354897658333996
0.367328,0.007143683738560245
0.36734880000000003,-0.0066838597913979475
0.3673696,-0.0019702256761480346
0.3673904,0.013374729531331054
0.3674112,-0.00367458349910494
0.36743200000000004,0.02792496551900611
0.3674528,-0.016474492037527502
0.3674736,-0.006535163449348425
0.3674944,0.04803460658168775
0.3675152,0.00827920625809124
0.36753600000000003,0.008788980539159308
0.3675568,-0.0016571977116810186
0.3675776,-0.0320935289036926
0.3675984,-0.017643266184199185
0.36761920000000003,0.02616717386406655
0.36764,-0.024888766662916055
0.3676608,-0.0035312127048958294
0.3676816,0.021361616481925538
0.36770240000000004,0.010258222075356663
0.36772320000000003,0.012918735910742246
0.367744,-0.029795637284353423
0.3677648,-0.009860785170092324
0.3677856,0.034618600874103816
0.36780640000000003,-0.030530075542475815
0.3678272,-0.008311090372126451
0.367848,0.0021866393583239675
0.3678688,-0.03035057471619918
0.36788960000000004,-0.026213354942777368
0.3679104,-0.020870733244764388
0.3679312,0.006353386271156375
0.367952,0.013396958463245793
0.3679728,-0.051756353987740804
0.36799360000000003,-0.028974609922478016
0.3680144,-0.03719481945163241
0.3680352,-0.042369913087362085
0.368056,-0.01540721142950464
0.36807680000000004,-0.00842242826655259
0.3680976,-0.001455974162605674
0.3681184,-0.012430501775096522
0.3681392,0.00809097466172019
0.36816,0.009689626163844882
0.36818080000000003,-0.004786268237044177
0.3682016,0.019716758717571805
0.3682224,0.03422895416064058
0.3682432,-0.01604335613615867
0.36826400000000004,-0.019984769678730606
0.3682848,-0.012686532295098852
0.3683056,-0.01730676812020677
0.3683264,0.034633840576295545
0.3683472,-0.03619309936246359
0.36836800000000003,-0.011399349664600631
0.3683888,0.0025561920738431713
0.3684096,-0.029445134461502227
0.3684304,0.00798985918178965
0.36845120000000003,-0.011385641385560832
0.368472,0.03989524993032628
0.3684928,-0.021980420322504253
0.3685136,0.0045166590314012715
0.36853440000000004,-0.02082440594488293
0.3685552,-0.011963646458129909
0.368576,0.00813551795685419
0.3685968,-0.008741726590562398
0.3686176,-0.002504836343442487
0.36863840000000003,-0.041235134523304066
0.3686592,0.0027468714680284243
0.36868,0.021905318025383716
0.3687008,-0.016300232797934657
0.36872160000000004,-0.003797418531753926
0.3687424,-0.005662191567892762
0.3687632,0.02296123461187993
0.368784,0.027790600355802456
0.3688048,0.0021278351321888586
0.36882560000000003,0.03588558767472623
0.3688464,-0.00011321343214180063
0.3688672,0.026696724239755894
0.368888,-0.0017554699674574455
0.36890880000000004,-0.012028638080537685
0.3689296,0.011707180395652354
0.3689504,-0.024124356183185907
0.3689712,-0.058838165733957004
0.368992,0.015214099507028291
0.36901280000000003,-0.016790741298215624
0.3690336,0.003258939003994129
0.3690544,0.008577515880395362
0.3690752,-0.017967491777422257
0.36909600000000004,-0.020089360264864596
0.3691168,0.008000215732884034
0.3691376,-0.0004092886742959563
0.3691584,0.005234492882685471
0.36917920000000004,-0.034658102741938694
0.36920000000000003,-0.002309986190573685
0.3692208,-0.005275352751994466
0.3692416,-0.001998994747294111
0.3692624,-0.048356526812511735
0.36928320000000003,0.0027399946107274182
0.369304,-0.01888523561145106
0.3693248,0.009614296120938183
0.3693456,0.032692055198198795
0.36936640000000004,-0.004701004954847394
0.3693872,-0.0026515299231681592
0.369408,-0.004196585009982169
0.3694288,-0.01712267197746827
0.3694496,0.012160729432715976
0.36947040000000003,0.03303464870519495
0.3694912,-0.017822292433672168
0.369512,0.005561066011810431
0.3695328,-0.01135824508176341
0.36955360000000004,-0.014950376373202696
0.3695744,-0.025372934410285285
0.3695952,-0.029251335481648343
0.369616,0.00675981387583172
0.3696368,0.0077286981117815675
0.36965760000000003,0.01577422860389301
0.3696784,0.0023391114341047873
0.3696992,-0.027093638119199633
0.36972,0.0029287420067031847
0.36974080000000004,-0.002361350780442532
0.3697616,-0.013035513778909729
0.3697824,-0.016491495486857796
0.3698032,-0.0201294236324687
0.369824,-0.01069719679617537
0.36984480000000003,-0.008712128089356414
0.3698656,0.04241938845067017
0.3698864,0.008356150605174868
0.3699072,-0.004988308317962346
0.36992800000000003,-0.027688055083681055
0.3699488,-0.021888046662950404
0.3699696,0.014871585838165115
0.3699904,-0.022432921162079778
0.37001120000000004,-0.003137138604437154
0.370032,0.007795608950339172
0.3700528,-0.03160153721293455
0.3700736,0.014586687920630148
0.3700944,-0.02335800619024128
0.37011520000000003,-0.023330039415337598
0.370136,-0.038306970148208344
0.3701568,0.008624423628168345
0.3701776,-0.025452442794216112
0.37019840000000004,-0.004927156999096589
0.3702192,-0.03706334629256931
0.37024,0.002880765331956216
0.3702608,-0.009233734035024855
0.3702816,-0.008900675437119867
0.37030240000000003,0.03580073395486848
0.3703232,0.0005605648048153317
0.370344,-0.021611864700608493
0.3703648,0.0030359114087271507
0.37038560000000004,0.03798581741652734
0.3704064,-0.021483772900752037
0.3704272,-0.001471878535874713
0.370448,-0.0022618367311285476
0.3704688,-0.020341204291221698
0.37048960000000003,-0.016379677462762223
0.3705104,0.017052632431639268
0.3705312,-0.009015525375787436
0.370552,-0.012443521115008675
0.37057280000000004,0.030478842718588448
0.3705936,0.01582587733053278
0.3706144,0.002458427996120724
0.3706352,-0.03778036193512606
0.37065600000000004,0.001016355825411061
0.37067680000000003,-0.016457571985674387
0.3706976,-0.01384982531473937
0.3707184,-0.0017883831177843447
0.3707392,0.004062410568943551
0.37076000000000003,-0.007731788115943786
0.3707808,0.00949732597395984
0.3708016,0.014017299144775864
0.3708224,0.024240061716594315
0.37084320000000004,-0.005070654839356872
0.370864,-0.0029770856192955237
0.3708848,0.011964587960409568
0.3709056,-0.004097810070748293
0.3709264,-0.04904102160777131
0.37094720000000003,0.020091875294502782
0.370968,0.034343346456362486
0.3709888,0.014307238894150308
0.3710096,-0.007733544606723986
0.37103040000000004,-0.010073120877604268
0.3710512,0.0014404028188821788
0.371072,-0.0028574984358373245
0.3710928,-0.008499878315051512
0.3711136,-0.014310955212794128
0.37113440000000003,-0.048323573680054875
0.3711552,-0.004837446099036289
0.371176,0.0031758878959531707
0.3711968,0.03371911938232082
0.37121760000000004,-0.01217269036351824
0.3712384,-0.02657934658009101
0.3712592,-0.008163673431286945
0.37128,-0.0015155281919578384
0.3713008,0.0021770331433186288
0.37132160000000003,-0.020471970438980237
0.3713424,0.010839412996184865
0.3713632,-0.011383230034968097
0.371384,0.006831553356917025
0.37140480000000003,0.0007258396529987356
0.3714256,-0.003957195012158041
0.3714464,0.010562274529398574
0.3714672,-0.006075442038417116
0.37148800000000004,0.026741968321746357
0.37150880000000003,-0.0496600920593839
0.3715296,-0.00242057926858453
0.3715504,-0.0020277098372377066
0.3715712,0.014257179724663512
0.37159200000000003,0.009398137024833074
0.3716128,0.02273161194077822
0.3716336,-0.01253325385296687
0.3716544,-0.005808901984177724
0.37167520000000004,0.0054942217955061
0.371696,-0.02668902023515622
0.3717168,0.006137944772002646
0.3717376,0.005274821882229381
0.3717584,0.017705327418623143
0.37177920000000003,-0.02551118558174305
0.3718,0.03331202410172326
0.3718208,0.021189475057622486
0.3718416,0.012599110715212853
0.37186240000000004,-0.006923076858681631
0.3718832,-0.003431585396186766
0.371904,-0.02641394282172281
0.3719248,0.0025459395561908795
0.3719456,-0.013096198773630519
0.37196640000000003,-0.03607833705714044
0.3719872,0.021439857262274657
0.372008,-0.04377116825477639
0.3720288,-0.0004074432877344077
0.37204960000000004,0.0048302289667526395
0.3720704,0.028225607733345905
0.3720912,0.036830485451391795
0.372112,0.00527886709761128
0.3721328,-0.014459257160384636
0.37215360000000003,-0.02068263994810085
0.3721744,0.0072923145214016825
0.3721952,0.017960329603594363
0.372216,0.014770683276825949
0.37223680000000003,-0.023416773112873143
0.3722576,-0.00107752188659125
0.3722784,-0.034667662539692716
0.3722992,0.004096916163268478
0.37232000000000004,-0.004202892642464249
0.3723408,-0.006191387933325454
0.3723616,0.022203395909343046
0.3723824,-0.00761165698145663
0.3724032,0.03523890653706361
0.37242400000000003,-0.004824433547709705
0.3724448,0.021399603971723576
0.3724656,0.022254536245334838
0.3724864,-0.019618869963007025
0.37250720000000004,-0.021388263174418165
0.372528,-0.014526788668321376
0.3725488,-0.01470301707942124
0.3725696,0.0072513112451789395
0.3725904,-0.0019107929649815156
0.37261120000000003,-0.008113935293954109
0.372632,0.017603488796135186
0.3726528,-0.02079894140685885
0.3726736,0.016506551820906903
0.37269440000000004,-0.06823494483266915
0.3727152,0.019096737757271685
0.372736,-0.018024960181594815
0.3727568,0.001426362432100106
0.3727776,0.02046359779958738
0.37279840000000003,-0.008806945737314576
0.3728192,0.012152882176596408
0.37284,-0.016679932537051332
0.3728608,-0.023431495937759284
0.37288160000000004,0.006965064838569984
0.3729024,0.03642305890079819
0.3729232,0.0322576247616943
0.372944,0.0029425744263177336
0.37296480000000004,0.011680570387149912
0.37298560000000003,0.0004370225808160661
0.3730064,0.018359522977900396
0.3730272,0.0036790409375312737
0.373048,-0.0010602198924542447
0.37306880000000003,0.009585122271165921
0.3730896,-0.0041031887233260785
0.3731104,-0.00010996062838831595
0.3731312,0.03464802068710562
0.37315200000000004,0.06131031667493139
0.3731728,0.018288080929710345
0.3731936,0.0006947879452268212
0.3732144,-0.03557647749066057
0.3732352,0.07353998914922885
0.37325600000000003,-0.008849663569661813
0.3732768,0.020180663233934984
0.3732976,-0.01785390886088924
0.3733184,0.0020726818976279254
0.37333920000000004,-0.00036384741867340556
0.37336,0.018271338716726256
0.3733808,-0.011146164532630528
0.3734016,0.005838897894633496
0.3734224,-0.01650701883424086
0.37344320000000003,-0.0007004431772020934
0.373464,-0.0018183032520315964
0.3734848,0.00880683694658802
0.3735056,-0.04166189661413081
0.37352640000000004,-0.017732706629293958
0.3735472,-0.0022634686457604232
0.373568,-0.043146794510802576
0.3735888,0.020981178824679664
0.3736096,-0.01569622815920247
0.37363040000000003,0.009015931284126467
0.3736512,0.009555807315280681
0.373672,-0.005520883938116401
0.3736928,0.018179323717710593
0.37371360000000003,0.006163978146928235
0.3737344,0.008721542661973194
0.3737552,0.02792712040909047
0.373776,0.024454707793090412
0.37379680000000004,0.0189550597703673
0.3738176,0.0357490581034767
0.3738384,-0.0017667257037578274
0.3738592,0.017108241817537184
0.37388,0.010756744939082989
0.37390080000000003,0.00346890226277352
0.3739216,0.0017415612737988135
0.3739424,-0.003621841133154751
0.3739632,0.0030511088982557513
0.37398400000000004,-0.013238500153407997
0.3740048,0.01771763528543601
0.3740256,-0.024358593728919884
0.3740464,0.021580363820889414
0.3740672,-0.02026684364547326
0.37408800000000003,-0.02540063442191392
0.3741088,-0.02266979505658643
0.3741296,0.014845583490761323
0.3741504,-0.021963640360767995
0.37417120000000004,-0.004882445939507807
0.374192,0.008100666561782908
0.3742128,-0.005056831430599172
0.3742336,0.0002652624425657324
0.3742544,-0.027413477132122235
0.37427520000000003,0.010437471602468119
0.374296,-0.00565680950395734
0.3743168,0.007742761490965608
0.3743376,0.01650608471011786
0.37435840000000004,-0.032489426462141584
0.3743792,0.03465837045231306
0.3744,-0.004324058910161889
0.3744208,0.03304704060352481
0.37444160000000004,0.0007074745418656148
0.37446240000000003,-0.0008525604024365837
0.3744832,0.059248375825132836
0.374504,0.01303911590500228
0.3745248,-0.006918131306715471
0.37454560000000003,-0.007306370218029749
0.3745664,0.00042171366129991657
0.3745872,0.03381832194811881
0.374608,-0.015910700093755153
0.37462880000000004,0.007268640214887116
0.3746496,-0.000783341826755845
0.3746704,-0.010808935968256805
0.3746912,-0.0005273529259829236
0.374712,-0.016007409110351138
0.37473280000000003,0.008209884969686582
0.3747536,0.022834849204458496
0.3747744,0.01740110279436829
0.3747952,-0.008270424256166788
0.37481600000000004,0.011106409355042025
0.3748368,0.005924603473843617
0.3748576,0.008826432086446113
0.3748784,0.01217842374021707
0.3748992,-0.018305118454466186
0.37492000000000003,0.021171640457727844
0.3749408,0.03290941041063847
0.3749616,0.01765328746501388
0.3749824,0.003217341694340563
0.37500320000000004,-0.020666428129245164
0.375024,0.0017408114080600017
0.3750448,0.028813488194729238
0.3750656,0.007360302321981363
0.3750864,-0.05754993783709674
0.37510720000000003,0.03578199623047682
0.375128,0.02013281634152597
0.3751488,0.010040777198375143
0.3751696,0.005137302886198088
0.37519040000000003,0.01991209319080415
0.3752112,0.04251276648662038
0.375232,-0.008775593540473001
0.3752528,-0.044813439195246794
0.37527360000000004,0.020836408605549958
0.37529440000000003,0.00906662176508635
0.3753152,0.01772264683939753
0.375336,-0.013399166276419081
0.3753568,0.021083277539380888
0.37537760000000003,0.002820686850063294
0.3753984,-0.008348614049378787
0.3754192,-0.024364274667350253
0.37544,0.001779738558431269
0.37546080000000004,-0.012586874553318481
0.3754816,0.0262068921115838
0.3755024,0.00912511801514338
0.3755232,-0.022353505964436363
0.375544,0.01580615851667208
0.37556480000000003,-0.009584123524197918
0.3755856,0.0048772402826755745
0.3756064,0.015348224648103979
0.3756272,-0.004485905188260858
0.37564800000000004,0.006189770787464239
0.3756688,-0.007528631419597606
0.3756896,-0.011085507913554341
0.3757104,-0.009322081735177838
0.3757312,0.012168892169329334
0.37575200000000003,0.01806888115563426
0.3757728,0.009321043954235478
0.3757936,-0.00283447589949452
0.3758144,-0.01087237646805075
0.37583520000000004,0.02205087378887176
0.375856,0.042912716817882425
0.3758768,0.03515298882452206
0.3758976,-0.003095378046931198
0.3759184,0.019245401137805908
0.37593920000000003,-0.009443815583033466
0.37596,0.046748370776607644
0.3759808,-0.02501999043446684
0.3760016,-0.007661148799976096
0.37602240000000003,0.01771517097808322
0.3760432,-0.00790933287500344
0.376064,0.01487371033645705
0.3760848,0.007280281383326957
0.37610560000000004,0.0008373259047421553
0.3761264,-0.006560099302435658
0.3761472,-0.017615588787144795
0.376168,0.020632741089700243
0.3761888,-0.014082543670397756
0.37620960000000003,0.026797226617860485
0.3762304,-0.0070972931636267104
0.3762512,0.022297719802606895
0.376272,0.015606353895339617
0.37629280000000004,-0.008558760723293368
0.3763136,0.026179479822655862
0.3763344,0.0015985044251005363
0.3763552,0.04282217638238855
0.376376,-0.0021685182146444805
0.37639680000000003,0.006425462284850512
0.3764176,0.012434220204043151
0.3764384,0.005531140914750531
0.3764592,0.024225060166513476
0.37648000000000004,0.0001775994458353
0.3765008,0.0015060529907721765
0.3765216,0.006005239164744429
0.3765424,-0.029460181738879775
0.3765632,0.008615660541464239
0.37658400000000003,0.004309942090430543
0.3766048,-0.00889927664359309
0.3766256,0.0038123695242817134
0.3766464,0.03508488187613646
0.37666720000000004,0.015117396699930532
0.376688,-0.0041206565785384544
0.3767088,0.00053961242014665
0.3767296,-0.002861158423693079
0.37675040000000004,0.01641844887940359
0.37677120000000003,0.003526983611078298
0.376792,-0.00876663099646548
0.3768128,-0.029078959984844353
0.3768336,-0.030907412769938445
0.37685440000000003,-0.022287898252163752
0.3768752,0.007337085719981541
0.376896,-0.027553718633879953
0.3769168,0.022216961453202864
0.37693760000000004,0.010116942457870532
0.3769584,-0.008737774824225839
0.3769792,-0.026703281433064472
0.377,0.014755153493197335
0.3770208,-0.0018953375261276213
0.37704160000000003,0.049931640325681884
0.3770624,-0.008596269120072147
0.3770832,0.007475562187042922
0.377104,0.029132215110452494
0.37712480000000004,-0.02306049869199945
0.3771456,0.006124478124206574
0.3771664,-0.025944918958460652
0.3771872,0.004879669483345258
0.377208,0.002737463433051712
0.37722880000000003,0.03251093144840732
0.3772496,0.014364274874828267
0.3772704,-0.016325418899999913
0.3772912,0.020945035792211603
0.37731200000000004,-0.023680741022990302
0.3773328,-0.0040253339359665645
0.3773536,0.012448070575823431
0.3773744,0.003080607526176401
0.3773952,0.029533149055100846
0.37741600000000003,0.009051144111144122
0.3774368,-0.008517721043535632
0.3774576,0.009082797625841132
0.3774784,-0.02163986464123204
0.37749920000000003,-0.02083794650545868
0.37752,-0.004506860122895017
0.3775408,0.017610475820383654
0.3775616,-0.004207926086814246
0.37758240000000004,0.022344031850166694
0.3776032,-0.03185323456374284
0.377624,-0.0009170555372268375
0.3776448,-0.005429765691392562
0.3776656,-0.015068292400019428
0.37768640000000003,0.03238480055765366
0.3777072,0.009647856871445365
0.377728,0.019027737122575338
0.3777488,0.027546090099661184
0.37776960000000004,-0.030631501268556034
0.3777904,-0.023179104864131352
0.3778112,0.015387441974321037
0.377832,-0.013793162701634986
0.3778528,-0.006538371879249049
0.37787360000000003,0.003413545479783589
0.3778944,0.012217041547448014
0.3779152,0.00491873342435025
0.377936,0.03278230216204759
0.37795680000000004,-0.003375130004643842
0.3779776,-0.012052734413936405
0.3779984,-0.0011795797636155708
0.3780192,-0.007845155824696625
0.37804,0.0077688638164134845
0.37806080000000003,-0.003054436324185255
0.3780816,-0.008205735886547955
0.3781024,-0.01760285258229239
0.3781232,-0.01307740492757625
0.37814400000000004,0.003389733855945926
0.3781648,-0.0039068066016758945
0.3781856,-0.01137900969736588
0.3782064,0.016591407787259028
0.37822720000000004,-0.00969793203097254
0.37824800000000003,-0.022307350626405407
0.3782688,-0.03277859001314473
0.3782896,-0.024534478991193036
0.3783104,-0.00669930376472748
0.37833120000000003,0.020025969709693895
0.378352,-0.019387130533277154
0.3783728,-0.008136408534691695
0.3783936,-0.010368122605694804
0.37841440000000004,-0.0023119446364323866
0.3784352,-0.004543493592703157
0.378456,0.01051532878228615
0.3784768,0.002015480201189509
0.3784976,0.0211946111781569
0.37851840000000003,-0.008078288332404381
0.3785392,-0.0030909204833416866
0.37856,-0.04419799812142037
0.3785808,-0.024139881993965395
0.37860160000000004,-0.022001964958810478
0.3786224,-0.025127025123314807
0.3786432,0.02897509790415971
0.378664,-0.024276805987587028
0.3786848,-0.0076649737026854865
0.37870560000000003,0.012438616363444167
0.3787264,0.01660433595379161
0.3787472,0.022720027301035572
0.378768,-0.025399354088002136
0.37878880000000004,0.023133156016359072
0.3788096,-0.021512885707783588
0.3788304,0.006373197747376368
0.3788512,0.01635756335480439
0.378872,-0.040109671703977015
0.37889280000000003,0.03280355882540097
0.3789136,0.022741622236281636
0.3789344,-0.014741231179466097
0.3789552,0.01494659100249082
0.37897600000000004,0.007808161470677097
0.3789968,-0.009091788501357246
0.3790176,0.034545105710332216
0.3790384,-0.022921025129300505
0.37905920000000004,0.012469380939394837
0.37908000000000003,0.008062784307783176
0.3791008,-0.0012459263150606643
0.3791216,0.016049992744179606
0.3791424,0.025928678086427175
0.37916320000000003,0.001380468267719154
0.379184,0.014792288526279734
0.3792048,0.005561414734635624
0.3792256,0.024850694343493275
0.37924640000000004,-0.03449010617758815
0.3792672,0.02177782128058994
0.379288,-0.02172699935434839
0.3793088,-0.024402964783673108
0.3793296,0.021812403628942212
0.37935040000000003,0.005386553637179532
0.3793712,0.010273853558089964
0.379392,0.0016805397222213884
0.3794128,0.0036936014551280432
0.37943360000000004,0.00851090735645337
0.3794544,-0.0045970007410990705
0.3794752,0.01643879649685261
0.379496,-0.032502161974755014
0.3795168,-0.02970517571651763
0.37953760000000003,0.04341265414534301
0.3795584,-0.004977551400740922
0.3795792,0.012038759843291167
0.3796,0.005061972300604982
0.37962080000000004,0.05702661633827595
0.3796416,-0.014509901870627671
0.3796624,0.004088737036179948
0.3796832,-0.033004159396731736
0.37970400000000004,-0.02566125084884612
0.37972480000000003,-0.0020140524341362813
0.3797456,-0.024385897838461096
0.3797664,-0.008378388074072958
0.3797872,-0.008724193669239155
0.37980800000000003,0.021419492197998796
0.3798288,-0.014109175153798207
0.3798496,-0.001991500763165362
0.3798704,-0.015316234281127576
0.37989120000000004,-0.0027226994274107933
0.379912,0.0057474532457988635
0.3799328,0.00019365370447459857
0.3799536,0.014065988458121986
0.3799744,0.01257284443870381
0.37999520000000003,0.015369923583306664
0.380016,0.008374641304653728
0.3800368,0.030383970575000852
0.3800576,-0.00482520283284191
0.38007840000000004,0.018673021946322584
0.3800992,-0.01630575173967378
0.38012,0.016871063111026596
0.3801408,0.031567518432036944
0.3801616,0.007468432305925522
0.38018240000000003,0.02785830708056372
0.3802032,0.022567384892342484
0.380224,-0.021749215350676004
0.3802448,0.001201339018803649
0.38026560000000004,-0.002263311506599568
0.3802864,-0.014226975671094579
0.3803072,-0.004809763612047206
0.380328,0.0014348335879992115
0.3803488,-0.016331566264208067
0.38036960000000003,0.0354770419178144
0.3803904,0.01206769996994429
0.3804112,0.015855522643517913
0.380432,-0.02597649868772935
0.38045280000000004,0.006977772210870342
0.3804736,0.0053966204309242455
0.3804944,-0.014365162085654536
0.3805152,-0.0057214165426865676
0.38053600000000004,-0.00697246076490311
0.38055680000000003,0.02083790348824022
0.3805776,-0.008410018806832696
0.3805984,-0.011823146843375919
0.3806192,-0.04341983909722841
0.38064000000000003,0.008099863300156126
0.3806608,0.01851899820984517
0.3806816,-0.019613189965200967
0.3807024,0.013109250881010177
0.38072320000000004,0.042776165299416156
0.380744,0.0016727467193095602
0.3807648,0.02532338025426998
0.3807856,-0.006732469737448353
0.3808064,-0.013293862077807875
0.38082720000000003,0.04358057775451255
0.380848,0.020326291517044282
0.3808688,0.03200417826650822
0.3808896,0.05356873252670712
0.38091040000000004,0.013746586492253802
0.3809312,-0.0127562650809061
0.380952,-0.02395480952844233
0.3809728,0.033389035390615655
0.3809936,0.030435018795908025
0.38101440000000003,0.008392323895580278
0.3810352,0.0359726914859782
0.381056,-0.009814841427151891
0.3810768,0.006848930838335606
0.38109760000000004,-0.01302209288911383
0.3811184,0.03280252741238869
0.3811392,-0.0006228047574793394
0.38116,0.03240672419461706
0.3811808,0.0189436751989573
0.38120160000000003,0.04343047455151783
0.3812224,-0.02169176989687078
0.3812432,0.005705376542025951
0.381264,-0.0036866197744001013
0.38128480000000003,0.01620457929223589
0.3813056,0.025949601144964557
0.3813264,-0.0074553523736115715
0.3813472,-0.012341103956431355
0.38136800000000004,-0.023827886321856565
0.38138880000000003,0.040670962186987195
0.3814096,-0.018468851094937056
0.3814304,0.022677294813541637
0.3814512,-0.005416222830632168
0.38147200000000003,-0.009863854710373774
0.3814928,-0.00617595689009181
0.3815136,-0.0074166526562844575
0.3815344,0.001731560138578093
0.38155520000000004,0.005447383510654261
0.381576,0.008277405066377109
0.3815968,0.007591876473153771
0.3816176,-0.011406721334431259
0.3816384,-0.0021580456632347175
0.38165920000000003,0.03213270304544517
0.38168,-0.03974534851880682
0.3817008,0.005000864505938155
0.3817216,-0.01704951867196406
0.38174240000000004,-0.027572140978662483
0.3817632,0.004715444644356111
0.381784,0.0019615653193846287
0.3818048,-0.008410285185476781
0.3818256,-0.005419182774364719
0.38184640000000003,0.012914134883902651
0.3818672,-0.01534208814208151
0.381888,0.021792110158556664
0.3819088,-0.01115200727950189
0.38192960000000004,-0.004069446151236033
0.3819504,-0.021085353849856096
0.3819712,0.016236095911781857
0.381992,0.011046614007768728
0.38201280000000004,-0.005520571960956934
0.38203360000000003,-0.006446219002193404
0.3820544,0.013587631749151289
0.3820752,-0.0007738145504445179
0.382096,0.010046211124623027
0.38211680000000003,-0.01362538132508179
0.3821376,0.03443583853362012
0.3821584,-0.004516981100981887
0.3821792,0.0021731639915783746
0.38220000000000004,-0.005770633396913182
0.3822208,0.002002362211316193
0.3822416,-0.02468973621674719
0.3822624,-0.01729471055613324
0.3822832,0.025911675782518198
0.38230400000000003,0.02146552980608537
0.3823248,0.014917770772820959
0.3823456,-0.02172710131362099
0.3823664,0.002821189217555898
0.38238720000000004,-0.002199435859490262
0.382408,-0.0223003003574568
0.3824288,-0.0006558593148106733
0.3824496,0.021130247576171057
0.3824704,-0.02402922445138092
0.38249120000000003,0.00937689495349159
0.382512,-0.004107560337683753
0.3825328,-0.009603130212472092
0.3825536,-0.012572309160405234
0.38257440000000004,-0.0011124827181327888
0.3825952,-0.004535080486954639
0.382616,-0.011157755243342081
0.3826368,-0.013184240365929138
0.3826576,-0.030896506356160335
0.38267840000000003,-0.011699601263402042
0.3826992,-0.023654406964792922
0.38272,0.006213151076656716
0.3827408,-0.012019243753945785
0.38276160000000004,-0.014143424588043883
0.3827824,-0.0019952448067378343
0.3828032,0.01067037573211434
0.382824,0.027953519162192825
0.38284480000000004,0.041314079860516724
0.38286560000000003,0.009887243791506468
0.3828864,0.01227702236500172
0.3829072,0.014656269190861331
0.382928,0.016977852413947413
0.38294880000000003,0.011269528788810967
0.3829696,0.01781521426746362
0.3829904,0.01858394128449867
0.3830112,-0.01913986960397874
0.38303200000000004,-0.012611160029582307
0.3830528,-0.003205438375631393
0.3830736,0.010735479493308586
0.3830944,-0.04370556911948693
0.3831152,0.0026910549185605133
0.38313600000000003,0.005374668837368211
0.3831568,0.0415714581289365
0.3831776,-0.03403870541015957
0.3831984,-0.008125256743940105
0.38321920000000004,-0.015053831547955518
0.38324,0.028394667187927203
0.3832608,-0.000551698328695988
0.3832816,0.04250750913090797
0.3833024,-0.020458383681132127
0.38332320000000003,0.008020765075136074
0.383344,0.020615899578823135
0.3833648,0.014046310726972364
0.3833856,0.04473218720441759
0.38340640000000004,0.005313581979877023
0.3834272,-0.015019181324313263
0.383448,0.017815895488696113
0.3834688,0.014440805574895674
0.38348960000000004,-0.017420051038689842
0.38351040000000003,-0.01780126873733711
0.3835312,-0.015818770594301798
0.383552,0.000810159945039571
0.3835728,0.00025588971920896287
0.38359360000000003,0.01121566798194053
0.3836144,-0.04652400160881828
0.3836352,0.017747174352221562
0.383656,0.006575016369547422
0.38367680000000004,-0.018463080926198583
0.3836976,-0.004648694949594805
0.3837184,-0.025029072799255567
0.3837392,0.0006891767947529155
0.38376,0.014496377646835253
0.38378080000000003,-0.025635632208059148
0.3838016,-0.029664903983809072
0.3838224,-0.038277974015388946
0.3838432,0.013938393763469883
0.38386400000000004,0.011413166435213406
0.3838848,0.01362864243407812
0.3839056,-0.02391100457212428
0.3839264,0.030660435853203515
0.3839472,0.013270190906077204
0.38396800000000003,0.02190622254895161
0.3839888,0.006910611821619638
0.3840096,0.04147127505961071
0.3840304,-0.006206565045287001
0.38405120000000004,0.023123367415533978
0.384072,0.0015447424323073698
0.3840928,-0.032480819994172606
0.3841136,0.01272315865354189
0.3841344,-0.01058809104778456
0.38415520000000003,-0.007729777810400504
0.384176,0.057466577797586384
0.3841968,0.018325602240322574
0.3842176,-0.02377770465732892
0.38423840000000004,-0.017540725883444564
0.3842592,-0.006294509890358368
0.38428,-0.005214095992048907
0.3843008,0.035698717336491985
0.38432160000000004,0.03089674238289786
0.38434240000000003,-0.038946755922474034
0.3843632,-0.018511798452331717
0.384384,0.017703952205914465
0.3844048,0.012326621362805035
0.38442560000000003,0.014644580066531791
0.3844464,0.016414602514776406
0.3844672,-0.02568864432670621
0.384488,0.005536493480713335
0.38450880000000004,0.019441467515124527
0.3845296,0.027344443307399175
0.3845504,-0.0030979130376557495
0.3845712,-0.001278317632020775
0.384592,-0.005110239373925446
0.38461280000000003,0.014008822136196695
0.3846336,-0.017484946347973165
0.3846544,-0.01747754668791949
0.3846752,0.002414143825139178
0.38469600000000004,-0.0054827989962856595
0.3847168,0.03230422620826446
0.3847376,-0.012466309426950524
0.3847584,-0.034241010887103435
0.3847792,-0.005804757600952886
0.38480000000000003,-0.006394604918761242
0.3848208,0.019488719784326616
0.3848416,0.019304536508507594
0.3848624,0.03153443404633614
0.38488320000000004,-0.04322721848768401
0.384904,0.002198439940774182
0.3849248,-0.04507481742047362
0.3849456,0.013137284690307697
0.3849664,-0.020192804528612284
0.38498720000000003,-0.030957676723337726
0.385008,0.001956633436515933
0.3850288,0.024212165873156014
0.3850496,0.005967007448984526
0.38507040000000003,0.00925535978725492
0.3850912,-0.0008926933722594466
0.385112,-0.0066628632148022756
0.3851328,-0.009013568402127976
0.38515360000000004,-0.0028289574657879794
0.38517440000000003,0.020725863494989637
0.3851952,0.019937830480686914
0.385216,-0.001533374311674676
0.3852368,-0.007706219380763306
0.38525760000000003,0.013055123008313572
0.3852784,0.008920782153918628
0.3852992,-0.006580460297981789
0.38532,-0.01950067407438488
0.38534080000000004,0.021296721961684695
0.3853616,0.017332920474823744
0.3853824,-0.013918232228442339
0.3854032,0.033230175845708546
0.385424,0.009511877706708444
0.38544480000000003,-0.0005021575684709569
0.3854656,0.01985158516254775
0.3854864,-0.007354674139458978
0.3855072,-0.03176345231253709
0.38552800000000004,0.014658273226902219
0.3855488,-0.005184283114788213
0.3855696,-0.015745944462068073
0.3855904,-0.008812431992984883
0.3856112,-0.04299428622362547
0.38563200000000003,0.006755606122424263
0.3856528,0.024650144175807052
0.3856736,0.002914931456047721
0.3856944,0.03684194021099111
0.38571520000000004,-0.0012063541657085163
0.385736,-0.010724920104624442
0.3857568,0.023011191568231122
0.3857776,-0.02710209454010064
0.38579840000000004,-0.024091711754263424
0.38581920000000003,-0.019624949278426895
0.38584,0.04132271453004285
0.3858608,0.005447762441331489
0.3858816,0.014537007796684655
0.38590240000000003,0.01828545705143787
0.3859232,0.015475969926839042
0.385944,-0.004179385909095877
0.3859648,0.014119642313051113
0.38598560000000004,-0.0012949880382050211
0.3860064,-0.01610002641130498
0.3860272,-0.028921895394272548
0.386048,0.02050598175922953
0.3860688,0.017713244993575242
0.38608960000000003,-0.03700678797767137
0.3861104,-0.021276189830773118
0.3861312,-0.0032781362948344603
0.386152,0.03558091174512013
0.38617280000000004,0.006885779948823733
0.3861936,0.0005260479721327616
0.3862144,0.008765010395176118
0.3862352,-0.04756029807726682
0.386256,-0.0215747945785509
0.38627680000000003,-0.03775522195480578
0.3862976,0.0014121776648548237
0.3863184,0.005421867371576086
0.3863392,-0.038340082629224226
0.38636000000000004,0.004292515380698694
0.3863808,0.017642751060135162
0.3864016,0.006252911364833371
0.3864224,0.013171916952298067
0.3864432,0.01570335019818266
0.38646400000000003,0.04067296818928012
0.3864848,-0.02988920205232561
0.3865056,0.018081041359204443
0.3865264,0.005581730338030875
0.38654720000000004,0.0030784090301259823
0.386568,0.026918364192524163
0.3865888,0.027203237199012586
0.3866096,-0.01663787545672921
0.38663040000000004,0.027389097528478946
0.38665120000000003,-0.0017490109129290276
0.386672,0.006916948430774733
0.3866928,0.030353143076286723
0.3867136,0.0013011008924735362
0.38673440000000003,0.019019111313491384
0.3867552,0.007493899495761634
0.386776,0.019707760398629162
0.3867968,-0.01140458637128489
0.38681760000000004,0.007519423765352752
0.3868384,0.03778978266787835
0.3868592,0.0192922049536817
0.38688,-0.007058714861214873
0.3869008,0.009095111262133962
0.38692160000000003,0.01879123281461836
0.3869424,-0.006645741421142205
0.3869632,0.009022969908020958
0.386984,0.020538591833261382
0.38700480000000004,-0.03195492272997877
0.3870256,-0.0001036024453812714
0.3870464,-0.015849472979273534
0.3870672,0.02025449853437386
0.387088,-0.005638741880351048
0.38710880000000003,0.0029416249474937266
0.3871296,0.002237230538490458
0.3871504,-0.029492734086244633
0.3871712,-0.015369328047478583
0.38719200000000004,0.023062221840871838
0.3872128,0.034483957332122415
0.3872336,-0.010907271125090661
0.3872544,-0.021361380354756352
0.38727520000000004,0.02843685763436879
0.38729600000000003,0.017149246393032804
0.3873168,-0.003768329651225423
0.3873376,0.005922086618758166
0.3873584,0.0011170998009918283
0.38737920000000003,0.0194795512882901
0.3874,-0.025262014089348684
0.3874208,0.005713135719753594
0.3874416,0.009184814943284322
0.38746240000000004,0.019848496443744118
0.3874832,-0.00033121556705396004
0.387504,0.01778797393229843
0.3875248,0.01481379712215042
0.3875456,0.002462801565584779
0.38756640000000003,-0.0476734154868894
0.3875872,-0.009518077642272044
0.387608,0.008418189561756138
0.3876288,0.05113312940063307
0.38764960000000004,-0.05478686989292306
0.3876704,0.001213657139055052
0.3876912,0.010365878546892377
0.387712,0.03755162832546838
0.3877328,-0.031856398477228744
0.38775360000000003,0.03050372135417197
0.3877744,0.009132935260358686
0.3877952,0.024050440854904855
0.387816,0.02884842665855925
0.38783680000000004,-0.0022947396990286605
0.3878576,0.015867279621028085
0.3878784,0.012479782625981001
0.3878992,-0.015469671401999282
0.38792,0.015755803816413776
0.38794080000000003,0.015579307627302232
0.3879616,-0.0500290167594955
0.3879824,-0.014827231397195063
0.3880032,-0.022883749349000865
0.38802400000000004,-0.021549005847033592
0.3880448,-0.018880660960128158
0.3880656,0.01054363665512843
0.3880864,-0.02048876825582254
0.38810720000000004,-0.04357400856060112
0.38812800000000003,0.0003481098867854838
0.3881488,0.00459317393377466
0.3881696,-0.01903991992928223
0.3881904,0.012612739588582517
0.38821120000000003,-0.04107365199603133
0.388232,0.0037756408704544306
0.3882528,-0.017666690814889214
0.3882736,0.002073595398807171
0.38829440000000004,0.012664711403965608
0.3883152,0.025938896921234043
0.388336,-0.02643792825148502
0.3883568,0.003441420522897638
0.3883776,0.001795653709670785
0.38839840000000003,0.005256551461383318
0.3884192,0.04356730893813962
0.38844,0.014196961654890216
0.3884608,0.002679465586172902
0.38848160000000004,0.009203299782520215
0.3885024,-0.028280315691396957
0.3885232,-0.03539129505450229
0.388544,-0.021022654227632005
0.3885648,-0.01389751755912605
0.38858560000000003,0.023634641279829435
0.3886064,-0.010751593691164442
0.3886272,-0.014516870588245545
0.388648,0.04178064266379512
0.38866880000000004,-0.006100924245492482
0.3886896,0.006247108048529875
0.3887104,-0.032723395872297535
0.3887312,-0.021813391558316995
0.388752,-0.022342143360113795
0.38877280000000003,-0.03511809203807577
0.3887936,0.020403448394175093
0.3888144,0.017609938781233292
0.3888352,-0.024444382782583318
0.38885600000000003,-0.015800035540601103
0.3888768,-0.016492519954326403
0.3888976,0.0031982446422940554
0.3889184,0.025274562839890966
0.38893920000000004,-0.0015068115619642232
0.38896000000000003,0.023223784296067307
0.3889808,0.01006224123600519
0.3890016,0.01981442776787907
0.3890224,0.03422086745888977
0.38904320000000003,-0.0030759504062493784
0.389064,-0.013510357854734752
0.3890848,-0.003033738992698569
0.3891056,-0.023887716250072525
0.38912640000000004,0.012557551324923748
0.3891472,0.018020024422650275
0.389168,-0.0006886185871722091
0.3891888,-0.0013146103412709216
0.3892096,0.03276951454303618
0.38923040000000003,-0.02898751142503035
0.3892512,-0.007409795627733491
0.389272,0.0625922111338047
0.3892928,-0.023275390149898947
0.38931360000000004,-0.01658044513223826
0.3893344,0.004437103931665553
0.3893552,0.030613274024293865
0.389376,-0.007212909047160532
0.3893968,0.021373241072174778
0.38941760000000003,-0.01535620434250042
0.3894384,0.016745290859750264
0.3894592,-0.01647520617904653
0.38948,0.003594608370906426
0.38950080000000004,-0.011727669767952552
0.3895216,-0.009895077141611931
0.3895424,-0.017370746246737293
0.3895632,0.004632436349755109
0.38958400000000004,0.01684041717756801
0.38960480000000003,-0.010178042904323876
0.3896256,-0.0004909709857990214
0.3896464,0.014817275779792503
0.3896672,0.008642971176780149
0.38968800000000003,0.021409035380187
0.3897088,-0.025619056145597553
0.3897296,0.046283622582873496
0.3897504,0.012777193017020684
0.38977120000000004,-0.004612013044886848
0.389792,-0.03036847415620785
0.3898128,0.009520091669587888
0.3898336,-0.011585310126114875
0.3898544,-0.0007508586154230915
0.38987520000000003,-0.005790829926770316
0.389896,0.002009526012967519
0.3899168,0.013929449881473072
0.3899376,-0.04249057691086043
0.38995840000000004,-0.019126425253329794
0.3899792,0.03009284811511823
0.39,-0.030711197062228687
0.3900208,-0.012692386607383088
0.3900416,0.005286901860398231
0.39006240000000003,0.01808500060343998
0.3900832,-0.001528571251474567
0.390104,-0.007409839565849268
0.3901248,0.001704721553146039
0.39014560000000004,-0.009905108741068676
0.3901664,-0.00339259115271022
0.3901872,0.001006188978308774
0.390208,-0.03189710181456392
0.3902288,0.011045064589857795
0.39024960000000003,0.030750479876279033
0.3902704,0.006487538743472783
0.3902912,0.01442957362337124
0.390312,0.0304040875589468
0.39033280000000004,0.026144874878010066
0.3903536,-0.00044803444341920314
0.3903744,0.007722425435146539
0.3903952,0.011348343868162478
0.39041600000000004,-0.007027740593754188
0.39043680000000003,-0.017047044461771257
0.3904576,-0.015108126331193697
0.3904784,-0.004197896792520583
0.3904992,-0.006003864147769246
0.39052000000000003,0.019128790262270948
0.3905408,-0.02232403340707956
0.3905616,0.0023704193013260825
0.3905824,0.0025255418888362993
0.39060320000000004,-0.03798685915808945
0.390624,-0.007398785049781067
0.3906448,-0.03474743360874921
0.3906656,-0.017481275340236052
0.3906864,-0.00011179095714755818
0.39070720000000003,-0.004204967206859603
0.390728,0.012999820244664046
0.3907488,0.02485107587095526
0.3907696,-0.010556613113721422
0.39079040000000004,0.011283268265808506
0.3908112,0.008242867359179729
0.390832,0.0007041651698755931
0.3908528,0.0031763014076611213
0.3908736,0.012970988427836769
0.39089440000000003,0.0412142864607892
0.3909152,0.004721872904047214
0.390936,-0.014398564777411953
0.3909568,0.014707551004312033
0.39097760000000004,0.001186170329705913
0.3909984,-0.0018777805548692828
0.3910192,-0.024633005177036805
0.39104,-0.015049852782465376
0.39106080000000004,-0.028082669606510506
0.39108160000000003,-0.02719504435254039
0.3911024,0.008359513949533453
0.3911232,-0.04073039642935424
0.391144,-0.022020048738503148
0.39116480000000003,-0.008636963877897105
0.3911856,-0.007575432511414375
0.3912064,0.012199404881436907
0.3912272,0.0015103538101404973
0.39124800000000004,-0.005713138724113974
0.3912688,0.015234126604596285
0.3912896,-0.00477789115277915
0.3913104,0.003344071757248559
0.3913312,0.014664345490401746
0.39135200000000003,0.029428968969724623
0.3913728,-0.009430115006951633
0.3913936,-0.001204170412490436
0.3914144,0.0077943723995230335
0.39143520000000004,0.002976873044564828
0.391456,0.021513682682870232
0.3914768,0.0028031555595212213
0.3914976,0.005079395528684234
0.3915184,0.013147766340293798
0.39153920000000003,-0.005850279015517774
0.39156,0.0068324777440656025
0.3915808,-0.014705801780040278
0.3916016,-0.017739545628509882
0.39162240000000004,0.01431699845726837
0.3916432,-0.0017956070827227122
0.391664,0.008434963612572599
0.3916848,0.011655305651355795
0.3917056,0.026172826784308833
0.39172640000000003,0.04639166714560877
0.3917472,-0.007239926466679454
0.391768,0.035633188068099314
0.3917888,0.019604102871383852
0.39180960000000004,0.08132050432597891
0.3918304,0.06477474572526691
0.3918512,0.061729002663134955
0.391872,0.1014987574519699
0.39189280000000004,0.1814023568806355
0.39191360000000003,0.12295140441910832
0.3919344,0.15418613825333605
0.3919552,0.1971033220522544
0.391976,0.20485030207397054
0.39199680000000003,0.23554361065226304
0.3920176,0.2611314425707893
0.3920384,0.24752773983393273
0.3920592,0.2353333929686393
0.39208000000000004,0.34138569246102435
0.3921008,0.3294481387000642
0.3921216,0.33037607407594693
0.3921424,0.3403918338231515
0.3921632,0.369584897741866
0.39218400000000003,0.41766924170142716
0.3922048,0.3757841976189323
0.3922256,0.41949748677696086
0.3922464,0.4446657422671657
0.39226720000000004,0.4512175249812261
0.392288,0.4813928425731961
0.3923088,0.4882187898889394
0.3923296,0.5336588015165862
0.3923504,0.5162973539128268
0.39237120000000003,0.5317498407570252
0.392392,0.5330105515731912
0.3924128,0.5598907940576816
0.3924336,0.6185446456029746
0.39245440000000004,0.6228783847984299
0.3924752,0.6025007511856046
0.392496,0.634145086055687
0.3925168,0.6386002324049935
0.3925376,0.6357040956949781
0.39255840000000003,0.6398685817498617
0.3925792,0.6817538035515579
0.3926,0.6760958452276544
0.3926208,0.6770304291632601
0.39264160000000004,0.7450692789777169
0.3926624,0.7416615383926792
0.3926832,0.7250618525329715
0.392704,0.727766555487985
0.39272480000000004,0.7244603768933043
0.39274560000000003,0.7680724637607402
0.3927664,0.7768678464325114
0.3927872,0.79067271853874
0.392808,0.7733403107728243
0.39282880000000003,0.7915324380030415
0.3928496,0.7857897214047257
0.3928704,0.8238856921925121
0.3928912,0.8393876907614509
0.39291200000000004,0.8370962331194465
0.3929328,0.8540690760992391
0.3929536,0.8364418738573629
0.3929744,0.8639176394848379
0.3929952,0.8713443749312908
0.39301600000000003,0.8593175014612181
0.3930368,0.8442361363503045
0.3930576,0.8835057381556503
0.3930784,0.8547270428372826
0.39309920000000004,0.8638582826150262
0.39312,0.8892575793471399
0.3931408,0.9161534289482002
0.3931616,0.9442959605943552
0.3931824,0.9631988149395262
0.39320320000000003,0.9260601999300284
0.393224,0.8973227096566485
0.3932448,0.9092467703256394
0.3932656,0.9323439555771316
0.39328640000000004,0.9423297394016257
0.3933072,0.9109096733117585
0.393328,0.907603920731937
0.3933488,0.8964721144158339
0.39336960000000004,0.9219212610735065
0.39339040000000003,0.9290105589494331
0.3934112,0.9078028664091053
0.393432,0.9079792413553444
0.3934528,0.9153772135627726
0.39347360000000003,0.9632375710868076
0.3934944,0.8903101762266942
0.3935152,0.9099259201980752
0.393536,0.9281084682682839
0.39355680000000004,0.8814433183631559
0.3935776,0.9076253679796428
0.3935984,0.8779482865371158
0.3936192,0.9169883025189735
0.39364,0.8886746419283447
0.39366080000000003,0.8595933191960877
0.3936816,0.8973710514053678
0.3937024,0.8360789754620553
0.3937232,0.8700533555910661
0.39374400000000004,0.8576862136260741
0.3937648,0.811831108512135
0.3937856,0.8654711696585908
0.3938064,0.8271677090916099
0.3938272,0.8304291017309925
0.39384800000000003,0.843675523531539
0.3938688,0.8584196120971569
0.3938896,0.8027485789851796
0.3939104,0.7996358351956315
0.39393120000000004,0.7996732185653608
0.393952,0.7987149476900781
0.3939728,0.75954630335132
0.3939936,0.7695449692362081
0.3940144,0.779183058590003
0.39403520000000003,0.747725620577876
0.394056,0.731711547403038
0.3940768,0.7116419939138837
0.3940976,0.7304135572370756
0.39411840000000004,0.7021511925166694
0.3941392,0.6847167276457173
0.39416,0.6642021449047416
0.3941808,0.6552172717130224
0.39420160000000004,0.6780390147995622
0.39422240000000003,0.6791398719181747
0.3942432,0.5868132306708833
0.394264,0.5977195019970866
0.3942848,0.5926766189456442
0.39430560000000003,0.5517655383022098
0.3943264,0.6036935433388549
0.3943472,0.5664787978256742
0.394368,0.5578685188192882
0.39438880000000004,0.539052849991671
0.3944096,0.5437440347709177
0.3944304,0.5024079356234799
0.3944512,0.4951265331550095
0.394472,0.4902984542112774
0.39449280000000003,0.4594780244605856
0.3945136,0.45792015516706064
0.3945344,0.4436500892624665
0.3945552,0.424098327085995
0.39457600000000004,0.3970703711231929
0.3945968,0.41381750419867236
0.3946176,0.3547435308892497
0.3946384,0.37578313271547453
0.3946592,0.3287839566260996
0.39468000000000003,0.31438399517102833
0.3947008,0.29707298209348904
0.3947216,0.30347280857725883
0.3947424,0.3046048454928745
0.39476320000000004,0.2664168137284946
0.394784,0.21008631876302883
0.3948048,0.224425763694829
0.3948256,0.19748987066026477
0.39484640000000004,0.17825034128849537
0.39486720000000003,0.172407101519247
0.394888,0.1748875786269886
0.3949088,0.1213537363075748
0.3949296,0.1510733202243894
0.39495040000000003,0.09033227910225121
0.3949712,0.07947124031662617
0.394992,0.07918204305668917
0.3950128,0.08055598370003958
0.39503360000000004,0.05037907581156727
0.39505440000000003,-0.001009394719825269
0.3950752,0.024630421840001127
0.395096,-0.023698356202716386
0.3951168,-0.015638768006075165
0.39513760000000003,-0.03581227624058937
0.3951584,-0.08013671160408326
0.3951792,-0.07069494104339462
0.3952,-0.07720392388871253
0.39522080000000004,-0.08591922728273131
0.3952416,-0.1583481015510063
0.3952624,-0.12233424067937215
0.3952832,-0.16975514908587375
0.395304,-0.18087000749572169
0.39532480000000003,-0.19645086972436254
0.3953456,-0.18522057097439149
0.3953664,-0.23125438384001837
0.3953872,-0.23694982628954953
0.39540800000000004,-0.24396051514497377
0.3954288,-0.27461934337784777
0.3954496,-0.2725479171015173
0.3954704,-0.27505661137905113
0.3954912,-0.30212160104892166
0.39551200000000003,-0.32796149065317926
0.3955328,-0.3543863234117304
0.3955536,-0.33645438007469175
0.3955744,-0.4100259232909689
0.39559520000000004,-0.36162630102123927
0.395616,-0.3934300034860843
0.3956368,-0.4376969462559608
0.3956576,-0.4260066132719525
0.39567840000000004,-0.39688032510689725
0.39569920000000003,-0.4263870640623481
0.39572,-0.44103502525137156
0.3957408,-0.49100584058284086
0.3957616,-0.4816914026201425
0.39578240000000003,-0.4809773580616137
0.3958032,-0.5086991236901807
0.395824,-0.5100142037621505
0.3958448,-0.5382111656022652
0.39586560000000004,-0.5324092033635568
0.3958864,-0.5873176188302902
0.3959072,-0.5823652587621732
0.395928,-0.553006548943765
0.3959488,-0.5970084379583476
0.39596960000000003,-0.571696468280014
0.3959904,-0.6029525363175068
0.3960112,-0.6143230411702079
0.396032,-0.6378024269577844
0.39605280000000004,-0.6311392814958092
0.3960736,-0.6371843687213862
0.3960944,-0.6482396763432624
0.3961152,-0.6816963088928173
0.396136,-0.6629036428452598
0.39615680000000003,-0.6465017216867947
0.3961776,-0.7015420594865222
0.3961984,-0.6880600954128145
0.3962192,-0.7075057362764413
0.39624000000000004,-0.7113741704056955
0.3962608,-0.7180099051866834
0.3962816,-0.7054917523765847
0.3963024,-0.7122368871823044
0.3963232,-0.7243842816297353
0.39634400000000003,-0.7399763458530535
0.3963648,-0.7268855607321709
0.3963856,-0.7472418763361318
0.3964064,-0.7642878715652852
0.39642720000000004,-0.7752443780988562
0.396448,-0.7735437594891136
0.3964688,-0.8049776911297946
0.3964896,-0.7552586882202655
0.39651040000000004,-0.7504287605365916
0.39653120000000003,-0.7662823464014391
0.396552,-0.7686873623871888
0.3965728,-0.7917876866499932
0.3965936,-0.7784926926974969
0.39661440000000003,-0.7875936407307019
0.3966352,-0.7809241367010943
0.396656,-0.7753536692740982
0.3966768,-0.7848417557166023
0.39669760000000004,-0.7873977468993931
0.3967184,-0.8153545876301825
0.3967392,-0.7956523923982048
0.39676,-0.7529600381962961
0.3967808,-0.802124778653135
0.39680160000000003,-0.7682633296944767
0.3968224,-0.7768944190958326
0.3968432,-0.756109828567442
0.396864,-0.7505596154031575
0.39688480000000004,-0.7525132142098784
0.3969056,-0.7654679378663667
0.3969264,-0.7691868360825461
0.3969472,-0.7609019824403911
0.396968,-0.7190129730741772
0.39698880000000003,-0.7740668085579672
0.3970096,-0.7426884578890232
0.3970304,-0.7180453854805058
0.3970512,-0.7125342340347838
0.39707200000000004,-0.7200988922141752
0.3970928,-0.7346417282882803
0.3971136,-0.6939646520694674
0.3971344,-0.7009207357238055
0.39715520000000004,-0.7107158569463414
0.39717600000000003,-0.7452315666602847
0.3971968,-0.715116309696981
0.3972176,-0.6829801257883974
0.3972384,-0.6497482395560213
0.39725920000000003,-0.6750659821868372
0.39728,-0.6658821045304825
0.3973008,-0.6742389127345236
0.3973216,-0.6510999741754104
0.39734240000000004,-0.6547225868419785
0.3973632,-0.6263591403977288
0.397384,-0.6200361660449406
0.3974048,-0.607723274661321
0.3974256,-0.6041014797867151
0.39744640000000003,-0.5983960867560353
0.3974672,-0.586888628319419
0.397488,-0.5855713511893984
0.3975088,-0.5656392464075446
0.39752960000000004,-0.526394606892835
0.3975504,-0.5497852244978849
0.3975712,-0.5627548057311073
0.397592,-0.5264962852873216
0.3976128,-0.5096144074460938
0.39763360000000003,-0.5138143980264399
0.3976544,-0.47971362669721945
0.3976752,-0.4500561833659048
0.397696,-0.4527584236184751
0.39771680000000004,-0.482008549852716
0.3977376,-0.4291296446242759
0.3977584,-0.42797933779935043
0.3977792,-0.3925546964038344
0.3978,-0.41117471396277777
0.39782080000000003,-0.39039058817001204
0.3978416,-0.38070369985719466
0.3978624,-0.34692838844026613
0.3978832,-0.35812357034505815
0.39790400000000004,-0.33867394417905966
0.3979248,-0.32651915808504045
0.3979456,-0.3111959265870024
0.3979664,-0.29567715011959966
0.39798720000000004,-0.3213917687867311
0.39800800000000003,-0.2864661658417462
0.3980288,-0.2797659423285927
0.3980496,-0.2655404824502763
0.3980704,-0.23096834606655978
0.39809120000000003,-0.2225425956759899
0.398112,-0.23096459242981132
0.3981328,-0.1650162503356039
0.3981536,-0.16093797075837277
0.39817440000000004,-0.16935638456730287
0.3981952,-0.163262865080958
0.398216,-0.12080516682506467
0.3982368,-0.11649011034198505
0.3982576,-0.12384948553190214
0.39827840000000003,-0.06765502555122006
0.3982992,-0.09100282828422177
0.39832,-0.07523553557033924
0.3983408,-0.0383691958792457
0.39836160000000004,-0.016208827898687717
0.3983824,-0.028975957656558138
0.3984032,-0.031243619366844493
0.398424,-0.003959886505487804
0.3984448,0.047637396298023764
0.39846560000000003,0.03699332972082991
0.3984864,0.04454531277177149
0.3985072,0.06199572611482406
0.398528,0.0946317398638929
0.39854880000000004,0.10965715622684477
0.3985696,0.06496201237889497
0.3985904,0.10556324889896901
0.3986112,0.1604208250316544
0.39863200000000004,0.13235100022541335
0.39865280000000003,0.1820555962320529
0.3986736,0.18820567629602863
0.3986944,0.19489678655203568
0.3987152,0.20672859659511741
0.39873600000000003,0.19557456817297736
0.3987568,0.21859338983405663
0.3987776,0.21678777499859359
0.3987984,0.23288812372763693
0.39881920000000004,0.28526069023148193
0.39884000000000003,0.27996273114352027
0.3988608,0.29001504286924307
0.3988816,0.28002870664868496
0.3989024,0.30689435383052854
0.39892320000000003,0.33311528946805813
0.398944,0.31656063403356854
0.3989648,0.3626422522357169
0.3989856,0.3745436984415541
0.39900640000000004,0.3553053664130665
0.3990272,0.38232287858870784
0.399048,0.37092470714887465
0.3990688,0.39412020800991715
0.3990896,0.3514918917774728
0.39911040000000003,0.42769394446536
0.3991312,0.4219820476491605
0.399152,0.4592602171369733
0.3991728,0.44314937110639707
0.39919360000000004,0.4248152114519717
0.3992144,0.4950694707173326
0.3992352,0.5021102469427566
0.399256,0.4930804667855422
0.3992768,0.5194719615506166
0.39929760000000003,0.4786374331256271
0.3993184,0.5334004278601298
0.3993392,0.5066894627982811
0.39936,0.516346947950484
0.39938080000000004,0.5793429149690649
0.3994016,0.5315418795148915
0.3994224,0.5404153359463939
0.3994432,0.5933410662739144
0.39946400000000004,0.5241286953802893
0.39948480000000003,0.586893131632963
0.3995056,0.6085004851806829
0.3995264,0.5655926807492199
0.3995472,0.5729368033821021
0.39956800000000003,0.606158005318608
0.3995888,0.6140900835894215
0.3996096,0.5723674073976555
0.3996304,0.6115873242364447
0.39965120000000004,0.6107906448119861
0.399672,0.5948200985514878
0.3996928,0.6452654623789246
0.3997136,0.6013122828378192
0.3997344,0.6505365276209794
0.39975520000000003,0.6284095150273002
0.399776,0.6271891077486575
0.3997968,0.6465991533229092
0.3998176,0.6117385728068782
0.39983840000000004,0.663560657019532
0.3998592,0.6245272621334488
0.39988,0.6712031965085979
0.3999008,0.6653173799757318
0.3999216,0.6227042861388274
0.39994240000000003,0.6583509313254894
0.3999632,0.6465179158966076
0.399984,0.6769832265015264
0.4000048,0.6426753750784705
0.40002560000000004,0.6678776987161917
0.4000464,0.67285038388347
0.4000672,0.6545266661124338
0.400088,0.6157434667308991
0.40010880000000004,0.6595849819254735
0.40012960000000003,0.6637058946999809
0.4001504,0.6608856586635126
0.4001712,0.6415627159897107
0.400192,0.6463542269177703
0.40021280000000004,0.6331434313157532
0.4002336,0.6048962272758772
0.4002544,0.6792970299065817
0.4002752,0.642836305111529
0.40029600000000004,0.6317140133645445
0.40031680000000003,0.6604012584275285
0.4003376,0.6332306991989733
0.4003584,0.6428925095079321
0.4003792,0.6159930991037911
0.40040000000000003,0.6433214562343944
0.4004208,0.6072663549456894
0.4004416,0.5887173945148191
0.4004624,0.6113867058036324
0.40048320000000004,0.5799075072477966
0.400504,0.6286734064879554
0.4005248,0.5822015313914344
0.4005456,0.6059989824812027
0.4005664,0.5946430141760841
0.40058720000000003,0.5629109367053509
0.400608,0.5466103640031527
0.4006288,0.562047346768142
0.4006496,0.5368703112113853
0.40067040000000004,0.5767095543558799
0.4006912,0.5824485285985835
0.400712,0.5764743595926378
0.4007328,0.5315187874259553
0.4007536,0.4750227228735332
0.40077440000000003,0.49130354401065957
0.4007952,0.525139340372211
0.400816,0.46998934736200937
0.4008368,0.4733117358454103
0.40085760000000004,0.44983038733492703
0.4008784,0.45453193423178156
0.4008992,0.4567158403707036
0.40092,0.45690766435957025
0.40094080000000004,0.416198656457396
0.40096160000000003,0.40584958203974847
0.4009824,0.3868809016061947
0.4010032,0.4144074457877927
0.401024,0.40035341121614637
0.40104480000000003,0.3922392492720586
0.4010656,0.39208977027775554
0.4010864,0.3577118412593568
0.4011072,0.3741815071168103
0.40112800000000004,0.36920094177248053
0.4011488,0.3359818073466662
0.4011696,0.3213023837600062
0.4011904,0.321853880772179
0.4012112,0.2970874973434746
0.40123200000000003,0.2997589732613512
0.4012528,0.2938211794036396
0.4012736,0.29844271399451566
0.4012944,0.2913151935732613
0.40131520000000004,0.23369676273748402
0.401336,0.25705928058721145
0.4013568,0.24013045715786863
0.4013776,0.1908417777570027
0.4013984,0.2089486655794378
0.40141920000000003,0.17712858290343442
0.40144,0.18763604327400418
0.4014608,0.16573270195007228
0.4014816,0.15785558753689863
0.40150240000000004,0.16193704989661034
0.4015232,0.11138955787736236
0.401544,0.10373721000823846
0.4015648,0.12089068875607968
0.4015856,0.08772758221561659
0.40160640000000003,0.06905604930277348
0.4016272,0.021667088413519463
0.401648,0.08279857408071367
0.4016688,0.05328488288993863
0.40168960000000004,0.03319164319012939
0.4017104,0.029761144994002776
0.4017312,-0.014157663713715334
0.401752,0.03683394774576677
0.40177280000000004,-0.012916345843409881
0.40179360000000003,-0.0198227281773933
0.4018144,-0.020724950485786556
0.4018352,-0.012428487328489835
0.401856,-0.07962254659959525
0.40187680000000003,-0.10812841295817305
0.4018976,-0.08235863417585754
0.4019184,-0.11074902849790626
0.4019392,-0.08949569459219579
0.40196000000000004,-0.11178138698142438
0.4019808,-0.12361181908908978
0.4020016,-0.14682784105262767
0.4020224,-0.16714965596208273
0.4020432,-0.18572543125782207
0.40206400000000003,-0.17530787069037151
0.4020848,-0.1573710528193836
0.4021056,-0.2596071779749533
0.4021264,-0.2156991643537168
0.40214720000000004,-0.2339699846346996
0.402168,-0.204802969968979
0.4021888,-0.2304174103589041
0.4022096,-0.25839498178791653
0.4022304,-0.2599307711543379
0.40225120000000003,-0.21494629414799948
0.402272,-0.27748413673749517
0.4022928,-0.2968943241567264
0.4023136,-0.30457278648148084
0.40233440000000004,-0.2986445907686558
0.4023552,-0.3149774358689532
0.402376,-0.28847730472772554
0.4023968,-0.35203090702159634
0.40241760000000004,-0.3463099513562404
0.40243840000000003,-0.3561618201261278
0.4024592,-0.35778126043079483
0.40248,-0.3785556667431234
0.4025008,-0.40203773971102613
0.40252160000000003,-0.3871360391106651
0.4025424,-0.3943237557409256
0.4025632,-0.41761425721140377
0.402584,-0.4113231246013858
0.40260480000000004,-0.4086840791936082
0.40262560000000003,-0.400552750292236
0.4026464,-0.43666223799816023
0.4026672,-0.4160510882651089
0.402688,-0.4509531457577878
0.40270880000000003,-0.4361937361927568
0.4027296,-0.48077600183651387
0.4027504,-0.515866230675853
0.4027712,-0.4623491084309527
0.40279200000000004,-0.4434201113702026
0.4028128,-0.4761171541516078
0.4028336,-0.4970204637924535
0.4028544,-0.5102136363081197
0.4028752,-0.5070973948966775
0.40289600000000003,-0.5126435687522797
0.4029168,-0.49542261641003527
0.4029376,-0.5057303813152554
0.4029584,-0.47403612192768846
0.40297920000000004,-0.5147957260431039
0.403,-0.5503470997117741
0.4030208,-0.5353994459242578
0.4030416,-0.5184753119053278
0.4030624,-0.5217954704807906
0.40308320000000003,-0.6054698201603854
0.403104,-0.5158008220808259
0.4031248,-0.5807883765546825
0.4031456,-0.5596087404409943
0.40316640000000004,-0.5744594071232464
0.4031872,-0.5824968961076255
0.403208,-0.5815365893329141
0.4032288,-0.5843330217568443
0.40324960000000004,-0.5321620950327732
0.40327040000000003,-0.5799924653869889
0.4032912,-0.5758101885867012
0.403312,-0.5524939648705809
0.4033328,-0.5508584108315342
0.40335360000000003,-0.5594215718293846
0.4033744,-0.560844615071634
0.4033952,-0.5511759082604275
0.403416,-0.5676849199732991
0.40343680000000004,-0.6049985997496802
0.4034576,-0.5296560377509019
0.4034784,-0.515428608851747
0.4034992,-0.5317241758523271
0.40352,-0.5924698628640903
0.40354080000000003,-0.5464141533904509
0.4035616,-0.5291880698647308
0.4035824,-0.562589131085513
0.4036032,-0.5177018485041129
0.40362400000000004,-0.5303566178556237
0.4036448,-0.5742638938652281
0.4036656,-0.5788067187727258
0.4036864,-0.47025678642795415
0.4037072,-0.5412734064619416
0.40372800000000003,-0.5029462673822641
0.4037488,-0.5235295976283006
0.4037696,-0.5463232828593394
0.4037904,-0.5131464814703203
0.40381120000000004,-0.506834986918272
0.403832,-0.469554574774126
0.4038528,-0.5284374093199303
0.4038736,-0.5054874764157279
0.40389440000000004,-0.4739126499628018
0.40391520000000003,-0.4687357843571916
0.403936,-0.4608512261626017
0.4039568,-0.43466653151181495
0.4039776,-0.47664759173637783
0.40399840000000004,-0.4715901941618794
0.4040192,-0.45549186236748374
0.40404,-0.436966088725406
0.4040608,-0.45260175199202346
0.40408160000000004,-0.46241428496445275
0.40410240000000003,-0.4405818886599941
0.4041232,-0.3625247553557083
0.404144,-0.3861189440176227
0.4041648,-0.4007027032175102
0.40418560000000003,-0.4317218267702605
0.4042064,-0.39244523592164676
0.4042272,-0.3970926867686674
0.404248,-0.39857981394488784
0.40426880000000004,-0.3924549952793503
0.4042896,-0.3793080910052727
0.4043104,-0.36458306474683133
0.4043312,-0.3436083748772071
0.404352,-0.3454965090779373
0.40437280000000003,-0.32004310853334156
0.4043936,-0.3460818838127725
0.4044144,-0.2827651699712233
0.4044352,-0.3008239888798882
0.40445600000000004,-0.3023589214374592
0.4044768,-0.28337340898520935
0.4044976,-0.3207324958764769
0.4045184,-0.24657633925592168
0.4045392,-0.29228954297049403
0.40456000000000003,-0.2548867691537781
0.4045808,-0.24462747977386018
0.4046016,-0.18159277093422305
0.4046224,-0.21988430483585997
0.40464320000000004,-0.21455723197488225
0.404664,-0.1374485667737017
0.4046848,-0.1966955273378581
0.4047056,-0.1981973266337071
0.40472640000000004,-0.18065227667457862
0.40474720000000003,-0.16917219631847735
0.404768,-0.1673024111790762
0.4047888,-0.1673296570562144
0.4048096,-0.11582610391968079
0.40483040000000003,-0.09143284499416374
0.4048512,-0.09611118887155841
0.404872,-0.10766093404470539
0.4048928,-0.07405558664786871
0.40491360000000004,-0.11056508894955526
0.4049344,-0.10812043707189295
0.4049552,-0.06154529992812072
0.404976,-0.026667632426445168
0.4049968,-0.06079184243695655
0.40501760000000003,-0.06270769090349783
0.4050384,-0.02513290090289996
0.4050592,-0.008167406993086924
0.40508,-0.0060399142571773284
0.40510080000000004,0.010339375732409187
0.4051216,0.035810675658213
0.4051424,0.008156588844772137
0.4051632,0.026165269346980432
0.405184,0.03204558049513432
0.40520480000000003,0.044372519611570765
0.4052256,0.05523856545694999
0.4052464,0.07957651235379228
0.4052672,0.10253592715466536
0.40528800000000004,0.09603282408866436
0.4053088,0.1263010664153335
0.4053296,0.10387384572720217
0.4053504,0.15227551267555328
0.4053712,0.13187550474308976
0.40539200000000003,0.16078999517733883
0.4054128,0.15838558578645823
0.4054336,0.12789082674804095
0.4054544,0.2139848442369846
0.40547520000000004,0.17675971309922106
0.405496,0.21307825726353413
0.4055168,0.22658997056039057
0.4055376,0.20848051100683765
0.40555840000000004,0.2179755716309189
0.40557920000000003,0.1873295466832246
0.4056,0.25593305083520745
0.4056208,0.19870238986259878
0.4056416,0.2715293392465162
0.40566240000000003,0.2453209223352361
0.4056832,0.3127152221565716
0.405704,0.256583342173438
0.4057248,0.2502514893299077
0.40574560000000004,0.2820399923447247
0.4057664,0.2765374632965208
0.4057872,0.2932910213823289
0.405808,0.34564056938268395
0.4058288,0.3421657359232267
0.40584960000000003,0.3371508473136132
0.4058704,0.3419238936536225
0.4058912,0.3524374460828526
0.405912,0.3646468079289423
0.40593280000000004,0.3619330302806761
0.4059536,0.3684460542764717
0.4059744,0.3487999621715958
0.4059952,0.38027288835313244
0.406016,0.36346110956027206
0.40603680000000003,0.37607093226478805
0.4060576,0.40174397436726117
0.4060784,0.37964397837626146
0.4060992,0.41334445556097155
0.40612000000000004,0.3940566567147489
0.4061408,0.43602572722846294
0.4061616,0.39321867600988036
0.4061824,0.40420838545678833
0.40620320000000004,0.4179997898758761
0.40622400000000003,0.45992695156314223
0.4062448,0.43112564942988496
0.4062656,0.44152714448203206
0.4062864,0.4191967848283434
0.40630720000000004,0.4255424441977219
0.406328,0.4561467442216848
0.4063488,0.43748071620158546
0.4063696,0.4402013459757373
0.40639040000000004,0.45147800442438846
0.40641120000000003,0.49193187439088815
0.406432,0.46224581998446107
0.4064528,0.465889365740584
0.4064736,0.47560933500531394
0.40649440000000003,0.47890852787740346
0.4065152,0.48430394795559223
0.406536,0.47723090663497997
0.4065568,0.4482770292651494
0.40657760000000004,0.4430208002580555
0.4065984,0.48280756904717953
0.4066192,0.46989182800658197
0.40664,0.48027922989123517
0.4066608,0.4472574011360102
0.40668160000000003,0.4701376913685123
0.4067024,0.49793540222735566
0.4067232,0.4886669746810479
0.406744,0.44639739605567164
0.40676480000000004,0.4720486542624703
0.4067856,0.4826674774723328
0.4068064,0.47852286821295437
0.4068272,0.47738427307296855
0.406848,0.4448983201585114
0.40686880000000003,0.44762653462378343
0.4068896,0.44672026869746556
0.4069104,0.4667599642136878
0.4069312,0.43067868200114956
0.40695200000000004,0.4826056868290712
0.4069728,0.47926566556988576
0.4069936,0.44858718901138944
0.4070144,0.43425790254532215
0.40703520000000004,0.37435879796654453
0.40705600000000003,0.4629095788961305
0.4070768,0.46478565266185967
0.4070976,0.4533055813059368
0.4071184,0.40901447456351275
0.40713920000000003,0.3978033927196526
0.40716,0.4525899885188959
0.4071808,0.44149288217195837
0.4072016,0.40396386231460546
0.40722240000000004,0.4292345194096432
0.4072432,0.4031160355135132
0.407264,0.39747034631784295
0.4072848,0.38039928320145633
0.4073056,0.3891921592999088
0.40732640000000003,0.38663884704759927
0.4073472,0.4002620811908374
0.407368,0.3603511896810643
0.4073888,0.4036628375119952
0.40740960000000004,0.3832544979609723
0.4074304,0.35002725936817214
0.4074512,0.3725914230399042
0.407472,0.384711916518573
0.4074928,0.35860781913868983
0.40751360000000003,0.3828218386187931
0.4075344,0.39654435670058225
0.4075552,0.3257211609922852
0.407576,0.31304247784438577
0.40759680000000004,0.29506096677573235
0.4076176,0.26566434852093834
0.4076384,0.297076084728752
0.4076592,0.2996795105206684
0.40768000000000004,0.304868307199854
0.40770080000000003,0.2722016166821723
0.4077216,0.26112540299033593
0.4077424,0.2537453706522169
0.4077632,0.2748884442730482
0.40778400000000004,0.258596292636097
0.4078048,0.2534707342328634
0.4078256,0.25175917406955783
0.4078464,0.25377341476902915
0.40786720000000004,0.19439353426820033
0.40788800000000003,0.2270362275253447
0.4079088,0.20489285316760028
0.4079296,0.17717237966010763
0.4079504,0.15933253886405324
0.40797120000000003,0.19174713434671353
0.407992,0.1688434505297465
0.4080128,0.1454088975599237
0.4080336,0.1751046403858188
0.40805440000000004,0.15778591983742724
0.4080752,0.17158403773793998
0.408096,0.12845719033956476
0.4081168,0.07320789166066499
0.4081376,0.07362820900249191
0.40815840000000003,0.10126486554303228
0.4081792,0.108033525361556
0.4082,0.05302700883442372
0.4082208,0.056842667727462465
0.40824160000000004,0.04020724824561761
0.4082624,0.06487390823731531
0.4082832,0.07384950671426804
0.408304,0.04192926317385574
0.4083248,0.02771304793907499
0.40834560000000003,0.015590483212356256
0.4083664,0.024368036731599423
0.4083872,-0.016561119627282656
0.408408,0.005406876303234895
0.40842880000000004,0.01875391740683273
0.4084496,-0.005570604937036443
0.4084704,-0.045879956133292224
0.4084912,-0.01248775423642386
0.40851200000000004,-0.051145673614527355
0.40853280000000003,-0.047789715097902766
0.4085536,-0.05550437457226999
0.4085744,-0.06454109306821262
0.4085952,-0.07692867824358347
0.40861600000000003,-0.08536553044544472
0.4086368,-0.04951037661505351
0.4086576,-0.11373845274054703
0.4086784,-0.10131463894554361
0.40869920000000004,-0.13997020916408368
0.40872,-0.12340166121308986
0.4087408,-0.133099729588168
0.4087616,-0.12534435186616522
0.4087824,-0.1553563239032517
0.40880320000000003,-0.1253013837301974
0.408824,-0.16103470105129364
0.4088448,-0.15297440304411497
0.4088656,-0.19477227538051323
0.40888640000000004,-0.19651945434784798
0.4089072,-0.14671565286211652
0.408928,-0.22193540313619414
0.4089488,-0.1817367942724056
0.4089696,-0.18148565347737555
0.40899040000000003,-0.19552922477500043
0.4090112,-0.2043051788283292
0.409032,-0.2519216499489326
0.4090528,-0.23477326464508302
0.40907360000000004,-0.2283452981727055
0.4090944,-0.2448686969731382
0.4091152,-0.275835738280792
0.409136,-0.28585984317323887
0.4091568,-0.26419468761583337
0.40917760000000003,-0.2571487009145866
0.4091984,-0.28790295064152344
0.4092192,-0.2999990372624457
0.40924,-0.29140801101786296
0.40926080000000004,-0.3335155286656941
0.4092816,-0.30043036401751805
0.4093024,-0.25085734347399596
0.4093232,-0.34595618538163486
0.40934400000000004,-0.28867103748761913
0.40936480000000003,-0.3197620013453593
0.4093856,-0.3670085712856398
0.4094064,-0.34256535406295274
0.4094272,-0.33283230231044314
0.40944800000000003,-0.36082180730094826
0.4094688,-0.35997085816601004
0.4094896,-0.368542324424509
0.4095104,-0.3385259241896143
0.40953120000000004,-0.3342526831891856
0.409552,-0.3334508665276093
0.4095728,-0.3402747199509174
0.4095936,-0.38066603353534384
0.4096144,-0.36877568090415425
0.40963520000000003,-0.381417749241345
0.409656,-0.3450640409955864
0.4096768,-0.3952679483600787
0.4096976,-0.3713254763657799
0.40971840000000004,-0.3900802250132675
0.4097392,-0.3827626689346054
0.40976,-0.3700606277424628
0.4097808,-0.42384445113019453
0.4098016,-0.40479304780692
0.40982240000000003,-0.4008938622194048
0.4098432,-0.3956888700515306
0.409864,-0.4157076494059949
0.4098848,-0.41150827877859375
0.40990560000000004,-0.4077923738224064
0.4099264,-0.4240174347985924
0.4099472,-0.4051899410928438
0.409968,-0.38418875789599793
0.40998880000000004,-0.397847956484947
0.41000960000000003,-0.37765238954241265
0.4100304,-0.37693829008241186
0.4100512,-0.39746464813436894
0.410072,-0.4074654852364157
0.41009280000000004,-0.4102914013666699
0.4101136,-0.43235662146049075
0.4101344,-0.39225017616747765
0.4101552,-0.3718197001728268
0.41017600000000004,-0.4259747031190075
0.41019680000000003,-0.4041745160609943
0.4102176,-0.3968052270292084
0.4102384,-0.4126913826022045
0.4102592,-0.40169318043900876
0.41028000000000003,-0.4175766824646332
0.4103008,-0.38143492790632205
0.4103216,-0.3798261875820458
0.4103424,-0.3910294701076581
0.41036320000000004,-0.375421950946561
0.410384,-0.3726304747449706
0.4104048,-0.3819009556220514
0.4104256,-0.4138489194533762
0.4104464,-0.39651533099664854
0.41046720000000003,-0.3676396447939011
0.410488,-0.3812492373395324
0.4105088,-0.3693565280151782
0.4105296,-0.34444248950066325
0.41055040000000004,-0.3482025504198049
0.4105712,-0.3540650141882552
0.410592,-0.35725233662131023
0.4106128,-0.3226703858484801
0.4106336,-0.35571411573026446
0.41065440000000003,-0.3319026693033346
0.4106752,-0.3469346145650647
0.410696,-0.32397763468244406
0.4107168,-0.3267746110406694
0.41073760000000004,-0.3049234887102762
0.4107584,-0.3229827316650786
0.4107792,-0.35517771659009234
0.4108,-0.26105607256127805
0.41082080000000004,-0.27547021621073414
0.41084160000000003,-0.3005471917333939
0.4108624,-0.2858936747531337
0.4108832,-0.27229758986580155
0.410904,-0.24040637739281115
0.41092480000000003,-0.27985879239284683
0.4109456,-0.2999789511426499
0.4109664,-0.29583321464537066
0.4109872,-0.25513340425403924
0.41100800000000004,-0.25337840931351996
0.4110288,-0.20443245100149376
0.4110496,-0.24298587586117698
0.4110704,-0.24074527977322305
0.4110912,-0.2372044859988366
0.41111200000000003,-0.20193041749671062
0.4111328,-0.26125209984810355
0.4111536,-0.20842614559888184
0.4111744,-0.2059564435554435
0.41119520000000004,-0.19229235909357648
0.411216,-0.17564387367901718
0.4112368,-0.2087185040044397
0.4112576,-0.15950954028829034
0.4112784,-0.1905901029971267
0.41129920000000003,-0.1700725775651198
0.41132,-0.19387387070620393
0.4113408,-0.15533465320774312
0.4113616,-0.14810946028340052
0.41138240000000004,-0.1419760510128675
0.4114032,-0.11622829589848195
0.411424,-0.14080875049999922
0.4114448,-0.13344809612914527
0.41146560000000004,-0.13306471416186688
0.41148640000000003,-0.0900812788836241
0.4115072,-0.07452081633425069
0.411528,-0.04343903148410681
0.4115488,-0.09363869887443754
0.41156960000000004,-0.08427863783863299
0.4115904,-0.05830682899434079
0.4116112,-0.008245215396547774
0.411632,-0.026612005618711396
0.41165280000000004,-0.02085060511063879
0.41167360000000003,-0.051149378270368154
0.4116944,-0.04471425357325263
0.4117152,-0.029311443928576562
0.411736,-0.030450575030652568
0.41175680000000003,0.0027301642330091053
0.4117776,-0.005536889657540555
0.4117984,0.010190813336720407
0.4118192,-0.019327481482398
0.41184000000000004,0.00630810301223797
0.4118608,0.0049778582849512795
0.4118816,0.003920791385209288
0.4119024,0.07613649515186656
0.4119232,0.0043449047416632275
0.41194400000000003,0.06312179356835125
0.4119648,0.055145447915891
0.4119856,0.06561106059478149
0.4120064,0.1125773359432702
0.41202720000000004,0.12295902769312794
0.412048,0.10151847700111322
0.4120688,0.12379464413935315
0.4120896,0.12428240544719109
0.4121104,0.13304462328072258
0.41213120000000003,0.1372449040200418
0.412152,0.12215095587202417
0.4121728,0.14433110297292803
0.4121936,0.14525172592538238
0.41221440000000004,0.17991107446444285
0.4122352,0.13556218254975594
0.412256,0.166500556929156
0.4122768,0.1784285465082251
0.41229760000000004,0.15217720618212477
0.41231840000000003,0.1333914612882876
0.4123392,0.153457978174753
0.41236,0.2226520561674165
0.4123808,0.18936565022343077
0.41240160000000003,0.19670740713632584
0.4124224,0.21875163195387012
0.4124432,0.20679500746446583
0.412464,0.20214996289787565
0.41248480000000004,0.24495098478923077
0.41250560000000003,0.2502028156056362
0.4125264,0.2100852074123701
0.4125472,0.22227172366713982
0.412568,0.21792616086562605
0.41258880000000003,0.27265469494899636
0.4126096,0.23507725200933638
0.4126304,0.2511767884312126
0.4126512,0.2758341286564185
0.41267200000000004,0.2705717073320794
0.4126928,0.2701795701757264
0.4127136,0.30041608775197287
0.4127344,0.2624381158421901
0.4127552,0.27519427166896937
0.41277600000000003,0.29748851276712457
0.4127968,0.2771543589193498
0.4128176,0.2836700881806777
0.4128384,0.3037655182549748
0.41285920000000004,0.27496676000885895
0.41288,0.27600313352886463
0.4129008,0.3198306859169825
0.4129216,0.3075878517329939
0.4129424,0.3043383132270896
0.41296320000000003,0.2989794065802091
0.412984,0.29291840514117307
0.4130048,0.31635810358483796
0.4130256,0.35233149613290043
0.41304640000000004,0.32016500111987733
0.4130672,0.3705702689382834
0.413088,0.31861903620256116
0.4131088,0.32046628684244927
0.41312960000000004,0.3110948926222589
0.41315040000000003,0.3076279434315648
0.4131712,0.3541686689865199
0.413192,0.31751746065336833
0.4132128,0.3129100203051105
0.41323360000000003,0.3617031463308094
0.4132544,0.3104179269992147
0.4132752,0.30915762490738424
0.413296,0.36616656314336493
0.41331680000000004,0.3434817097208434
0.4133376,0.3363769853448242
0.4133584,0.3256335771686728
0.4133792,0.36841193359478264
0.4134,0.31471709063407477
0.41342080000000003,0.32011642622876824
0.4134416,0.34924618420250064
0.4134624,0.3511361568254252
0.4134832,0.35618842023962227
0.41350400000000004,0.3378288525617594
0.4135248,0.32682260708795535
0.4135456,0.34061365439461855
0.4135664,0.3396656093172504
0.4135872,0.33181187313486654
0.41360800000000003,0.30024458821074834
0.4136288,0.2805137042113268
0.4136496,0.3194195936045504
0.4136704,0.3155896789812952
0.41369120000000004,0.3378483090735387
0.413712,0.34739698124435675
0.4137328,0.3075747369373721
0.4137536,0.3117826498379367
0.41377440000000004,0.32621027627970456
0.41379520000000003,0.3277937359604925
0.413816,0.28611519314721956
0.4138368,0.31134029090237797
0.4138576,0.3050289574887119
0.41387840000000004,0.27850987429090257
0.4138992,0.3032609590697633
0.41392,0.25962556444659757
0.4139408,0.2896116249098233
0.41396160000000004,0.2852206046194892
0.41398240000000003,0.2960901479255435
0.4140032,0.2956141961095986
0.414024,0.28669265851416853
0.4140448,0.2753379495449989
0.41406560000000003,0.26293536515184796
0.4140864,0.23934799293603878
0.4141072,0.22538350951685834
0.414128,0.24246341528840712
0.41414880000000004,0.27044342425546647
0.4141696,0.2460700809233381
0.4141904,0.2397574959104471
0.4142112,0.23799686902909262
0.414232,0.279272814376826
0.41425280000000003,0.22210370739333224
0.4142736,0.21403827792421495
0.4142944,0.209622765655779
0.4143152,0.24250899387708913
0.41433600000000004,0.21003731688116475
0.4143568,0.18651538219567224
0.4143776,0.21589733875963305
0.4143984,0.20515459864652086
0.4144192,0.1979297223013593
0.41444000000000003,0.18591813905310967
0.4144608,0.16684201850929992
0.4144816,0.17121158871397282
0.4145024,0.1759061771990143
0.41452320000000004,0.1526558610553843
0.414544,0.1699548086522204
0.4145648,0.16697139346246814
0.4145856,0.1932331300900206
0.41460640000000004,0.17039826589404636
0.41462720000000003,0.1240105545316159
0.414648,0.12954270288020747
0.4146688,0.1355026650677175
0.4146896,0.10324337058754249
0.41471040000000003,0.098898513558574
0.4147312,0.12115951883016421
0.414752,0.1213119852229996
0.4147728,0.11235649590402749
0.41479360000000004,0.10314185611113422
0.4148144,0.10843908822700064
0.4148352,0.07029478860527674
0.414856,0.08058107057459726
0.4148768,0.061890207546292764
0.41489760000000003,0.11022468211933398
0.4149184,0.03866902014718047
0.4149392,0.09078516178667866
0.41496,0.02219269901730098
0.41498080000000004,0.04035230477475953
0.4150016,-0.0164888251838613
0.4150224,0.03239748935996283
0.4150432,-0.029302384698507045
0.415064,0.031170761836456604
0.41508480000000003,0.021397414459909447
0.4151056,-0.016694550998105462
0.4151264,-0.010517292221257498
0.4151472,-0.04134193080486918
0.41516800000000004,-0.040958571998527954
0.4151888,-0.023787326403473447
0.4152096,-0.01689976106690377
0.4152304,-0.036335528323675384
0.41525120000000004,-0.058046356210444766
0.41527200000000003,-0.05377508058542184
0.4152928,-0.08337652205370452
0.4153136,-0.060529535156998826
0.4153344,-0.02887203536375573
0.41535520000000004,-0.07497243803767255
0.415376,-0.08715879974035275
0.4153968,-0.07664048806705778
0.4154176,-0.05159312521183005
0.41543840000000004,-0.0675069520044837
0.41545920000000003,-0.0842250591655436
0.41548,-0.1025467614617472
0.4155008,-0.11264727195392743
0.4155216,-0.12112655714968608
0.41554240000000003,-0.1600288424398598
0.4155632,-0.10066684639973057
0.415584,-0.11108454281442379
0.4156048,-0.1446106203363642
0.41562560000000004,-0.1648082129587138
0.4156464,-0.16672362869944973
0.4156672,-0.16480343691305224
0.415688,-0.12372936473019203
0.4157088,-0.14680786103958066
0.41572960000000003,-0.165004639128723
0.4157504,-0.19327939163202
0.4157712,-0.19683201042803156
0.415792,-0.16772963044976935
0.41581280000000004,-0.18538527917257783
0.4158336,-0.1984291796958125
0.4158544,-0.2069695646936477
0.4158752,-0.1867263300090442
0.415896,-0.1947285625240754
0.41591680000000003,-0.18744571499566945
0.4159376,-0.2133488618722772
0.4159584,-0.25496251510699924
0.4159792,-0.22759347162252988
0.41600000000000004,-0.18205642541010097
0.4160208,-0.213707951026441
0.4160416,-0.23744448723727504
0.4160624,-0.2316673358119256
0.41608320000000004,-0.2960957221694492
0.41610400000000003,-0.20775830984935614
0.4161248,-0.2652272255742488
0.4161456,-0.2278004101763388
0.4161664,-0.20563674938830115
0.41618720000000003,-0.26362126969960425
0.416208,-0.2430931024438152
0.4162288,-0.25386696826215177
0.4162496,-0.2712576072838135
0.41627040000000004,-0.2880643460311434
0.41629120000000003,-0.26782450666034935
0.416312,-0.22989257191336365
0.4163328,-0.2902719629067809
0.4163536,-0.24318774616790767
0.41637440000000003,-0.2695233825581215
0.4163952,-0.2605056166996708
0.416416,-0.2612131435270018
0.4164368,-0.2780522800714653
0.41645760000000004,-0.2677726195145107
0.4164784,-0.3077720466845931
0.4164992,-0.275316491317386
0.41652,-0.28086541280653776
0.4165408,-0.2532164585786074
0.41656160000000003,-0.28176556557629395
0.4165824,-0.3031634285351655
0.4166032,-0.28066409938611386
0.416624,-0.2668491335425196
0.41664480000000004,-0.31308295930831026
0.4166656,-0.29405527648360635
0.4166864,-0.2795632288692261
0.4167072,-0.3199608269083839
0.41672800000000004,-0.28603276241340087
0.41674880000000003,-0.30940391154636393
0.4167696,-0.31339484196321105
0.4167904,-0.24447970547447673
0.4168112,-0.3128657695448129
0.41683200000000004,-0.27347205620122533
0.4168528,-0.27810278729673127
0.4168736,-0.28346086103914436
0.4168944,-0.266503586594685
0.41691520000000004,-0.29521265222191034
0.41693600000000003,-0.25006717716000126
0.4169568,-0.30402584712536834
0.4169776,-0.26122086415346124
0.4169984,-0.28039952311156163
0.41701920000000003,-0.2717932687470489
0.41704,-0.274178131915649
0.4170608,-0.2635453074155315
0.4170816,-0.24781521767065506
0.41710240000000004,-0.24440204667138757
0.4171232,-0.22425168015184677
0.417144,-0.2566913390092552
0.4171648,-0.2666562014154748
0.4171856,-0.2704049608168888
0.41720640000000003,-0.253575144710987
0.4172272,-0.24075740524806735
0.417248,-0.24349040964954505
0.4172688,-0.26087931056946123
0.41728960000000004,-0.2687094441585663
0.4173104,-0.23513184008729157
0.4173312,-0.25471341156455085
0.417352,-0.19182583767954423
0.4173728,-0.246414919263104
0.41739360000000003,-0.24341976874134186
0.4174144,-0.27310013811715
0.4174352,-0.22891452669747658
0.417456,-0.2248870952124555
0.41747680000000004,-0.2058416683810123
0.4174976,-0.17869219928596838
0.4175184,-0.19012920507935463
0.4175392,-0.2061046961393283
0.41756000000000004,-0.19696470397438684
0.41758080000000003,-0.22283359501142522
0.4176016,-0.20517013277180246
0.4176224,-0.18255396046197506
0.4176432,-0.20301248909505915
0.41766400000000004,-0.16760974020735517
0.4176848,-0.16530598183562428
0.4177056,-0.17423432187680038
0.4177264,-0.16540232367469648
0.41774720000000004,-0.15082379665176027
0.41776800000000003,-0.14925295315309722
0.4177888,-0.15737778240166891
0.4178096,-0.14442792508100172
0.4178304,-0.16484365080047605
0.41785120000000003,-0.19395104869863783
0.417872,-0.1269298702155335
0.4178928,-0.14263075979120618
0.4179136,-0.13644634414033455
0.41793440000000004,-0.09235306259028128
0.4179552,-0.09792746003863956
0.417976,-0.11458321986324896
0.4179968,-0.09500296283097555
0.4180176,-0.09061121097770007
0.41803840000000003,-0.08027026150806647
0.4180592,-0.09241904696772928
0.41808,-0.07298054510695
0.4181008,-0.08517223851510888
0.41812160000000004,-0.08316605048824816
0.4181424,-0.09713169936274829
0.4181632,-0.06274801052939183
0.418184,-0.043360983641118976
0.4182048,-0.08331450435102492
0.41822560000000003,-0.06531241063269083
0.4182464,-0.04914531341976628
0.4182672,-0.049166335876499434
0.418288,-0.014900710116193875
0.41830880000000004,-0.018305440082714695
0.4183296,-0.01791482252125721
0.4183504,-0.03470911581932537
0.4183712,-0.002574860793370772
0.41839200000000004,0.0045899362758358535
0.41841280000000003,0.0026039729563105897
0.4184336,-0.008358672955741778
0.4184544,0.0018640583025413852
0.4184752,0.017840060239304772
0.41849600000000003,0.016199915434958925
0.4185168,0.015931842327245215
0.4185376,-0.013249340669195066
0.4185584,0.025757340208765717
0.41857920000000004,0.07361624810930843
0.4186,0.0296640634265534
0.4186208,0.03756776949190253
0.4186416,0.06371233861118528
0.4186624,0.0685692040276567
0.41868320000000003,0.08340844933947861
0.418704,0.08775455542384761
0.4187248,0.09171020855160314
0.4187456,0.10106780262319412
0.41876640000000004,0.06239682862327538
0.4187872,0.09920663764676946
0.418808,0.06236412638596624
0.4188288,0.11614049810047194
0.4188496,0.13687704536223952
0.41887040000000003,0.1300562464527101
0.4188912,0.11031638608760884
0.418912,0.13562218266874917
0.4189328,0.10310135147120887
0.41895360000000004,0.10410566050383191
0.4189744,0.09728199751249944
0.4189952,0.14967436006704588
0.419016,0.11986131335354122
0.41903680000000004,0.11073993042771153
0.41905760000000003,0.14883295926502768
0.4190784,0.20514760522793965
0.4190992,0.14019332843467483
0.41912,0.1399905593701029
0.41914080000000004,0.16156239044814866
0.4191616,0.16811104684597722
0.4191824,0.16239650009371367
0.4192032,0.17186702027255396
0.41922400000000004,0.18255111203401755
0.41924480000000003,0.2053931164579116
0.4192656,0.17243301667583352
0.4192864,0.17108555587267668
0.4193072,0.2086489096834373
0.41932800000000003,0.22185064830411388
0.4193488,0.19972381032435743
0.4193696,0.1870940990978181
0.4193904,0.19455061597837697
0.41941120000000004,0.20619365688903948
0.419432,0.17002451059047194
0.4194528,0.22529511059354995
0.4194736,0.1753630138649575
0.4194944,0.2331536868896562
0.41951520000000003,0.20866032790286798
0.419536,0.19803178515815625
0.4195568,0.2726325370859745
0.4195776,0.2105291100404189
0.41959840000000004,0.23420806794964072
0.4196192,0.27361647375602555
0.41964,0.20063924398666863
0.4196608,0.1871016634048037
0.4196816,0.2569104341236632
0.41970240000000003,0.1854697036529227
0.4197232,0.24561168228227748
0.419744,0.22986396181485008
0.4197648,0.2191855136110923
0.41978560000000004,0.25936103314527653
0.4198064,0.2646955227134922
0.4198272,0.1956558788427727
0.419848,0.22880017290559573
0.41986880000000004,0.24083603338593382
0.41988960000000003,0.22932020523823812
0.4199104,0.2619008647940836
0.4199312,0.23588708747161705
0.419952,0.23886294037261743
0.41997280000000003,0.24040487795994667
0.4199936,0.22425503227136237
0.4200144,0.22682852578861612
0.4200352,0.23539785351456172
0.42005600000000004,0.2712761758628822
0.42007680000000003,0.25261889746800176
0.4200976,0.281128122552633
0.4201184,0.2529228987053366
0.4201392,0.2607345883385505
0.42016000000000003,0.2983459534766793
0.4201808,0.23503123945967402
0.4202016,0.23815935787060788
0.4202224,0.2784916891851829
0.42024320000000004,0.24304710265955914
0.420264,0.2321364382481941
0.4202848,0.2571854075382039
0.4203056,0.24185416718391764
0.4203264,0.24113786869124637
0.42034720000000003,0.23916298881560574
0.420368,0.22299662594535996
0.4203888,0.2311299106458828
0.4204096,0.20355590636157148
0.42043040000000004,0.20685507692271904
0.4204512,0.21703628514734455
0.420472,0.2321331917903643
0.4204928,0.22026553361554624
0.42051360000000004,0.21493128679874926
0.42053440000000003,0.2048692540307044
0.4205552,0.2395379098879835
0.420576,0.18965680203600424
0.4205968,0.20370741546626722
0.42061760000000004,0.19817314497973187
0.4206384,0.210218008197407
0.4206592,0.2136187790462079
0.42068,0.16693118472195395
0.42070080000000004,0.20534757425265823
0.42072160000000003,0.18147613549003838
0.4207424,0.1558133912221603
0.4207632,0.21694197484364686
0.420784,0.19055789631564954
0.42080480000000003,0.17951923658845684
0.4208256,0.1904854935489868
0.4208464,0.1812160674858254
0.4208672,0.17890214377532745
0.42088800000000004,0.1952194759321509
0.4209088,0.20318999485789102
0.4209296,0.15511360795635343
0.4209504,0.172602070445125
0.4209712,0.1618355252571324
0.42099200000000003,0.14424478695585155
0.4210128,0.15063700849869957
0.4210336,0.15050517915957987
0.4210544,0.14175905487759852
0.42107520000000004,0.1502100201858454
0.421096,0.1449048034301943
0.4211168,0.11974927838259834
0.4211376,0.13171658114277435
0.4211584,0.14314534384748254
0.42117920000000003,0.10936205533645511
0.4212,0.10735855262907114
0.4212208,0.10205353912101557
0.4212416,0.06571466641387758
0.42126240000000004,0.11084479810002915
0.4212832,0.11501428118491397
0.421304,0.08278777091186405
0.4213248,0.0905013232428037
0.42134560000000004,0.067968315562544
0.42136640000000003,0.10310267113886099
0.4213872,0.10420632033423785
0.421408,0.10138926722017086
0.4214288,0.07969611641955528
0.42144960000000004,0.05787777792699726
0.4214704,0.04688189511781754
0.4214912,0.02899320897820284
0.421512,0.05131430080731102
0.42153280000000004,0.05673269266449457
0.42155360000000003,0.04601356686799018
0.4215744,0.05696401782030724
0.4215952,0.03564058861105717
0.421616,0.04972881040855029
0.42163680000000003,0.008491846009722415
0.4216576,0.04308061083433647
0.4216784,0.039300315311373846
0.4216992,0.003955849649397392
0.42172000000000004,0.00860766901026265
0.4217408,-0.019130208844454263
0.4217616,0.031724745728564506
0.4217824,0.02314758334841284
0.4218032,0.008655523124131244
0.42182400000000003,-0.023451715406005713
0.4218448,-0.012373159872862088
0.4218656,-0.03178887614820058
0.4218864,-0.04979362534776749
0.42190720000000004,-0.032625286027062224
0.421928,-0.0405802945824984
0.4219488,-0.05069348628627304
0.4219696,-0.06150354020202546
0.4219904,-0.05010786575794144
0.42201120000000003,-0.05248452839927356
0.422032,-0.07026138995999369
0.4220528,-0.05611019658860236
0.4220736,-0.051278777037907675
0.42209440000000004,-0.07495991410695464
0.4221152,-0.06901823788275216
0.422136,-0.0795581228116452
0.4221568,-0.06829454654984801
0.42217760000000004,-0.06708545953066877
0.42219840000000003,-0.08622942036996384
0.4222192,-0.1403961255423579
0.42224,-0.08131451523376552
0.4222608,-0.1262155846697838
0.42228160000000003,-0.06231587216597129
0.4223024,-0.10608599325651331
0.4223232,-0.08916588939112191
0.422344,-0.07538091766929218
0.42236480000000004,-0.14757670921912086
0.4223856,-0.11103996700238797
0.4224064,-0.11661808281132076
0.4224272,-0.13113358543731812
0.422448,-0.17811080737688212
0.42246880000000003,-0.1388774232364848
0.4224896,-0.1164555685096284
0.4225104,-0.1510441950939934
0.4225312,-0.13515110417144122
0.42255200000000004,-0.1423635915918508
0.4225728,-0.13253486904094886
0.4225936,-0.15771748605035185
0.4226144,-0.18184094273449708
0.4226352,-0.12634820429657176
0.42265600000000003,-0.1727108274256819
0.4226768,-0.16928347517915987
0.4226976,-0.18167310510798684
0.4227184,-0.14724272229839996
0.42273920000000004,-0.13688107911159375
0.42276,-0.1581631877650874
0.4227808,-0.18849013642544687
0.4228016,-0.17759514325160974
0.42282240000000004,-0.20888623258914685
0.42284320000000003,-0.17462119253933617
0.422864,-0.2217711566438197
0.4228848,-0.12974368955161314
0.4229056,-0.1895517364595278
0.42292640000000004,-0.16925794288274035
0.4229472,-0.20353326293478552
0.422968,-0.2072789798379042
0.4229888,-0.1929656057842581
0.42300960000000004,-0.1818823740358298
0.42303040000000003,-0.19963518100556923
0.4230512,-0.1807247801723309
0.423072,-0.18160958892962856
0.4230928,-0.18583272260050773
0.42311360000000003,-0.19440182255814445
0.4231344,-0.2165002973941957
0.4231552,-0.2015347337419149
0.423176,-0.18050459139229444
0.42319680000000004,-0.21929927206086464
0.4232176,-0.20977774004776295
0.4232384,-0.1806876420034373
0.4232592,-0.21319621719925635
0.42328,-0.18596893784327442
0.42330080000000003,-0.20649237103851562
0.4233216,-0.21953670001244602
0.4233424,-0.1965625307374256
0.4233632,-0.18120200375724926
0.42338400000000004,-0.22169764202733702
0.4234048,-0.21291270467585058
0.4234256,-0.21506918564698918
0.4234464,-0.22063173850293544
0.4234672,-0.20725521398440905
0.42348800000000003,-0.1650168894653413
0.4235088,-0.20814935520404318
0.4235296,-0.17823518941881314
0.4235504,-0.18880070619574163
0.42357120000000004,-0.20456330290852123
0.423592,-0.21015161952530648
0.4236128,-0.19318335993878774
0.4236336,-0.196718942032288
0.42365440000000004,-0.16789438454058275
0.42367520000000003,-0.2014123191486091
0.423696,-0.17994803577037044
0.4237168,-0.20949348084826
0.4237376,-0.19234507619213254
0.42375840000000004,-0.18771730435957334
0.4237792,-0.16790765788392029
0.4238,-0.1478705011972632
0.4238208,-0.15328206805701589
0.42384160000000004,-0.17918895666871906
0.42386240000000003,-0.15629735169456677
0.4238832,-0.16217218387928037
0.423904,-0.17693294075219726
0.4239248,-0.15129453772814383
0.42394560000000003,-0.1911640707612033
0.4239664,-0.17823992904267474
0.4239872,-0.1849030803990042
0.424008,-0.14276357301200238
0.42402880000000004,-0.16623415090091684
0.4240496,-0.17853164408959973
0.4240704,-0.1613295858873908
0.4240912,-0.1858635817232287
0.424112,-0.17641652520548434
0.42413280000000003,-0.1603341654711077
0.4241536,-0.14586654019533932
0.4241744,-0.14341519188285295
0.4241952,-0.12492051595949114
0.42421600000000004,-0.1332591378230489
0.4242368,-0.12766545631755863
0.4242576,-0.16252341129202807
0.4242784,-0.13516746589410608
0.42429920000000004,-0.16743973128938924
0.42432000000000003,-0.11205244434065645
0.4243408,-0.12301930107105806
0.4243616,-0.1219433418983266
0.4243824,-0.12141318226293837
0.42440320000000004,-0.1393481920680717
0.424424,-0.10238916633450638
0.4244448,-0.14659661445158806
0.4244656,-0.15154632166223655
0.42448640000000004,-0.12272040671347612
0.42450720000000003,-0.10079831198327718
0.424528,-0.08684796577181327
0.4245488,-0.10197212348647376
0.4245696,-0.056369673532224884
0.42459040000000003,-0.08035134703262344
0.4246112,-0.10393091766912516
0.424632,-0.06878385659545566
0.4246528,-0.10763289194481887
0.42467360000000004,-0.05311072390420009
0.4246944,-0.06734311572395536
0.4247152,-0.051986309006641
0.424736,-0.08812532985166933
0.4247568,-0.02194014949242399
0.42477760000000003,-0.024958348826567073
0.4247984,-0.028673538940716167
0.4248192,-0.05838127886865149
0.42484,-0.059442938789825865
0.42486080000000004,-0.03147700897880773
0.4248816,-0.037114602228669184
0.4249024,-0.017935101040204415
0.4249232,-0.04948528666437146
0.424944,-0.017703940751567927
0.42496480000000003,-0.025373853432234646
0.4249856,0.02152306927128343
0.4250064,-0.006307233023724041
0.4250272,-0.031406711779834354
0.42504800000000004,0.02322241686216607
0.4250688,-0.03243802216836725
0.4250896,0.007190834692384376
0.4251104,0.02096259519531715
0.42513120000000004,-6.725149050337137e-06
0.42515200000000003,0.01814686070878912
0.4251728,0.016441813586708817
0.4251936,0.020439924565930457
0.4252144,-0.01338430838272156
0.42523520000000004,0.02088044491907315
0.425256,0.03668001015547284
0.4252768,0.015971925082981096
0.4252976,0.03466899523407059
0.42531840000000004,0.03810784734635061
0.42533920000000003,0.05314531916222237
0.42536,0.012642610441814167
0.4253808,0.05654427850833367
0.4254016,0.041003761862607555
0.42542240000000003,0.06112250254528248
0.4254432,0.04052038157795584
0.425464,0.09198117439429813
0.4254848,0.060938122306036346
0.42550560000000004,0.0626933791044547
0.4255264,0.09653555400138765
0.4255472,0.06240454509435149
0.425568,0.10016376828793012
0.4255888,0.10457119755876737
0.42560960000000003,0.10555049511291796
0.4256304,0.10748691333776657
0.4256512,0.11443746823429157
0.425672,0.0750924246093947
0.42569280000000004,0.0930221804073261
0.4257136,0.10185580361411382
0.4257344,0.09747020070889978
0.4257552,0.10159253550974334
0.425776,0.09698030531659624
0.42579680000000003,0.10401691471493137
0.4258176,0.1274503718714306
0.4258384,0.10078505293056579
0.4258592,0.12708166567300105
0.42588000000000004,0.09464565039316852
0.4259008,0.12522700418647054
0.4259216,0.13988417620498403
0.4259424,0.16641833565082653
0.42596320000000004,0.14451190442788628
0.42598400000000003,0.12290502496284492
0.4260048,0.11763977035573367
0.4260256,0.13484187766605293
0.4260464,0.16027262150077498
0.42606720000000003,0.11451549324625615
0.426088,0.1602463235005737
0.4261088,0.142809712492619
0.4261296,0.17215862701690146
0.42615040000000004,0.1509287539392035
0.42617120000000003,0.1573820372108272
0.426192,0.16037416884745598
0.4262128,0.15679068399583015
0.4262336,0.150653621041717
0.42625440000000003,0.15723177879539252
0.4262752,0.1520604385875277
0.426296,0.17177394019417874
0.4263168,0.1672308798040297
0.42633760000000004,0.13994418516867824
0.4263584,0.1759970922999972
0.4263792,0.19565978999637043
0.4264,0.15682470009928995
0.4264208,0.15482711310577518
0.42644160000000003,0.17683739435276233
0.4264624,0.19574514300451962
0.4264832,0.18251415604626772
0.426504,0.18853435518474587
0.42652480000000004,0.20586366605020803
0.4265456,0.14375656674494852
0.4265664,0.19442972927919447
0.4265872,0.18306514878196378
0.42660800000000004,0.2173538646976699
0.42662880000000003,0.1650346018323534
0.4266496,0.13356129738353667
0.4266704,0.19129486249504657
0.4266912,0.1637606347562809
0.42671200000000004,0.15469730187020125
0.4267328,0.17794264827633485
0.4267536,0.16497114524326445
0.4267744,0.13166281952173495
0.42679520000000004,0.2081689607730391
0.42681600000000003,0.17693450882571957
0.4268368,0.14046488544130192
0.4268576,0.17705500322261428
0.4268784,0.16709488494064323
0.42689920000000003,0.1751101782341332
0.42692,0.16608853266126983
0.4269408,0.169013643214448
0.4269616,0.18371345486215335
0.42698240000000004,0.1389812011687461
0.4270032,0.18550503835384236
0.427024,0.1394701266431576
0.4270448,0.17605861882190257
0.4270656,0.16669280111923318
0.42708640000000003,0.15169564061300198
0.4271072,0.14836142630347815
0.427128,0.15522502059445534
0.4271488,0.17871250107337283
0.42716960000000004,0.1829523781720635
0.4271904,0.14541227706929832
0.4272112,0.17960202806235295
0.427232,0.14203365579981825
0.4272528,0.15832919857831002
0.42727360000000003,0.12262038341734888
0.4272944,0.15375213817800726
0.4273152,0.14458487567593445
0.427336,0.15437558195996173
0.42735680000000004,0.13627905723011782
0.4273776,0.16305796108570234
0.4273984,0.12854163262323692
0.4274192,0.11110211891008186
0.42744000000000004,0.1579703793866059
0.42746080000000003,0.1276316758325829
0.4274816,0.1429673919091719
0.4275024,0.13629670688053272
0.4275232,0.13762108176075205
0.42754400000000004,0.11960727453587301
0.4275648,0.14230447853948774
0.4275856,0.09555609746669763
0.4276064,0.13971617917818474
0.42762720000000004,0.13147987978921388
0.42764800000000003,0.10395867629510896
0.4276688,0.1001679429323437
0.4276896,0.12272339109526442
0.4277104,0.12545933531405215
0.42773120000000003,0.11538173260654716
0.427752,0.09603283533245162
0.4277728,0.10833561466130896
0.4277936,0.12141232835878792
0.42781440000000004,0.06274201557362882
0.4278352,0.07921293050914031
0.427856,0.09568563188753523
0.4278768,0.06414640333525888
0.4278976,0.07925566243061095
0.42791840000000003,0.059004775172416125
0.4279392,0.04887520106134619
0.42796,0.03173734793704117
0.4279808,0.05164419559510898
0.42800160000000004,0.049580546569109
0.4280224,0.05681216359885965
0.4280432,0.033852938781323075
0.428064,0.08764344347754548
0.42808480000000004,0.010156572575893655
0.42810560000000003,0.058208439300446925
0.4281264,0.010756913226603597
0.4281472,0.0681738487795358
0.428168,0.03121941716007142
0.42818880000000004,0.04618035703340459
0.4282096,0.024444898071752062
0.4282304,0.035404277593159984
0.4282512,-0.007572247232391846
0.42827200000000004,-0.004494122878644643
0.42829280000000003,-0.006230583606611006
0.4283136,0.0498006966275484
0.4283344,0.008901073268364925
0.4283552,0.02357862509246721
0.42837600000000003,0.022314595054310573
0.4283968,0.004866181974175966
0.4284176,-0.01689831481904656
0.4284384,-0.02217084519840508
0.42845920000000004,0.015451075631592627
0.42848,0.028811280717276337
0.4285008,-0.014270916536178258
0.4285216,0.014259191329024909
0.4285424,0.0004045325949023522
0.42856320000000003,0.011771025058074262
0.428584,-0.047129975728403745
0.4286048,-0.03354991425876784
0.4286256,-0.03250560484015308
0.42864640000000004,-0.037272281405936525
0.4286672,-0.035816569357642665
0.428688,-0.03194679292363432
0.4287088,-0.057825067258841414
0.4287296,-0.04836949184218055
0.42875040000000003,-0.07691148124409324
0.4287712,-0.052479654690233274
0.428792,-0.06027353057792965
0.4288128,-0.06734371310925322
0.42883360000000004,-0.04349216480420848
0.4288544,-0.05238440564125888
0.4288752,-0.06242555641832114
0.428896,-0.03961136178577038
0.42891680000000004,-0.06556469844778151
0.42893760000000003,-0.0718555402289105
0.4289584,-0.06794153850291262
0.4289792,-0.09440330903672393
0.429,-0.09312292533657221
0.42902080000000004,-0.09865573380891297
0.4290416,-0.08255183934614539
0.4290624,-0.07311592784731553
0.4290832,-0.10316008789415516
0.42910400000000004,-0.10365126132384068
0.42912480000000003,-0.10192553555731662
0.4291456,-0.09904237010954962
0.4291664,-0.08098832667436008
0.4291872,-0.11297782141940933
0.42920800000000003,-0.1368638109668341
0.4292288,-0.11537341540659916
0.4292496,-0.11502783263610694
0.4292704,-0.11731745254865683
0.42929120000000004,-0.10704915692232944
0.429312,-0.13993501490027507
0.4293328,-0.08482600694954423
0.4293536,-0.11350836435238729
0.4293744,-0.0789159899374918
0.42939520000000003,-0.12992898766823902
0.429416,-0.11357288360476156
0.4294368,-0.13417884097929925
0.4294576,-0.11970498190841893
0.42947840000000004,-0.08396517124474182
0.4294992,-0.1039622186476809
0.42952,-0.11504860452295933
0.4295408,-0.12875271897769025
0.4295616,-0.14226423594076712
0.42958240000000003,-0.12833570564813104
0.4296032,-0.15657564315241437
0.429624,-0.14320369597975596
0.4296448,-0.15076569438571782
0.42966560000000004,-0.13800693251997484
0.4296864,-0.1361095929559692
0.4297072,-0.18171374454835193
0.429728,-0.12067573069274244
0.42974880000000004,-0.1846812336822968
0.42976960000000003,-0.1369589303276374
0.4297904,-0.1607386722054273
0.4298112,-0.16219466264129864
0.429832,-0.1645212824778136
0.42985280000000003,-0.17200538061934956
0.4298736,-0.16934651487653385
0.4298944,-0.16119825675025656
0.4299152,-0.14721378481589792
0.42993600000000004,-0.15678536423820022
0.42995680000000003,-0.12838419655077263
0.4299776,-0.12115289033081987
0.4299984,-0.15006230963203807
0.4300192,-0.17935755757131902
0.43004000000000003,-0.13449584137396964
0.4300608,-0.17138398367218133
0.4300816,-0.13547977344076015
0.4301024,-0.11469753790340885
0.43012320000000004,-0.1675955912873282
0.430144,-0.14154458392337407
0.4301648,-0.13595174676800348
0.4301856,-0.1570593864687484
0.4302064,-0.13992624268090492
0.43022720000000003,-0.15285115393948004
0.430248,-0.1363354999522304
0.4302688,-0.12751720245491116
0.4302896,-0.16516816837792891
0.43031040000000004,-0.14493779021988865
0.4303312,-0.13111343958489485
0.430352,-0.125194405606839
0.4303728,-0.11783516897836004
0.43039360000000004,-0.12189228562740057
0.43041440000000003,-0.1542327856383283
0.4304352,-0.14733075641858534
0.430456,-0.12158738292569331
0.4304768,-0.14184945888049824
0.43049760000000004,-0.13920101218184444
0.4305184,-0.1237668520494667
0.4305392,-0.14282637258799408
0.43056,-0.13802274856791324
0.43058080000000004,-0.14153038310253238
0.43060160000000003,-0.1366081219828998
0.4306224,-0.13289835703235825
0.4306432,-0.132337134956511
0.430664,-0.11043796454930437
0.43068480000000003,-0.12931379346338243
0.4307056,-0.108787006760187
0.4307264,-0.12088028845847693
0.4307472,-0.12736490411459106
0.43076800000000004,-0.11188488666557593
0.4307888,-0.11501088463820847
0.4308096,-0.12455041612923282
0.4308304,-0.10696649762802406
0.4308512,-0.07552192956171933
0.43087200000000003,-0.14549480158827188
0.4308928,-0.06829257303837213
0.4309136,-0.0888732162388925
0.4309344,-0.07064467298751423
0.43095520000000004,-0.12199694273007872
0.430976,-0.12253391701882424
0.4309968,-0.11363064845818081
0.4310176,-0.07029554260934726
0.4310384,-0.10771651492324402
0.43105920000000003,-0.05901029945331303
0.43108,-0.09308658841847123
0.4311008,-0.10770279020670391
0.4311216,-0.052898502316612084
0.43114240000000004,-0.08359480326293374
0.4311632,-0.0621605600413541
0.431184,-0.0612642996591604
0.4312048,-0.05341808593125407
0.43122560000000004,-0.05335302946065002
0.43124640000000003,-0.04667623114302079
0.4312672,-0.08740898843604955
0.431288,-0.06000984277635749
0.4313088,-0.06747640296918872
0.43132960000000004,-0.05345515053688593
0.4313504,-0.060235865419054055
0.4313712,-0.06674354047112795
0.431392,-0.06584664088150122
0.43141280000000004,-0.06426064164395898
0.43143360000000003,-0.0163739466251385
0.4314544,-0.049466814345935924
0.4314752,0.012768751614225457
0.431496,-0.0147469029350174
0.43151680000000003,-0.04937036164812583
0.4315376,-0.012701247493035946
0.4315584,-0.021236887711213806
0.4315792,-0.03513032962113115
0.43160000000000004,-0.05751303297046531
0.4316208,-0.05349958458177623
0.4316416,0.013659006027442865
0.4316624,-0.004470529085693386
0.4316832,0.0025576158741682804
0.43170400000000003,0.007359757787230716
0.4317248,0.007352978218753739
0.4317456,-0.02529983335529313
0.4317664,0.007465407952593292
0.43178720000000004,-0.004584084223624865
0.431808,-0.014685846836750425
0.4318288,0.03975114897444525
0.4318496,0.020897487763137337
0.43187040000000004,-0.006777523292072894
0.43189120000000003,0.008571021437823265
0.431912,0.03719209228743183
0.4319328,0.016389631597305936
0.4319536,0.04327445199071305
0.43197440000000004,0.026299713029458775
0.4319952,0.06126592471768859
0.432016,0.05661374205416133
0.4320368,0.03786292593920355
0.43205760000000004,0.013670122015646154
0.43207840000000003,0.08761641317100685
0.4320992,0.025430269429732387
0.43212,0.043262119579158494
0.4321408,0.04408129617008224
0.43216160000000003,0.07257604063172277
0.4321824,0.06905288087208322
0.4322032,0.06826064915445748
0.432224,0.03973455233285722
0.43224480000000004,0.0176950821275354
0.4322656,0.05531482072425054
0.4322864,0.05161627804171226
0.4323072,0.05500935174876927
0.432328,0.09198889884955666
0.43234880000000003,0.0831305505589182
0.4323696,0.08913615153959141
0.4323904,0.07916316144394561
0.4324112,0.08971079602634542
0.43243200000000004,0.044525372291293365
0.4324528,0.0780424505060934
0.4324736,0.09091969165442354
0.4324944,0.07335703856082859
0.4325152,0.11181224065515473
0.43253600000000003,0.05649102568130745
0.4325568,0.10104812395612996
0.4325776,0.07429391526156486
0.4325984,0.11953307853727893
0.43261920000000004,0.10024776209152556
0.43264,0.10971503985269236
0.4326608,0.0629010925654717
0.4326816,0.11750317362922562
0.43270240000000004,0.08461788908343063
0.43272320000000003,0.07812672150270161
0.432744,0.055695043532745056
0.4327648,0.06485948802173525
0.4327856,0.11584078847684987
0.43280640000000004,0.13463262952209157
0.4328272,0.10110904034984596
0.432848,0.06968605736904937
0.4328688,0.11779173858026422
0.43288960000000004,0.10648639565424696
0.43291040000000003,0.14771184983421295
0.4329312,0.09978150931951012
0.432952,0.10857548987962792
0.4329728,0.12856551257729537
0.43299360000000003,0.13689770671474769
0.4330144,0.1575325982539815
0.4330352,0.1373097741197124
0.433056,0.13233352937275925
0.43307680000000004,0.118641539579121
0.4330976,0.15372511394121857
0.4331184,0.13317839830255662
0.4331392,0.11394756736612399
0.43316,0.12037546092959296
0.43318080000000003,0.1198343817179377
0.4332016,0.11178241143061117
0.4332224,0.10208734908963021
0.4332432,0.09329193874455935
0.43326400000000004,0.1192951245184787
0.4332848,0.10699581685634771
0.4333056,0.11167064893827436
0.4333264,0.09881801335511152
0.4333472,0.13438254793743237
0.43336800000000003,0.11881535518311467
0.4333888,0.11026974300519095
0.4334096,0.13794455103858871
0.4334304,0.14704440659089227
0.43345120000000004,0.10524614027190607
0.433472,0.09213808074385554
0.4334928,0.13267074361114214
0.4335136,0.11543162009989248
0.43353440000000004,0.1280494113625301
0.43355520000000003,0.12478327452274923
0.433576,0.13875721720858694
0.4335968,0.11778997133705725
0.4336176,0.11767700975801869
0.43363840000000003,0.11487118871821272
0.4336592,0.08148754338795061
0.43368,0.12311165043043949
0.4337008,0.11760203817820258
0.43372160000000004,0.10818072526935352
0.43374240000000003,0.10651493567379906
0.4337632,0.08865147747776769
0.433784,0.10419014822619982
0.4338048,0.08784514498730092
0.43382560000000003,0.13199375402098204
0.4338464,0.12391295563162653
0.4338672,0.13409733995449374
0.433888,0.0933159449242448
0.43390880000000004,0.11373800380281948
0.4339296,0.1015048130198184
0.4339504,0.13783330365439006
0.4339712,0.1215398418416532
0.433992,0.142817442257421
0.43401280000000003,0.10952285002148768
0.4340336,0.10540471718820131
0.4340544,0.1159387676102326
0.4340752,0.10484444239854379
0.43409600000000004,0.12401399137875078
0.4341168,0.09038081177445192
0.4341376,0.09789242975053815
0.4341584,0.1248374240673782
0.43417920000000004,0.11538504848982661
0.43420000000000003,0.09106096932817064
0.4342208,0.07177229213498554
0.4342416,0.09306584691873497
0.4342624,0.09676145645193368
0.43428320000000004,0.08493174989378836
0.434304,0.0656847412134742
0.4343248,0.07916342898266486
0.4343456,0.059081981940345904
0.43436640000000004,0.10567862944626413
0.43438720000000003,0.07181104441960248
0.434408,0.02841078029221729
0.4344288,0.06835287455514631
0.4344496,0.08521258195347904
0.43447040000000003,0.07025455963924047
0.4344912,0.07553971076695291
0.434512,0.07987395179294028
0.4345328,0.02726935415069252
0.43455360000000004,0.045562691167621586
0.4345744,0.07471340822791245
0.4345952,0.011624146443327717
0.434616,0.05602267493629143
0.4346368,0.0371428792257337
0.43465760000000003,0.04566742866958544
0.4346784,0.05509631702078005
0.4346992,0.06285201170261051
0.43472,0.02860293684916012
0.43474080000000004,0.02177567894354987
0.4347616,0.05734304290133013
0.4347824,0.040903641289158216
0.4348032,0.046529811397490246
0.434824,0.0005325290519689642
0.43484480000000003,0.01830289655128839
0.4348656,-0.024133554568216982
0.4348864,-0.009307741555679466
0.4349072,0.04922073528206308
0.43492800000000004,0.015687804317059496
0.4349488,-0.027375996327090764
0.4349696,0.028907633331107383
0.4349904,-0.006980558084065561
0.43501120000000004,0.0397269101508154
0.43503200000000003,-0.005602488720622104
0.4350528,0.03037984062561622
0.4350736,-0.00815685224122814
0.4350944,-0.0032415199977600838
0.43511520000000004,0.021733000935398008
0.435136,-0.030675578894762363
0.4351568,-0.05078736283338256
0.4351776,-0.024029752130540226
0.43519840000000004,-0.007499274311402727
0.43521920000000003,-0.013953241834950713
0.43524,-0.02089320482957811
0.4352608,-0.015724713841247708
0.4352816,-0.019108048518186642
0.43530240000000003,-0.050072950830985126
0.4353232,-0.025134095888503676
0.435344,-0.03175544552142162
0.4353648,-0.02822780725374915
0.43538560000000004,-0.02283766663432939
0.4354064,-0.03306036748730064
0.4354272,-0.03030426697422145
0.435448,-0.025785573456109795
0.4354688,-0.05421129080199828
0.43548960000000003,-0.05930366558415552
0.4355104,-0.02315812171173278
0.4355312,-0.04578925890602097
0.435552,-0.05625955540233994
0.43557280000000004,-0.059285027882805284
0.4355936,-0.037685546889768114
0.4356144,-0.06599942577161873
0.4356352,-0.04538573945228409
0.43565600000000004,-0.06076220304137459
0.43567680000000003,-0.049977743304550536
0.4356976,-0.08076040254900155
0.4357184,-0.07635622191052394
0.4357392,-0.049426114193182887
0.43576000000000004,-0.05524888840204538
0.4357808,-0.10893213968891904
0.4358016,-0.07480230035300436
0.4358224,-0.09339436244556439
0.43584320000000004,-0.06297840601178574
0.43586400000000003,-0.07722961164416939
0.4358848,-0.06676617070225528
0.4359056,-0.04804313103064986
0.4359264,-0.06628725386739222
0.43594720000000003,-0.0810438606420657
0.435968,-0.10559971745197062
0.4359888,-0.08977027353154603
0.4360096,-0.11497007117744776
0.43603040000000004,-0.07966249881136613
0.4360512,-0.0711085392302301
0.436072,-0.10980702758135058
0.4360928,-0.09811989098003025
0.4361136,-0.06730625985099421
0.43613440000000003,-0.08746472321290373
0.4361552,-0.12009342010602972
0.436176,-0.07437985471176128
0.4361968,-0.09980434065217181
0.43621760000000004,-0.07420380962169
0.4362384,-0.10182600508263372
0.4362592,-0.06839016669011136
0.43628,-0.11769064582235525
0.4363008,-0.09194115879342611
0.43632160000000003,-0.09378599840002631
0.4363424,-0.09630648254128638
0.4363632,-0.07249797719138022
0.436384,-0.10131469749225192
0.43640480000000004,-0.09491656168822421
0.4364256,-0.1268335068529652
0.4364464,-0.10098680804380361
0.4364672,-0.08072535305786438
0.43648800000000004,-0.1071137813917955
0.43650880000000003,-0.15641345016176011
0.4365296,-0.10734292941479863
0.4365504,-0.0909487103888538
0.4365712,-0.08939747838585586
0.43659200000000004,-0.09846937421230209
0.4366128,-0.09422638288024719
0.4366336,-0.10494851107995394
0.4366544,-0.0873884053415646
0.43667520000000004,-0.11322072684671897
0.43669600000000003,-0.08678868022114428
0.4367168,-0.13356833755242786
0.4367376,-0.08760173017255136
0.4367584,-0.11800836284556135
0.43677920000000003,-0.10322872372819043
0.4368,-0.08765270756692939
0.4368208,-0.1087644021890816
0.4368416,-0.09624390871802513
0.43686240000000004,-0.1365908561820921
0.4368832,-0.108682786859072
0.436904,-0.10162816431943694
0.4369248,-0.07578170581530877
0.4369456,-0.10539639801017739
0.43696640000000003,-0.11367814161195722
0.4369872,-0.10810457268667736
0.437008,-0.10543128852347702
0.4370288,-0.09086431752739806
0.43704960000000004,-0.10030231456858106
0.4370704,-0.09843596491061343
0.4370912,-0.10152397430253776
0.437112,-0.10265369635379383
0.43713280000000004,-0.09237574342453143
0.43715360000000003,-0.11017774561885833
0.4371744,-0.08286453812422646
0.4371952,-0.10599981124149707
0.437216,-0.0907116923229282
0.43723680000000004,-0.10788989514957402
0.4372576,-0.11251002397079146
0.4372784,-0.11561810810894964
0.4372992,-0.10841025198101474
0.43732000000000004,-0.10195927998166282
0.43734080000000003,-0.06512284224855001
0.4373616,-0.05623996459368108
0.4373824,-0.0875750555663625
0.4374032,-0.11034223190567062
0.43742400000000004,-0.08837888275025993
0.4374448,-0.09159694598990513
0.4374656,-0.08433391088035286
0.4374864,-0.07755113581248169
0.43750720000000004,-0.0600454130065048
0.43752800000000003,-0.038255426216407394
0.4375488,-0.07264729353843641
0.4375696,-0.10324851698118478
0.4375904,-0.08367916367531146
0.43761120000000003,-0.0693750455424696
0.437632,-0.05237189714613126
0.4376528,-0.0935347022645329
0.4376736,-0.07730532120236998
0.43769440000000004,-0.09151850416777305
0.4377152,-0.06330287367919618
0.437736,-0.03958365517074671
0.4377568,-0.0647654665269285
0.4377776,-0.05078425149623349
0.43779840000000003,-0.063042467027044
0.4378192,-0.06462050022335462
0.43784,-0.07034804412089463
0.4378608,-0.06403892811272667
0.43788160000000004,-0.038463461141205746
0.4379024,-0.04695490772911028
0.4379232,-0.04820108726142213
0.437944,-0.0489601873843549
0.43796480000000004,-0.04335862760244165
0.43798560000000003,-0.03728587628013718
0.4380064,-0.03246645733763016
0.4380272,-0.048989070013535176
0.438048,-0.019498765372005067
0.43806880000000004,-0.001495386962245708
0.4380896,0.016242757697986727
0.4381104,-0.05036372151808392
0.4381312,-0.07040862475366835
0.43815200000000004,-0.013954290727963602
0.43817280000000003,-0.036356611137160016
0.4381936,-0.031059684342765903
0.4382144,-0.00791677457834838
0.4382352,0.007917918747524476
0.43825600000000003,-0.025168254855179775
0.4382768,-0.03646396305866011
0.4382976,-0.04831324213222899
0.4383184,-0.022225063284329237
0.43833920000000004,0.023388362067174474
0.43836,0.0040233293139574815
0.4383808,-0.020756510336793266
0.4384016,-0.0001369218334049281
0.4384224,0.005338986107217259
0.43844320000000003,0.033035703876588114
0.438464,0.016526000207262692
0.4384848,-0.010051382510361338
0.4385056,0.02175494200881436
0.43852640000000004,0.011030289915357115
0.4385472,0.007301455734734156
0.438568,0.009959127646327464
0.4385888,0.020696726708088073
0.4386096,0.00013422746992256332
0.43863040000000003,0.006186084784750958
0.4386512,0.016644741477902462
0.438672,0.01946390949192606
0.4386928,0.05724946230243136
0.43871360000000004,0.01957542502868319
0.4387344,0.03636414410298809
0.4387552,0.0032443923126993235
0.438776,0.009769445279441104
0.43879680000000004,0.010938007092002537
0.43881760000000003,0.05006018978029375
0.4388384,0.06270285538982756
0.4388592,0.027214454108303983
0.43888,0.04619482664681042
0.43890080000000004,0.039060797381535214
0.4389216,0.049350043096796165
0.4389424,0.00860415303951536
0.4389632,0.0456933930967403
0.43898400000000004,0.0918436149863151
0.43900480000000003,0.038057767573856253
0.4390256,0.06470858434149601
0.4390464,0.03073878903095102
0.4390672,0.06025918830672694
0.43908800000000003,0.06904661717599636
0.4391088,0.0645422903141296
0.4391296,0.039416192331494
0.4391504,0.08647971783532919
0.43917120000000004,0.032840174420271394
0.439192,0.05049723005848282
0.4392128,0.0765918025149876
0.4392336,0.06471330553682772
0.4392544,0.0517953024491057
0.43927520000000003,0.06309843878152982
0.439296,0.0509238312546894
0.4393168,0.05295225228604597
0.4393376,0.09782703818690036
0.43935840000000004,0.06417807115142246
0.4393792,0.03936232175964597
0.4394,0.06846562192405722
0.4394208,0.1161777559583336
0.43944160000000004,0.05093009490075877
0.43946240000000003,0.06032617394367708
0.4394832,0.060502542974769945
0.439504,0.067042656240872
0.4395248,0.041814626917808705
0.43954560000000004,0.06214612988649413
0.4395664,0.09507379555557166
0.4395872,0.06025392461902089
0.439608,0.07040953711492957
0.43962880000000004,0.060401537295679195
0.43964960000000003,0.08891637702487769
0.4396704,0.07168679712642283
0.4396912,0.0895991775637111
0.439712,0.05897298727089324
0.43973280000000003,0.0827884715450945
0.4397536,0.07958063932056161
0.4397744,0.06251197578992437
0.4397952,0.05760761653048439
0.43981600000000004,0.09107923479577541
0.4398368,0.07746443330310372
0.4398576,0.08254922897409148
0.4398784,0.06971863631543386
0.4398992,0.07301951326403353
0.43992000000000003,0.0672938538238888
0.4399408,0.0804482917209899
0.4399616,0.10377891696544482
0.4399824,0.061669032694957646
0.44000320000000004,0.07941430033295528
0.440024,0.07107974103506062
0.4400448,0.1074859130262567
0.4400656,0.09827934437401654
0.4400864,0.11560160750631192
0.44010720000000003,0.10864085974445996
0.440128,0.0927176068732995
0.4401488,0.10173092350599566
0.4401696,0.10651278001921174
0.44019040000000004,0.079521278368567
0.4402112,0.05043496887032359
0.440232,0.08668079080944216
0.4402528,0.08840038771750781
0.44027360000000004,0.09092340075369267
0.44029440000000003,0.09261899361735859
0.4403152,0.07588484119498079
0.440336,0.08716112227295289
0.4403568,0.10795513417541118
0.44037760000000004,0.08202844832409337
0.4403984,0.08702584671315637
0.4404192,0.09695997078120266
0.44044,0.09364031723708831
0.44046080000000004,0.10971380228275937
0.44048160000000003,0.05971158633165377
0.4405024,0.12345610389835728
0.4405232,0.06873026630899817
0.440544,0.06659399693293981
0.44056480000000003,0.09241213375186905
0.4405856,0.06308729826967382
0.4406064,0.07062192372869665
0.4406272,0.03182173486304824
0.44064800000000004,0.0549658841806835
0.4406688,0.09394575744789498
0.4406896,0.08678890947979964
0.4407104,0.06285808405688557
0.4407312,0.07002420759046622
0.44075200000000003,0.10995744499211405
0.4407728,0.0671703552374761
0.4407936,0.049188891385298625
0.4408144,0.09095694066907198
0.44083520000000004,0.0792065923766029
0.440856,0.03956636369790194
0.4408768,0.07874175160967213
0.4408976,0.08423161904151524
0.44091840000000004,0.04906122226114151
0.44093920000000003,0.0635702803546161
0.44096,0.05610244972789876
0.4409808,0.06571363678285097
0.4410016,0.03722430427762428
0.44102240000000004,0.09131136010487775
0.4410432,0.028347348619947813
0.441064,0.05931210002268849
0.4410848,0.013958225427587852
0.44110560000000004,0.0613907535051557
0.44112640000000003,0.02891562685441155
0.4411472,0.04621977704576459
0.441168,0.061488440993605405
0.4411888,0.004926897395477865
0.44120960000000004,0.04323678248115302
0.4412304,0.01754989529238532
0.4412512,0.03392880012495002
0.441272,0.03062236271339604
0.44129280000000004,0.06468051486519477
0.44131360000000003,0.0475546834273317
0.4413344,0.0369494136373353
0.4413552,0.028841204777526094
0.441376,0.02110559192066961
0.44139680000000003,0.0015777804713952258
0.4414176,-0.006405272410031908
0.4414384,0.027685664386986907
0.4414592,0.0763063950462596
0.44148000000000004,0.008650233530615954
0.4415008,-0.0013956254429201946
0.4415216,0.008257946418095127
0.4415424,0.018235570055268546
0.4415632,0.015166965782965756
0.44158400000000003,0.030975710761240532
0.4416048,0.021146597982810458
0.4416256,0.02376141387025929
0.4416464,-0.004719781084650907
0.44166720000000004,0.009434872785629178
0.441688,-0.005024757404131397
0.4417088,0.0025667416190199932
0.4417296,0.03676136927748769
0.44175040000000004,-0.0013864446658740446
